{"type":"FeatureCollection","features":[{"type":"Feature","geometry":{"type":"Point","coordinates":[12.455147,55.625309]},"properties":{"name":"Avedøre St.","band":0,"modes":"bus","arr":["1A","11","133"],"off":[0,-0.8]}},{"type":"Feature","geometry":{"type":"Point","coordinates":[12.455147,55.625309]},"properties":{"line":"1A","mode":"bus","color":"#0059a9","colorDark":"#00294f","band":0,"off":[-3.4,1.1]}},{"type":"Feature","geometry":{"type":"Point","coordinates":[12.455147,55.625309]},"properties":{"line":"11","mode":"bus","color":"#0059a9","colorDark":"#00294f","band":0,"off":[0,1.1]}},{"type":"Feature","geometry":{"type":"Point","coordinates":[12.455147,55.625309]},"properties":{"line":"133","mode":"bus","color":"#0059a9","colorDark":"#00294f","band":0,"off":[3.4,1.1]}},{"type":"Feature","geometry":{"type":"Point","coordinates":[12.567972,55.730976]},"properties":{"name":"Hellerup St.","band":0,"modes":"bus","arr":["1A","21","171","172","176"],"off":[0,-0.8]}},{"type":"Feature","geometry":{"type":"Point","coordinates":[12.567972,55.730976]},"properties":{"line":"1A","mode":"bus","color":"#0059a9","colorDark":"#00294f","band":0,"off":[-6.8,1.1]}},{"type":"Feature","geometry":{"type":"Point","coordinates":[12.567972,55.730976]},"properties":{"line":"21","mode":"bus","color":"#0059a9","colorDark":"#00294f","band":0,"off":[-3.4,1.1]}},{"type":"Feature","geometry":{"type":"Point","coordinates":[12.567972,55.730976]},"properties":{"line":"171","mode":"bus","color":"#0059a9","colorDark":"#00294f","band":0,"off":[0,1.1]}},{"type":"Feature","geometry":{"type":"Point","coordinates":[12.567972,55.730976]},"properties":{"line":"172","mode":"bus","color":"#0059a9","colorDark":"#00294f","band":0,"off":[3.4,1.1]}},{"type":"Feature","geometry":{"type":"Point","coordinates":[12.567972,55.730976]},"properties":{"line":"176","mode":"bus","color":"#0059a9","colorDark":"#00294f","band":0,"off":[6.8,1.1]}},{"type":"Feature","geometry":{"type":"Point","coordinates":[12.490038,55.721063]},"properties":{"name":"Tingbjerg, Gavlhusvej (Terrasserne)","band":0,"modes":"bus","arr":["2A","131"],"off":[0,-0.8]}},{"type":"Feature","geometry":{"type":"Point","coordinates":[12.490038,55.721063]},"properties":{"line":"2A","mode":"bus","color":"#0059a9","colorDark":"#00294f","band":0,"off":[-1.7,1.1]}},{"type":"Feature","geometry":{"type":"Point","coordinates":[12.490038,55.721063]},"properties":{"line":"131","mode":"bus","color":"#0059a9","colorDark":"#00294f","band":0,"off":[1.7,1.1]}},{"type":"Feature","geometry":{"type":"Point","coordinates":[12.61186,55.689811]},"properties":{"name":"Refshaleøen (Refshalevej)","band":0,"modes":"bus","arr":["2A"],"off":[0,-0.8]}},{"type":"Feature","geometry":{"type":"Point","coordinates":[12.61186,55.689811]},"properties":{"line":"2A","mode":"bus","color":"#0059a9","colorDark":"#00294f","band":0,"off":[0,1.1]}},{"type":"Feature","geometry":{"type":"Point","coordinates":[12.483245,55.62873]},"properties":{"name":"Friheden St.","band":0,"modes":"bus","arr":["4A","132","137","139","200S"],"off":[0,-0.8]}},{"type":"Feature","geometry":{"type":"Point","coordinates":[12.483245,55.62873]},"properties":{"line":"4A","mode":"bus","color":"#0059a9","colorDark":"#00294f","band":0,"off":[-6.8,1.1]}},{"type":"Feature","geometry":{"type":"Point","coordinates":[12.483245,55.62873]},"properties":{"line":"132","mode":"bus","color":"#0059a9","colorDark":"#00294f","band":0,"off":[-3.4,1.1]}},{"type":"Feature","geometry":{"type":"Point","coordinates":[12.483245,55.62873]},"properties":{"line":"137","mode":"bus","color":"#0059a9","colorDark":"#00294f","band":0,"off":[0,1.1]}},{"type":"Feature","geometry":{"type":"Point","coordinates":[12.483245,55.62873]},"properties":{"line":"139","mode":"bus","color":"#0059a9","colorDark":"#00294f","band":0,"off":[3.4,1.1]}},{"type":"Feature","geometry":{"type":"Point","coordinates":[12.483245,55.62873]},"properties":{"line":"200S","mode":"bus","color":"#0059a9","colorDark":"#00294f","band":0,"off":[6.8,1.1]}},{"type":"Feature","geometry":{"type":"Point","coordinates":[12.493817,55.746937]},"properties":{"name":"Buddinge St. (Buddingevej)","band":0,"modes":"bus,metro","arr":["4A","6A","200S","Bx"],"off":[0,-0.8]}},{"type":"Feature","geometry":{"type":"Point","coordinates":[12.493817,55.746937]},"properties":{"name":"Buddinge St.","band":0,"modes":"bus,metro","arr":["4A","6A","200S","Bx"],"off":[0,-3]}},{"type":"Feature","geometry":{"type":"Point","coordinates":[12.493817,55.746937]},"properties":{"line":"4A","mode":"bus","color":"#0059a9","colorDark":"#00294f","band":0,"off":[-5.1,1.1]}},{"type":"Feature","geometry":{"type":"Point","coordinates":[12.493817,55.746937]},"properties":{"line":"6A","mode":"bus","color":"#0059a9","colorDark":"#00294f","band":0,"off":[-1.7,1.1]}},{"type":"Feature","geometry":{"type":"Point","coordinates":[12.493817,55.746937]},"properties":{"line":"200S","mode":"bus","color":"#0059a9","colorDark":"#00294f","band":0,"off":[1.7,1.1]}},{"type":"Feature","geometry":{"type":"Point","coordinates":[12.493817,55.746937]},"properties":{"line":"Bx","mode":"tram","color":"#AECD6B","colorDark":"#60713b","band":0,"metro":1,"off":[5.1,1.1]}},{"type":"Feature","geometry":{"type":"Point","coordinates":[12.446555,55.729956]},"properties":{"name":"Herlev Hospital, Sløjfen (Hyldemorsvej)","band":0,"modes":"bus","arr":["5C"],"off":[0,-0.8]}},{"type":"Feature","geometry":{"type":"Point","coordinates":[12.446555,55.729956]},"properties":{"line":"5C","mode":"bus","color":"#0059a9","colorDark":"#00294f","band":0,"off":[0,1.1]}},{"type":"Feature","geometry":{"type":"Point","coordinates":[12.650256,55.630056]},"properties":{"name":"Københavns Lufthavn St.","band":0,"modes":"bus,metro","arr":["5C","35","36","M2"],"off":[0,-0.8]}},{"type":"Feature","geometry":{"type":"Point","coordinates":[12.650256,55.630056]},"properties":{"name":"Københavns Lufthavn (Ellehammersvej)","band":0,"modes":"bus,metro","arr":["5C","35","36","M2"],"off":[0,-3]}},{"type":"Feature","geometry":{"type":"Point","coordinates":[12.650256,55.630056]},"properties":{"line":"5C","mode":"bus","color":"#0059a9","colorDark":"#00294f","band":0,"off":[-5.1,1.1]}},{"type":"Feature","geometry":{"type":"Point","coordinates":[12.650256,55.630056]},"properties":{"line":"35","mode":"bus","color":"#0059a9","colorDark":"#00294f","band":0,"off":[-1.7,1.1]}},{"type":"Feature","geometry":{"type":"Point","coordinates":[12.650256,55.630056]},"properties":{"line":"36","mode":"bus","color":"#0059a9","colorDark":"#00294f","band":0,"off":[1.7,1.1]}},{"type":"Feature","geometry":{"type":"Point","coordinates":[12.650256,55.630056]},"properties":{"line":"M2","mode":"tram","color":"#FFCC00","colorDark":"#8c7000","band":0,"metro":1,"off":[5.1,1.1]}},{"type":"Feature","geometry":{"type":"Point","coordinates":[12.573388,55.684479]},"properties":{"name":"Nørreport St. (Nørre Voldgade)","band":0,"modes":"bus","arr":["6A","14","15E","150S","184","185","350S"],"off":[0,-0.8]}},{"type":"Feature","geometry":{"type":"Point","coordinates":[12.573388,55.684479]},"properties":{"line":"6A","mode":"bus","color":"#0059a9","colorDark":"#00294f","band":0,"off":[-6.8,1.1]}},{"type":"Feature","geometry":{"type":"Point","coordinates":[12.573388,55.684479]},"properties":{"line":"14","mode":"bus","color":"#0059a9","colorDark":"#00294f","band":0,"off":[-3.4,1.1]}},{"type":"Feature","geometry":{"type":"Point","coordinates":[12.573388,55.684479]},"properties":{"line":"15E","mode":"bus","color":"#0059a9","colorDark":"#00294f","band":0,"off":[0,1.1]}},{"type":"Feature","geometry":{"type":"Point","coordinates":[12.573388,55.684479]},"properties":{"line":"150S","mode":"bus","color":"#0059a9","colorDark":"#00294f","band":0,"off":[3.4,1.1]}},{"type":"Feature","geometry":{"type":"Point","coordinates":[12.573388,55.684479]},"properties":{"line":"184","mode":"bus","color":"#0059a9","colorDark":"#00294f","band":0,"off":[6.8,1.1]}},{"type":"Feature","geometry":{"type":"Point","coordinates":[12.573388,55.684479]},"properties":{"line":"185","mode":"bus","color":"#0059a9","colorDark":"#00294f","band":0,"off":[-1.7,3.1]}},{"type":"Feature","geometry":{"type":"Point","coordinates":[12.573388,55.684479]},"properties":{"line":"350S","mode":"bus","color":"#0059a9","colorDark":"#00294f","band":0,"off":[1.7,3.1]}},{"type":"Feature","geometry":{"type":"Point","coordinates":[12.428013,55.705703]},"properties":{"name":"Rødovre Nord St. (Slotsherrensvej)","band":0,"modes":"bus","arr":["7A","55E","130","300S","848"],"off":[0,-0.8]}},{"type":"Feature","geometry":{"type":"Point","coordinates":[12.428013,55.705703]},"properties":{"line":"7A","mode":"bus","color":"#0059a9","colorDark":"#00294f","band":0,"off":[-6.8,1.1]}},{"type":"Feature","geometry":{"type":"Point","coordinates":[12.428013,55.705703]},"properties":{"line":"55E","mode":"bus","color":"#0059a9","colorDark":"#00294f","band":0,"off":[-3.4,1.1]}},{"type":"Feature","geometry":{"type":"Point","coordinates":[12.428013,55.705703]},"properties":{"line":"130","mode":"bus","color":"#0059a9","colorDark":"#00294f","band":0,"off":[0,1.1]}},{"type":"Feature","geometry":{"type":"Point","coordinates":[12.428013,55.705703]},"properties":{"line":"300S","mode":"bus","color":"#0059a9","colorDark":"#00294f","band":0,"off":[3.4,1.1]}},{"type":"Feature","geometry":{"type":"Point","coordinates":[12.428013,55.705703]},"properties":{"line":"848","mode":"bus","color":"#0059a9","colorDark":"#00294f","band":0,"off":[6.8,1.1]}},{"type":"Feature","geometry":{"type":"Point","coordinates":[12.565003,55.67503]},"properties":{"name":"Vesterport St. (Vester Farimagsgade)","band":0,"modes":"bus","arr":["7A","11","17","33","37"],"off":[0,-0.8]}},{"type":"Feature","geometry":{"type":"Point","coordinates":[12.565003,55.67503]},"properties":{"name":"Rådhuspladsen St. (H.C. Andersens Boulevard)","band":0,"modes":"bus","arr":["7A","11","17","33","37"],"off":[0,-3]}},{"type":"Feature","geometry":{"type":"Point","coordinates":[12.565003,55.67503]},"properties":{"name":"Hovedbanegården, Frihedsstøtten (Vesterbrogade)","band":0,"modes":"bus","arr":["7A","11","17","33","37"],"off":[0,-6.3]}},{"type":"Feature","geometry":{"type":"Point","coordinates":[12.565003,55.67503]},"properties":{"line":"7A","mode":"bus","color":"#0059a9","colorDark":"#00294f","band":0,"off":[-6.8,1.1]}},{"type":"Feature","geometry":{"type":"Point","coordinates":[12.565003,55.67503]},"properties":{"line":"11","mode":"bus","color":"#0059a9","colorDark":"#00294f","band":0,"off":[-3.4,1.1]}},{"type":"Feature","geometry":{"type":"Point","coordinates":[12.565003,55.67503]},"properties":{"line":"17","mode":"bus","color":"#0059a9","colorDark":"#00294f","band":0,"off":[0,1.1]}},{"type":"Feature","geometry":{"type":"Point","coordinates":[12.565003,55.67503]},"properties":{"line":"33","mode":"bus","color":"#0059a9","colorDark":"#00294f","band":0,"off":[3.4,1.1]}},{"type":"Feature","geometry":{"type":"Point","coordinates":[12.565003,55.67503]},"properties":{"line":"37","mode":"bus","color":"#0059a9","colorDark":"#00294f","band":0,"off":[6.8,1.1]}},{"type":"Feature","geometry":{"type":"Point","coordinates":[12.616963,55.661194]},"properties":{"name":"Lergravsparken St., Sløjfen (Østrigsgade)","band":0,"modes":"bus","arr":["8A"],"off":[0,-0.8]}},{"type":"Feature","geometry":{"type":"Point","coordinates":[12.616963,55.661194]},"properties":{"line":"8A","mode":"bus","color":"#0059a9","colorDark":"#00294f","band":0,"off":[0,1.1]}},{"type":"Feature","geometry":{"type":"Point","coordinates":[12.586892,55.641504]},"properties":{"name":"Digevej (Vejlands Allé)","band":0,"modes":"bus","arr":["77"],"off":[0,-0.8]}},{"type":"Feature","geometry":{"type":"Point","coordinates":[12.586892,55.641504]},"properties":{"line":"77","mode":"bus","color":"#0059a9","colorDark":"#00294f","band":0,"off":[0,1.1]}},{"type":"Feature","geometry":{"type":"Point","coordinates":[12.581535,55.638468]},"properties":{"name":"Bella Center St. (Martha Christensens Vej)","band":0,"modes":"bus","arr":["34","68"],"off":[0,-0.8]}},{"type":"Feature","geometry":{"type":"Point","coordinates":[12.581535,55.638468]},"properties":{"line":"34","mode":"bus","color":"#0059a9","colorDark":"#00294f","band":0,"off":[-1.7,1.1]}},{"type":"Feature","geometry":{"type":"Point","coordinates":[12.581535,55.638468]},"properties":{"line":"68","mode":"bus","color":"#0059a9","colorDark":"#00294f","band":0,"off":[1.7,1.1]}},{"type":"Feature","geometry":{"type":"Point","coordinates":[12.513541,55.663359]},"properties":{"name":"Valby St., Lyshøjgårdsvej (Lyshøjgårdsvej)","band":0,"modes":"bus","arr":["8A","18","23","133"],"off":[0,-0.8]}},{"type":"Feature","geometry":{"type":"Point","coordinates":[12.513541,55.663359]},"properties":{"line":"8A","mode":"bus","color":"#0059a9","colorDark":"#00294f","band":0,"off":[-5.1,1.1]}},{"type":"Feature","geometry":{"type":"Point","coordinates":[12.513541,55.663359]},"properties":{"line":"18","mode":"bus","color":"#0059a9","colorDark":"#00294f","band":0,"off":[-1.7,1.1]}},{"type":"Feature","geometry":{"type":"Point","coordinates":[12.513541,55.663359]},"properties":{"line":"23","mode":"bus","color":"#0059a9","colorDark":"#00294f","band":0,"off":[1.7,1.1]}},{"type":"Feature","geometry":{"type":"Point","coordinates":[12.513541,55.663359]},"properties":{"line":"133","mode":"bus","color":"#0059a9","colorDark":"#00294f","band":0,"off":[5.1,1.1]}},{"type":"Feature","geometry":{"type":"Point","coordinates":[12.499897,55.640334]},"properties":{"name":"Åmarken St., ved broen (Åmarkvej)","band":0,"modes":"bus","arr":["10"],"off":[0,-0.8]}},{"type":"Feature","geometry":{"type":"Point","coordinates":[12.499897,55.640334]},"properties":{"line":"10","mode":"bus","color":"#0059a9","colorDark":"#00294f","band":0,"off":[0,1.1]}},{"type":"Feature","geometry":{"type":"Point","coordinates":[12.499139,55.703727]},"properties":{"name":"Brønshøj Torv (Krabbesholmvej)","band":0,"modes":"bus","arr":["10"],"off":[0,-0.8]}},{"type":"Feature","geometry":{"type":"Point","coordinates":[12.499139,55.703727]},"properties":{"line":"10","mode":"bus","color":"#0059a9","colorDark":"#00294f","band":0,"off":[0,1.1]}},{"type":"Feature","geometry":{"type":"Point","coordinates":[12.577909,55.714761]},"properties":{"name":"Svanemøllen St., Sløjfen (Svanemøllen St.)","band":0,"modes":"bus","arr":["12"],"off":[0,-0.8]}},{"type":"Feature","geometry":{"type":"Point","coordinates":[12.577909,55.714761]},"properties":{"name":"Svanemøllen St.","band":0,"modes":"bus","arr":["12"],"off":[0,-4.1]}},{"type":"Feature","geometry":{"type":"Point","coordinates":[12.577909,55.714761]},"properties":{"line":"12","mode":"bus","color":"#0059a9","colorDark":"#00294f","band":0,"off":[0,1.1]}},{"type":"Feature","geometry":{"type":"Point","coordinates":[12.446408,55.709762]},"properties":{"name":"Islev, Viemosevej (Viemosevej)","band":0,"modes":"bus","arr":["12"],"off":[0,-0.8]}},{"type":"Feature","geometry":{"type":"Point","coordinates":[12.446408,55.709762]},"properties":{"line":"12","mode":"bus","color":"#0059a9","colorDark":"#00294f","band":0,"off":[0,1.1]}},{"type":"Feature","geometry":{"type":"Point","coordinates":[12.563375,55.721952]},"properties":{"name":"Ryparken (Rymarksvej)","band":0,"modes":"bus","arr":["14"],"off":[0,-0.8]}},{"type":"Feature","geometry":{"type":"Point","coordinates":[12.563375,55.721952]},"properties":{"line":"14","mode":"bus","color":"#0059a9","colorDark":"#00294f","band":0,"off":[0,1.1]}},{"type":"Feature","geometry":{"type":"Point","coordinates":[12.528913,55.787518]},"properties":{"name":"Rævehøjvej, DTU (Helsingørmotorvejen)","band":0,"modes":"bus","arr":["15E"],"off":[0,-0.8]}},{"type":"Feature","geometry":{"type":"Point","coordinates":[12.528913,55.787518]},"properties":{"line":"15E","mode":"bus","color":"#0059a9","colorDark":"#00294f","band":0,"off":[0,1.1]}},{"type":"Feature","geometry":{"type":"Point","coordinates":[12.516928,55.652526]},"properties":{"name":"København Syd St. (Carl Jacobsens Vej)","band":0,"modes":"bus,metro","arr":["17","87","F","M4"],"off":[0,-0.8]}},{"type":"Feature","geometry":{"type":"Point","coordinates":[12.516928,55.652526]},"properties":{"name":"København Syd St.","band":0,"modes":"bus,metro","arr":["17","87","F","M4"],"off":[0,-4.1]}},{"type":"Feature","geometry":{"type":"Point","coordinates":[12.516928,55.652526]},"properties":{"line":"17","mode":"bus","color":"#0059a9","colorDark":"#00294f","band":0,"off":[-5.1,1.1]}},{"type":"Feature","geometry":{"type":"Point","coordinates":[12.516928,55.652526]},"properties":{"line":"87","mode":"bus","color":"#0059a9","colorDark":"#00294f","band":0,"off":[-1.7,1.1]}},{"type":"Feature","geometry":{"type":"Point","coordinates":[12.516928,55.652526]},"properties":{"line":"F","mode":"tram","color":"#FCC300","colorDark":"#8b6b00","band":0,"metro":1,"off":[1.7,1.1]}},{"type":"Feature","geometry":{"type":"Point","coordinates":[12.516928,55.652526]},"properties":{"line":"M4","mode":"tram","color":"#009CD3","colorDark":"#005674","band":0,"metro":1,"off":[5.1,1.1]}},{"type":"Feature","geometry":{"type":"Point","coordinates":[12.529793,55.72284]},"properties":{"name":"Emdrup Torv (Emdrupvej)","band":0,"modes":"bus","arr":["18","176"],"off":[0,-0.8]}},{"type":"Feature","geometry":{"type":"Point","coordinates":[12.529793,55.72284]},"properties":{"line":"18","mode":"bus","color":"#0059a9","colorDark":"#00294f","band":0,"off":[-1.7,1.1]}},{"type":"Feature","geometry":{"type":"Point","coordinates":[12.529793,55.72284]},"properties":{"line":"176","mode":"bus","color":"#0059a9","colorDark":"#00294f","band":0,"off":[1.7,1.1]}},{"type":"Feature","geometry":{"type":"Point","coordinates":[12.398099,55.662761]},"properties":{"name":"Glostrup St., Glosemosevej (Glosemosevej)","band":0,"modes":"bus","arr":["19","22","149","847"],"off":[0,-0.8]}},{"type":"Feature","geometry":{"type":"Point","coordinates":[12.398099,55.662761]},"properties":{"name":"Glostrup St. (Banegårdspladsen)","band":0,"modes":"bus","arr":["19","22","149","847"],"off":[0,-4.1]}},{"type":"Feature","geometry":{"type":"Point","coordinates":[12.398099,55.662761]},"properties":{"name":"Glostrup St.","band":0,"modes":"bus","arr":["19","22","149","847"],"off":[0,-6.3]}},{"type":"Feature","geometry":{"type":"Point","coordinates":[12.398099,55.662761]},"properties":{"line":"19","mode":"bus","color":"#0059a9","colorDark":"#00294f","band":0,"off":[-5.1,1.1]}},{"type":"Feature","geometry":{"type":"Point","coordinates":[12.398099,55.662761]},"properties":{"line":"22","mode":"bus","color":"#0059a9","colorDark":"#00294f","band":0,"off":[-1.7,1.1]}},{"type":"Feature","geometry":{"type":"Point","coordinates":[12.398099,55.662761]},"properties":{"line":"149","mode":"bus","color":"#0059a9","colorDark":"#00294f","band":0,"off":[1.7,1.1]}},{"type":"Feature","geometry":{"type":"Point","coordinates":[12.398099,55.662761]},"properties":{"line":"847","mode":"bus","color":"#0059a9","colorDark":"#00294f","band":0,"off":[5.1,1.1]}},{"type":"Feature","geometry":{"type":"Point","coordinates":[12.524058,55.646132]},"properties":{"name":"Kgs. Enghave, Valbyparken (Hammelstrupvej)","band":0,"modes":"bus","arr":["19"],"off":[0,-0.8]}},{"type":"Feature","geometry":{"type":"Point","coordinates":[12.524058,55.646132]},"properties":{"line":"19","mode":"bus","color":"#0059a9","colorDark":"#00294f","band":0,"off":[0,1.1]}},{"type":"Feature","geometry":{"type":"Point","coordinates":[12.459525,55.6651]},"properties":{"name":"Rødovre St.","band":0,"modes":"bus","arr":["21","131","848"],"off":[0,-0.8]}},{"type":"Feature","geometry":{"type":"Point","coordinates":[12.459525,55.6651]},"properties":{"line":"21","mode":"bus","color":"#0059a9","colorDark":"#00294f","band":0,"off":[-3.4,1.1]}},{"type":"Feature","geometry":{"type":"Point","coordinates":[12.459525,55.6651]},"properties":{"line":"131","mode":"bus","color":"#0059a9","colorDark":"#00294f","band":0,"off":[0,1.1]}},{"type":"Feature","geometry":{"type":"Point","coordinates":[12.459525,55.6651]},"properties":{"line":"848","mode":"bus","color":"#0059a9","colorDark":"#00294f","band":0,"off":[3.4,1.1]}},{"type":"Feature","geometry":{"type":"Point","coordinates":[12.471547,55.711991]},"properties":{"name":"Husum Torv","band":0,"modes":"bus","arr":["22"],"off":[0,-0.8]}},{"type":"Feature","geometry":{"type":"Point","coordinates":[12.471547,55.711991]},"properties":{"line":"22","mode":"bus","color":"#0059a9","colorDark":"#00294f","band":0,"off":[0,1.1]}},{"type":"Feature","geometry":{"type":"Point","coordinates":[12.587646,55.77727]},"properties":{"name":"Klampenborg St. (Dyrehavevej)","band":0,"modes":"bus,metro","arr":["23","185","C","F"],"off":[0,-0.8]}},{"type":"Feature","geometry":{"type":"Point","coordinates":[12.587646,55.77727]},"properties":{"name":"Klampenborg St.","band":0,"modes":"bus,metro","arr":["23","185","C","F"],"off":[0,-3]}},{"type":"Feature","geometry":{"type":"Point","coordinates":[12.587646,55.77727]},"properties":{"line":"23","mode":"bus","color":"#0059a9","colorDark":"#00294f","band":0,"off":[-5.1,1.1]}},{"type":"Feature","geometry":{"type":"Point","coordinates":[12.587646,55.77727]},"properties":{"line":"185","mode":"bus","color":"#0059a9","colorDark":"#00294f","band":0,"off":[-1.7,1.1]}},{"type":"Feature","geometry":{"type":"Point","coordinates":[12.587646,55.77727]},"properties":{"line":"C","mode":"tram","color":"#F29400","colorDark":"#855100","band":0,"metro":1,"off":[1.7,1.1]}},{"type":"Feature","geometry":{"type":"Point","coordinates":[12.587646,55.77727]},"properties":{"line":"F","mode":"tram","color":"#FCC300","colorDark":"#8b6b00","band":0,"metro":1,"off":[5.1,1.1]}},{"type":"Feature","geometry":{"type":"Point","coordinates":[12.588633,55.74965]},"properties":{"name":"Charlottenlund Fort (Strandvejen)","band":0,"modes":"bus","arr":["192"],"off":[0,-0.8]}},{"type":"Feature","geometry":{"type":"Point","coordinates":[12.588633,55.74965]},"properties":{"line":"192","mode":"bus","color":"#0059a9","colorDark":"#00294f","band":0,"off":[0,1.1]}},{"type":"Feature","geometry":{"type":"Point","coordinates":[12.58728,55.692355]},"properties":{"name":"Østerport St. (Oslo Plads)","band":0,"modes":"bus,metro","arr":["27","H"],"off":[0,-0.8]}},{"type":"Feature","geometry":{"type":"Point","coordinates":[12.58728,55.692355]},"properties":{"name":"Østerport St.","band":0,"modes":"bus,metro","arr":["27","H"],"off":[0,-3]}},{"type":"Feature","geometry":{"type":"Point","coordinates":[12.58728,55.692355]},"properties":{"line":"27","mode":"bus","color":"#0059a9","colorDark":"#00294f","band":0,"off":[-1.7,1.1]}},{"type":"Feature","geometry":{"type":"Point","coordinates":[12.58728,55.692355]},"properties":{"line":"H","mode":"tram","color":"#E64215","colorDark":"#7f240c","band":0,"metro":1,"off":[1.7,1.1]}},{"type":"Feature","geometry":{"type":"Point","coordinates":[12.595645,55.712251]},"properties":{"name":"Orientkaj St. (Stubbeløbgade)","band":0,"modes":"bus,metro","arr":["25","M4"],"off":[0,-0.8]}},{"type":"Feature","geometry":{"type":"Point","coordinates":[12.595645,55.712251]},"properties":{"name":"Orientkaj St.","band":0,"modes":"bus,metro","arr":["25","M4"],"off":[0,-3]}},{"type":"Feature","geometry":{"type":"Point","coordinates":[12.595645,55.712251]},"properties":{"line":"25","mode":"bus","color":"#0059a9","colorDark":"#00294f","band":0,"off":[-1.7,1.1]}},{"type":"Feature","geometry":{"type":"Point","coordinates":[12.595645,55.712251]},"properties":{"line":"M4","mode":"tram","color":"#009CD3","colorDark":"#005674","band":0,"metro":1,"off":[1.7,1.1]}},{"type":"Feature","geometry":{"type":"Point","coordinates":[12.618023,55.714376]},"properties":{"name":"Oceankaj","band":0,"modes":"bus","arr":["164"],"off":[0,-0.8]}},{"type":"Feature","geometry":{"type":"Point","coordinates":[12.618023,55.714376]},"properties":{"line":"164","mode":"bus","color":"#0059a9","colorDark":"#00294f","band":0,"off":[0,1.1]}},{"type":"Feature","geometry":{"type":"Point","coordinates":[12.628574,55.717863]},"properties":{"name":"Oceankaj, Terminal (Oceankaj)","band":0,"modes":"bus","arr":["25"],"off":[0,-0.8]}},{"type":"Feature","geometry":{"type":"Point","coordinates":[12.628574,55.717863]},"properties":{"line":"25","mode":"bus","color":"#0059a9","colorDark":"#00294f","band":0,"off":[0,1.1]}},{"type":"Feature","geometry":{"type":"Point","coordinates":[12.516493,55.706045]},"properties":{"name":"Bellahøj (Frederikssundsvej)","band":0,"modes":"bus","arr":["26"],"off":[0,-0.8]}},{"type":"Feature","geometry":{"type":"Point","coordinates":[12.516493,55.706045]},"properties":{"line":"26","mode":"bus","color":"#0059a9","colorDark":"#00294f","band":0,"off":[0,1.1]}},{"type":"Feature","geometry":{"type":"Point","coordinates":[12.593993,55.681006]},"properties":{"name":"Sankt Annæ Plads, Skuespilhuset (Sankt Annæ Plads)","band":0,"modes":"bus","arr":["26"],"off":[0,-0.8]}},{"type":"Feature","geometry":{"type":"Point","coordinates":[12.593993,55.681006]},"properties":{"line":"26","mode":"bus","color":"#0059a9","colorDark":"#00294f","band":0,"off":[0,1.1]}},{"type":"Feature","geometry":{"type":"Point","coordinates":[12.59426,55.700977]},"properties":{"name":"Færgeterminal Søndre Frihavn (Dampfærgevej)","band":0,"modes":"bus","arr":["27"],"off":[0,-0.8]}},{"type":"Feature","geometry":{"type":"Point","coordinates":[12.59426,55.700977]},"properties":{"line":"27","mode":"bus","color":"#0059a9","colorDark":"#00294f","band":0,"off":[0,1.1]}},{"type":"Feature","geometry":{"type":"Point","coordinates":[12.480676,55.69154]},"properties":{"name":"Ålekistevej, Sløjfen","band":0,"modes":"bus","arr":["31"],"off":[0,-0.8]}},{"type":"Feature","geometry":{"type":"Point","coordinates":[12.480676,55.69154]},"properties":{"line":"31","mode":"bus","color":"#0059a9","colorDark":"#00294f","band":0,"off":[0,1.1]}},{"type":"Feature","geometry":{"type":"Point","coordinates":[12.646491,55.635791]},"properties":{"name":"Kastrup St. (Ved Stationen)","band":0,"modes":"bus","arr":["31","32"],"off":[0,-0.8]}},{"type":"Feature","geometry":{"type":"Point","coordinates":[12.646491,55.635791]},"properties":{"line":"31","mode":"bus","color":"#0059a9","colorDark":"#00294f","band":0,"off":[-1.7,1.1]}},{"type":"Feature","geometry":{"type":"Point","coordinates":[12.646491,55.635791]},"properties":{"line":"32","mode":"bus","color":"#0059a9","colorDark":"#00294f","band":0,"off":[1.7,1.1]}},{"type":"Feature","geometry":{"type":"Point","coordinates":[12.580195,55.629355]},"properties":{"name":"Ørestad St., Kay Fiskers Plads (Kay Fiskers Plads)","band":0,"modes":"bus","arr":["32","500S"],"off":[0,-0.8]}},{"type":"Feature","geometry":{"type":"Point","coordinates":[12.580195,55.629355]},"properties":{"name":"Ørestad St. (Ørestads Boulevard)","band":0,"modes":"bus","arr":["32","500S"],"off":[0,-4.1]}},{"type":"Feature","geometry":{"type":"Point","coordinates":[12.580195,55.629355]},"properties":{"line":"32","mode":"bus","color":"#0059a9","colorDark":"#00294f","band":0,"off":[-1.7,1.1]}},{"type":"Feature","geometry":{"type":"Point","coordinates":[12.580195,55.629355]},"properties":{"line":"500S","mode":"bus","color":"#0059a9","colorDark":"#00294f","band":0,"off":[1.7,1.1]}},{"type":"Feature","geometry":{"type":"Point","coordinates":[12.669266,55.595279]},"properties":{"name":"Dragør Stationsplads","band":0,"modes":"bus","arr":["33","250S"],"off":[0,-0.8]}},{"type":"Feature","geometry":{"type":"Point","coordinates":[12.669266,55.595279]},"properties":{"line":"33","mode":"bus","color":"#0059a9","colorDark":"#00294f","band":0,"off":[-1.7,1.1]}},{"type":"Feature","geometry":{"type":"Point","coordinates":[12.669266,55.595279]},"properties":{"line":"250S","mode":"bus","color":"#0059a9","colorDark":"#00294f","band":0,"off":[1.7,1.1]}},{"type":"Feature","geometry":{"type":"Point","coordinates":[12.581666,55.591536]},"properties":{"name":"Nøragersmindevej (Kongelundsvej)","band":0,"modes":"bus","arr":["34","36"],"off":[0,-0.8]}},{"type":"Feature","geometry":{"type":"Point","coordinates":[12.581666,55.591536]},"properties":{"line":"34","mode":"bus","color":"#0059a9","colorDark":"#00294f","band":0,"off":[-1.7,1.1]}},{"type":"Feature","geometry":{"type":"Point","coordinates":[12.581666,55.591536]},"properties":{"line":"36","mode":"bus","color":"#0059a9","colorDark":"#00294f","band":0,"off":[1.7,1.1]}},{"type":"Feature","geometry":{"type":"Point","coordinates":[12.613487,55.646288]},"properties":{"name":"Sundbyvester Plads","band":0,"modes":"bus","arr":["35","77"],"off":[0,-0.8]}},{"type":"Feature","geometry":{"type":"Point","coordinates":[12.613487,55.646288]},"properties":{"line":"35","mode":"bus","color":"#0059a9","colorDark":"#00294f","band":0,"off":[-1.7,1.1]}},{"type":"Feature","geometry":{"type":"Point","coordinates":[12.613487,55.646288]},"properties":{"line":"77","mode":"bus","color":"#0059a9","colorDark":"#00294f","band":0,"off":[1.7,1.1]}},{"type":"Feature","geometry":{"type":"Point","coordinates":[12.623491,55.687024]},"properties":{"name":"Amagerværket, Vindmøllevej (Vindmøllevej)","band":0,"modes":"bus","arr":["37"],"off":[0,-0.8]}},{"type":"Feature","geometry":{"type":"Point","coordinates":[12.623491,55.687024]},"properties":{"line":"37","mode":"bus","color":"#0059a9","colorDark":"#00294f","band":0,"off":[0,1.1]}},{"type":"Feature","geometry":{"type":"Point","coordinates":[12.571031,55.823152]},"properties":{"name":"Skodsborg St. (Bøllemosevej)","band":0,"modes":"bus","arr":["40E","191"],"off":[0,-0.8]}},{"type":"Feature","geometry":{"type":"Point","coordinates":[12.571031,55.823152]},"properties":{"line":"40E","mode":"bus","color":"#0059a9","colorDark":"#00294f","band":0,"off":[-1.7,1.1]}},{"type":"Feature","geometry":{"type":"Point","coordinates":[12.571031,55.823152]},"properties":{"line":"191","mode":"bus","color":"#0059a9","colorDark":"#00294f","band":0,"off":[1.7,1.1]}},{"type":"Feature","geometry":{"type":"Point","coordinates":[12.269521,55.649046]},"properties":{"name":"Høje Taastrup St.","band":0,"modes":"bus,metro","arr":["40E","B","Bx"],"off":[0,-0.8]}},{"type":"Feature","geometry":{"type":"Point","coordinates":[12.269521,55.649046]},"properties":{"line":"40E","mode":"bus","color":"#0059a9","colorDark":"#00294f","band":0,"off":[-3.4,1.1]}},{"type":"Feature","geometry":{"type":"Point","coordinates":[12.269521,55.649046]},"properties":{"line":"B","mode":"tram","color":"#55AB26","colorDark":"#2f5e15","band":0,"metro":1,"off":[0,1.1]}},{"type":"Feature","geometry":{"type":"Point","coordinates":[12.269521,55.649046]},"properties":{"line":"Bx","mode":"tram","color":"#AECD6B","colorDark":"#60713b","band":0,"metro":1,"off":[3.4,1.1]}},{"type":"Feature","geometry":{"type":"Point","coordinates":[12.355964,55.871225]},"properties":{"name":"Allerød St. (Allerød Stationsvej)","band":0,"modes":"bus","arr":["55E","385"],"off":[0,-0.8]}},{"type":"Feature","geometry":{"type":"Point","coordinates":[12.355964,55.871225]},"properties":{"name":"Allerød St.","band":0,"modes":"bus","arr":["55E","385"],"off":[0,-3]}},{"type":"Feature","geometry":{"type":"Point","coordinates":[12.355964,55.871225]},"properties":{"line":"55E","mode":"bus","color":"#0059a9","colorDark":"#00294f","band":0,"off":[-1.7,1.1]}},{"type":"Feature","geometry":{"type":"Point","coordinates":[12.355964,55.871225]},"properties":{"line":"385","mode":"bus","color":"#0059a9","colorDark":"#00294f","band":0,"off":[1.7,1.1]}},{"type":"Feature","geometry":{"type":"Point","coordinates":[12.504446,55.768385]},"properties":{"name":"Lyngby St. (Jernbanepladsen)","band":0,"modes":"bus","arr":["68","179","182","183","191","192","193","194","400S","910"],"off":[0,-0.8]}},{"type":"Feature","geometry":{"type":"Point","coordinates":[12.504446,55.768385]},"properties":{"name":"Lyngby St. (Gammel Jernbanevej)","band":0,"modes":"bus","arr":["68","179","182","183","191","192","193","194","400S","910"],"off":[0,-3]}},{"type":"Feature","geometry":{"type":"Point","coordinates":[12.504446,55.768385]},"properties":{"name":"Lyngby St.","band":0,"modes":"bus","arr":["68","179","182","183","191","192","193","194","400S","910"],"off":[0,-5.2]}},{"type":"Feature","geometry":{"type":"Point","coordinates":[12.504446,55.768385]},"properties":{"line":"68","mode":"bus","color":"#0059a9","colorDark":"#00294f","band":0,"off":[-6.8,1.1]}},{"type":"Feature","geometry":{"type":"Point","coordinates":[12.504446,55.768385]},"properties":{"line":"179","mode":"bus","color":"#0059a9","colorDark":"#00294f","band":0,"off":[-3.4,1.1]}},{"type":"Feature","geometry":{"type":"Point","coordinates":[12.504446,55.768385]},"properties":{"line":"182","mode":"bus","color":"#0059a9","colorDark":"#00294f","band":0,"off":[0,1.1]}},{"type":"Feature","geometry":{"type":"Point","coordinates":[12.504446,55.768385]},"properties":{"line":"183","mode":"bus","color":"#0059a9","colorDark":"#00294f","band":0,"off":[3.4,1.1]}},{"type":"Feature","geometry":{"type":"Point","coordinates":[12.504446,55.768385]},"properties":{"line":"191","mode":"bus","color":"#0059a9","colorDark":"#00294f","band":0,"off":[6.8,1.1]}},{"type":"Feature","geometry":{"type":"Point","coordinates":[12.504446,55.768385]},"properties":{"line":"192","mode":"bus","color":"#0059a9","colorDark":"#00294f","band":0,"off":[-6.8,3.1]}},{"type":"Feature","geometry":{"type":"Point","coordinates":[12.504446,55.768385]},"properties":{"line":"193","mode":"bus","color":"#0059a9","colorDark":"#00294f","band":0,"off":[-3.4,3.1]}},{"type":"Feature","geometry":{"type":"Point","coordinates":[12.504446,55.768385]},"properties":{"line":"194","mode":"bus","color":"#0059a9","colorDark":"#00294f","band":0,"off":[0,3.1]}},{"type":"Feature","geometry":{"type":"Point","coordinates":[12.504446,55.768385]},"properties":{"line":"400S","mode":"bus","color":"#0059a9","colorDark":"#00294f","band":0,"off":[3.4,3.1]}},{"type":"Feature","geometry":{"type":"Point","coordinates":[12.504446,55.768385]},"properties":{"line":"910","mode":"bus","color":"#0059a9","colorDark":"#00294f","band":0,"off":[6.8,3.1]}},{"type":"Feature","geometry":{"type":"Point","coordinates":[12.530809,55.678709]},"properties":{"name":"Frederiksberg Rådhus (Smallegade)","band":0,"modes":"bus","arr":["71","72","74"],"off":[0,-0.8]}},{"type":"Feature","geometry":{"type":"Point","coordinates":[12.530809,55.678709]},"properties":{"line":"71","mode":"bus","color":"#0059a9","colorDark":"#00294f","band":0,"off":[-3.4,1.1]}},{"type":"Feature","geometry":{"type":"Point","coordinates":[12.530809,55.678709]},"properties":{"line":"72","mode":"bus","color":"#0059a9","colorDark":"#00294f","band":0,"off":[0,1.1]}},{"type":"Feature","geometry":{"type":"Point","coordinates":[12.530809,55.678709]},"properties":{"line":"74","mode":"bus","color":"#0059a9","colorDark":"#00294f","band":0,"off":[3.4,1.1]}},{"type":"Feature","geometry":{"type":"Point","coordinates":[12.636012,55.64553]},"properties":{"name":"Femøren St. (Engvej)","band":0,"modes":"bus","arr":["78"],"off":[0,-0.8]}},{"type":"Feature","geometry":{"type":"Point","coordinates":[12.636012,55.64553]},"properties":{"line":"78","mode":"bus","color":"#0059a9","colorDark":"#00294f","band":0,"off":[0,1.1]}},{"type":"Feature","geometry":{"type":"Point","coordinates":[12.588101,55.655647]},"properties":{"name":"DR Byen St. (Grønjordsvej)","band":0,"modes":"bus","arr":["78"],"off":[0,-0.8]}},{"type":"Feature","geometry":{"type":"Point","coordinates":[12.588101,55.655647]},"properties":{"line":"78","mode":"bus","color":"#0059a9","colorDark":"#00294f","band":0,"off":[0,1.1]}},{"type":"Feature","geometry":{"type":"Point","coordinates":[12.218871,55.533464]},"properties":{"name":"Solrød Strand St.","band":0,"modes":"bus","arr":["87"],"off":[0,-0.8]}},{"type":"Feature","geometry":{"type":"Point","coordinates":[12.218871,55.533464]},"properties":{"line":"87","mode":"bus","color":"#0059a9","colorDark":"#00294f","band":0,"off":[0,1.1]}},{"type":"Feature","geometry":{"type":"Point","coordinates":[12.388707,55.623078]},"properties":{"name":"Vallensbæk St.","band":0,"modes":"bus","arr":["130","143","144"],"off":[0,-0.8]}},{"type":"Feature","geometry":{"type":"Point","coordinates":[12.388707,55.623078]},"properties":{"line":"130","mode":"bus","color":"#0059a9","colorDark":"#00294f","band":0,"off":[-3.4,1.1]}},{"type":"Feature","geometry":{"type":"Point","coordinates":[12.388707,55.623078]},"properties":{"line":"143","mode":"bus","color":"#0059a9","colorDark":"#00294f","band":0,"off":[0,1.1]}},{"type":"Feature","geometry":{"type":"Point","coordinates":[12.388707,55.623078]},"properties":{"line":"144","mode":"bus","color":"#0059a9","colorDark":"#00294f","band":0,"off":[3.4,1.1]}},{"type":"Feature","geometry":{"type":"Point","coordinates":[12.457482,55.680344]},"properties":{"name":"Rødovre Centrum (Rødovre Parkvej)","band":0,"modes":"bus","arr":["132"],"off":[0,-0.8]}},{"type":"Feature","geometry":{"type":"Point","coordinates":[12.457482,55.680344]},"properties":{"line":"132","mode":"bus","color":"#0059a9","colorDark":"#00294f","band":0,"off":[0,1.1]}},{"type":"Feature","geometry":{"type":"Point","coordinates":[12.422327,55.62058]},"properties":{"name":"Brøndby Strand St. (Strandskolevej)","band":0,"modes":"bus","arr":["135"],"off":[0,-0.8]}},{"type":"Feature","geometry":{"type":"Point","coordinates":[12.422327,55.62058]},"properties":{"line":"135","mode":"bus","color":"#0059a9","colorDark":"#00294f","band":0,"off":[0,1.1]}},{"type":"Feature","geometry":{"type":"Point","coordinates":[12.39757,55.643658]},"properties":{"name":"Brøndbyvester St. (Vallensbækvej)","band":0,"modes":"bus","arr":["135"],"off":[0,-0.8]}},{"type":"Feature","geometry":{"type":"Point","coordinates":[12.39757,55.643658]},"properties":{"line":"135","mode":"bus","color":"#0059a9","colorDark":"#00294f","band":0,"off":[0,1.1]}},{"type":"Feature","geometry":{"type":"Point","coordinates":[12.468619,55.614408]},"properties":{"name":"Avedøreholmen (Stamholmen)","band":0,"modes":"bus","arr":["200S"],"off":[0,-0.8]}},{"type":"Feature","geometry":{"type":"Point","coordinates":[12.468619,55.614408]},"properties":{"line":"200S","mode":"bus","color":"#0059a9","colorDark":"#00294f","band":0,"off":[0,1.1]}},{"type":"Feature","geometry":{"type":"Point","coordinates":[12.414959,55.697212]},"properties":{"name":"Glostrup, Ejby St. (Ejby Industrivej)","band":0,"modes":"bus","arr":["141","166"],"off":[0,-0.8]}},{"type":"Feature","geometry":{"type":"Point","coordinates":[12.414959,55.697212]},"properties":{"name":"Glostrup Ejby St. (Ejby Industrivej)","band":0,"modes":"bus","arr":["141","166"],"off":[0,-4.1]}},{"type":"Feature","geometry":{"type":"Point","coordinates":[12.414959,55.697212]},"properties":{"line":"141","mode":"bus","color":"#0059a9","colorDark":"#00294f","band":0,"off":[-1.7,1.1]}},{"type":"Feature","geometry":{"type":"Point","coordinates":[12.414959,55.697212]},"properties":{"line":"166","mode":"bus","color":"#0059a9","colorDark":"#00294f","band":0,"off":[1.7,1.1]}},{"type":"Feature","geometry":{"type":"Point","coordinates":[12.352228,55.658469]},"properties":{"name":"Albertslund St. (Hedemarksvej)","band":0,"modes":"bus","arr":["141"],"off":[0,-0.8]}},{"type":"Feature","geometry":{"type":"Point","coordinates":[12.352228,55.658469]},"properties":{"line":"141","mode":"bus","color":"#0059a9","colorDark":"#00294f","band":0,"off":[0,1.1]}},{"type":"Feature","geometry":{"type":"Point","coordinates":[12.402958,55.72217]},"properties":{"name":"Skovlunde St.","band":0,"modes":"bus","arr":["142","834"],"off":[0,-0.8]}},{"type":"Feature","geometry":{"type":"Point","coordinates":[12.402958,55.72217]},"properties":{"line":"142","mode":"bus","color":"#0059a9","colorDark":"#00294f","band":0,"off":[-1.7,1.1]}},{"type":"Feature","geometry":{"type":"Point","coordinates":[12.402958,55.72217]},"properties":{"line":"834","mode":"bus","color":"#0059a9","colorDark":"#00294f","band":0,"off":[1.7,1.1]}},{"type":"Feature","geometry":{"type":"Point","coordinates":[12.499106,55.686136]},"properties":{"name":"Flintholm St. (Grøndals Parkvej)","band":0,"modes":"bus","arr":["142"],"off":[0,-0.8]}},{"type":"Feature","geometry":{"type":"Point","coordinates":[12.499106,55.686136]},"properties":{"line":"142","mode":"bus","color":"#0059a9","colorDark":"#00294f","band":0,"off":[0,1.1]}},{"type":"Feature","geometry":{"type":"Point","coordinates":[12.3472,55.680128]},"properties":{"name":"Galgebakken (Gl. Landevej)","band":0,"modes":"bus","arr":["143"],"off":[0,-0.8]}},{"type":"Feature","geometry":{"type":"Point","coordinates":[12.3472,55.680128]},"properties":{"line":"143","mode":"bus","color":"#0059a9","colorDark":"#00294f","band":0,"off":[0,1.1]}},{"type":"Feature","geometry":{"type":"Point","coordinates":[12.358434,55.72993]},"properties":{"name":"Ballerup St. (Banegårdspladsen)","band":0,"modes":"bus,metro","arr":["144","147","156","157","164","350S","834","H"],"off":[0,-0.8]}},{"type":"Feature","geometry":{"type":"Point","coordinates":[12.358434,55.72993]},"properties":{"name":"Ballerup St.","band":0,"modes":"bus,metro","arr":["144","147","156","157","164","350S","834","H"],"off":[0,-3]}},{"type":"Feature","geometry":{"type":"Point","coordinates":[12.358434,55.72993]},"properties":{"line":"144","mode":"bus","color":"#0059a9","colorDark":"#00294f","band":0,"off":[-6.8,1.1]}},{"type":"Feature","geometry":{"type":"Point","coordinates":[12.358434,55.72993]},"properties":{"line":"147","mode":"bus","color":"#0059a9","colorDark":"#00294f","band":0,"off":[-3.4,1.1]}},{"type":"Feature","geometry":{"type":"Point","coordinates":[12.358434,55.72993]},"properties":{"line":"156","mode":"bus","color":"#0059a9","colorDark":"#00294f","band":0,"off":[0,1.1]}},{"type":"Feature","geometry":{"type":"Point","coordinates":[12.358434,55.72993]},"properties":{"line":"157","mode":"bus","color":"#0059a9","colorDark":"#00294f","band":0,"off":[3.4,1.1]}},{"type":"Feature","geometry":{"type":"Point","coordinates":[12.358434,55.72993]},"properties":{"line":"164","mode":"bus","color":"#0059a9","colorDark":"#00294f","band":0,"off":[6.8,1.1]}},{"type":"Feature","geometry":{"type":"Point","coordinates":[12.358434,55.72993]},"properties":{"line":"350S","mode":"bus","color":"#0059a9","colorDark":"#00294f","band":0,"off":[-3.4,3.1]}},{"type":"Feature","geometry":{"type":"Point","coordinates":[12.358434,55.72993]},"properties":{"line":"834","mode":"bus","color":"#0059a9","colorDark":"#00294f","band":0,"off":[0,3.1]}},{"type":"Feature","geometry":{"type":"Point","coordinates":[12.358434,55.72993]},"properties":{"line":"H","mode":"tram","color":"#E64215","colorDark":"#7f240c","band":0,"metro":1,"off":[3.4,3.1]}},{"type":"Feature","geometry":{"type":"Point","coordinates":[12.31941,55.747079]},"properties":{"name":"Måløv St. (Måløv Stationsplads)","band":0,"modes":"bus","arr":["147","152","153","157"],"off":[0,-0.8]}},{"type":"Feature","geometry":{"type":"Point","coordinates":[12.31941,55.747079]},"properties":{"name":"Måløv St.","band":0,"modes":"bus","arr":["147","152","153","157"],"off":[0,-3]}},{"type":"Feature","geometry":{"type":"Point","coordinates":[12.31941,55.747079]},"properties":{"line":"147","mode":"bus","color":"#0059a9","colorDark":"#00294f","band":0,"off":[-5.1,1.1]}},{"type":"Feature","geometry":{"type":"Point","coordinates":[12.31941,55.747079]},"properties":{"line":"152","mode":"bus","color":"#0059a9","colorDark":"#00294f","band":0,"off":[-1.7,1.1]}},{"type":"Feature","geometry":{"type":"Point","coordinates":[12.31941,55.747079]},"properties":{"line":"153","mode":"bus","color":"#0059a9","colorDark":"#00294f","band":0,"off":[1.7,1.1]}},{"type":"Feature","geometry":{"type":"Point","coordinates":[12.31941,55.747079]},"properties":{"line":"157","mode":"bus","color":"#0059a9","colorDark":"#00294f","band":0,"off":[5.1,1.1]}},{"type":"Feature","geometry":{"type":"Point","coordinates":[12.394998,55.680136]},"properties":{"name":"Glostrup Nord, Hersted St. (Fabriksparken)","band":0,"modes":"bus","arr":["149"],"off":[0,-0.8]}},{"type":"Feature","geometry":{"type":"Point","coordinates":[12.394998,55.680136]},"properties":{"line":"149","mode":"bus","color":"#0059a9","colorDark":"#00294f","band":0,"off":[0,1.1]}},{"type":"Feature","geometry":{"type":"Point","coordinates":[12.502471,55.902478]},"properties":{"name":"Kokkedal St.","band":0,"modes":"bus","arr":["150S","500S"],"off":[0,-0.8]}},{"type":"Feature","geometry":{"type":"Point","coordinates":[12.502471,55.902478]},"properties":{"line":"150S","mode":"bus","color":"#0059a9","colorDark":"#00294f","band":0,"off":[-1.7,1.1]}},{"type":"Feature","geometry":{"type":"Point","coordinates":[12.502471,55.902478]},"properties":{"line":"500S","mode":"bus","color":"#0059a9","colorDark":"#00294f","band":0,"off":[1.7,1.1]}},{"type":"Feature","geometry":{"type":"Point","coordinates":[12.374272,55.782245]},"properties":{"name":"Værløse St.","band":0,"modes":"bus","arr":["151"],"off":[0,-0.8]}},{"type":"Feature","geometry":{"type":"Point","coordinates":[12.374272,55.782245]},"properties":{"line":"151","mode":"bus","color":"#0059a9","colorDark":"#00294f","band":0,"off":[0,1.1]}},{"type":"Feature","geometry":{"type":"Point","coordinates":[12.322489,55.77732]},"properties":{"name":"Kirke Værløse, Laanshøj (Lejrvej)","band":0,"modes":"bus","arr":["151"],"off":[0,-0.8]}},{"type":"Feature","geometry":{"type":"Point","coordinates":[12.322489,55.77732]},"properties":{"line":"151","mode":"bus","color":"#0059a9","colorDark":"#00294f","band":0,"off":[0,1.1]}},{"type":"Feature","geometry":{"type":"Point","coordinates":[12.362196,55.789113]},"properties":{"name":"Værløse, Ryetvej (Ryetvej)","band":0,"modes":"bus","arr":["152","153"],"off":[0,-0.8]}},{"type":"Feature","geometry":{"type":"Point","coordinates":[12.362196,55.789113]},"properties":{"line":"152","mode":"bus","color":"#0059a9","colorDark":"#00294f","band":0,"off":[-1.7,1.1]}},{"type":"Feature","geometry":{"type":"Point","coordinates":[12.362196,55.789113]},"properties":{"line":"153","mode":"bus","color":"#0059a9","colorDark":"#00294f","band":0,"off":[1.7,1.1]}},{"type":"Feature","geometry":{"type":"Point","coordinates":[12.363052,55.713153]},"properties":{"name":"Magleparken, Syd (Magleparken)","band":0,"modes":"bus","arr":["156"],"off":[0,-0.8]}},{"type":"Feature","geometry":{"type":"Point","coordinates":[12.363052,55.713153]},"properties":{"line":"156","mode":"bus","color":"#0059a9","colorDark":"#00294f","band":0,"off":[0,1.1]}},{"type":"Feature","geometry":{"type":"Point","coordinates":[12.3099,55.732561]},"properties":{"name":"Flodvej (Smørum Parkvej)","band":0,"modes":"bus","arr":["157"],"off":[0,-0.8]}},{"type":"Feature","geometry":{"type":"Point","coordinates":[12.3099,55.732561]},"properties":{"line":"157","mode":"bus","color":"#0059a9","colorDark":"#00294f","band":0,"off":[0,1.1]}},{"type":"Feature","geometry":{"type":"Point","coordinates":[12.453957,55.761689]},"properties":{"name":"Bagsværd St., terminalen (Bagsværd St.)","band":0,"modes":"bus","arr":["160","165","250S"],"off":[0,-0.8]}},{"type":"Feature","geometry":{"type":"Point","coordinates":[12.453957,55.761689]},"properties":{"name":"Bagsværd St.","band":0,"modes":"bus","arr":["160","165","250S"],"off":[0,-4.1]}},{"type":"Feature","geometry":{"type":"Point","coordinates":[12.453957,55.761689]},"properties":{"line":"160","mode":"bus","color":"#0059a9","colorDark":"#00294f","band":0,"off":[-3.4,1.1]}},{"type":"Feature","geometry":{"type":"Point","coordinates":[12.453957,55.761689]},"properties":{"line":"165","mode":"bus","color":"#0059a9","colorDark":"#00294f","band":0,"off":[0,1.1]}},{"type":"Feature","geometry":{"type":"Point","coordinates":[12.453957,55.761689]},"properties":{"line":"250S","mode":"bus","color":"#0059a9","colorDark":"#00294f","band":0,"off":[3.4,1.1]}},{"type":"Feature","geometry":{"type":"Point","coordinates":[12.492661,55.740724]},"properties":{"name":"Tinghøjvej, Telefonfabrikken (Tinghøjvej)","band":0,"modes":"bus","arr":["160"],"off":[0,-0.8]}},{"type":"Feature","geometry":{"type":"Point","coordinates":[12.492661,55.740724]},"properties":{"line":"160","mode":"bus","color":"#0059a9","colorDark":"#00294f","band":0,"off":[0,1.1]}},{"type":"Feature","geometry":{"type":"Point","coordinates":[12.433883,55.744378]},"properties":{"name":"Peberhaven (Sennepshaven)","band":0,"modes":"bus","arr":["168"],"off":[0,-0.8]}},{"type":"Feature","geometry":{"type":"Point","coordinates":[12.433883,55.744378]},"properties":{"line":"168","mode":"bus","color":"#0059a9","colorDark":"#00294f","band":0,"off":[0,1.1]}},{"type":"Feature","geometry":{"type":"Point","coordinates":[12.443478,55.719165]},"properties":{"name":"Herlev St.","band":0,"modes":"bus","arr":["165"],"off":[0,-0.8]}},{"type":"Feature","geometry":{"type":"Point","coordinates":[12.443478,55.719165]},"properties":{"line":"165","mode":"bus","color":"#0059a9","colorDark":"#00294f","band":0,"off":[0,1.1]}},{"type":"Feature","geometry":{"type":"Point","coordinates":[12.438798,55.757275]},"properties":{"name":"Værebroparken (Værebrovej)","band":0,"modes":"bus","arr":["166"],"off":[0,-0.8]}},{"type":"Feature","geometry":{"type":"Point","coordinates":[12.438798,55.757275]},"properties":{"line":"166","mode":"bus","color":"#0059a9","colorDark":"#00294f","band":0,"off":[0,1.1]}},{"type":"Feature","geometry":{"type":"Point","coordinates":[12.385812,55.724154]},"properties":{"name":"Malmparken St. (Malmparken)","band":0,"modes":"bus","arr":["168"],"off":[0,-0.8]}},{"type":"Feature","geometry":{"type":"Point","coordinates":[12.385812,55.724154]},"properties":{"line":"168","mode":"bus","color":"#0059a9","colorDark":"#00294f","band":0,"off":[0,1.1]}},{"type":"Feature","geometry":{"type":"Point","coordinates":[12.596358,55.763055]},"properties":{"name":"Skovshoved, Strandvejen (Teglgårdsvej)","band":0,"modes":"bus","arr":["179"],"off":[0,-0.8]}},{"type":"Feature","geometry":{"type":"Point","coordinates":[12.596358,55.763055]},"properties":{"line":"179","mode":"bus","color":"#0059a9","colorDark":"#00294f","band":0,"off":[0,1.1]}},{"type":"Feature","geometry":{"type":"Point","coordinates":[12.494548,55.800905]},"properties":{"name":"Teknikerbyen (Skodsborgvej)","band":0,"modes":"bus","arr":["194"],"off":[0,-0.8]}},{"type":"Feature","geometry":{"type":"Point","coordinates":[12.494548,55.800905]},"properties":{"line":"194","mode":"bus","color":"#0059a9","colorDark":"#00294f","band":0,"off":[0,1.1]}},{"type":"Feature","geometry":{"type":"Point","coordinates":[12.536824,55.777514]},"properties":{"name":"Trongårdsvej (Hjortekærsvej)","band":0,"modes":"bus","arr":["183"],"off":[0,-0.8]}},{"type":"Feature","geometry":{"type":"Point","coordinates":[12.536824,55.777514]},"properties":{"line":"183","mode":"bus","color":"#0059a9","colorDark":"#00294f","band":0,"off":[0,1.1]}},{"type":"Feature","geometry":{"type":"Point","coordinates":[12.563255,55.8526]},"properties":{"name":"Vedbæk St.","band":0,"modes":"bus","arr":["184","193"],"off":[0,-0.8]}},{"type":"Feature","geometry":{"type":"Point","coordinates":[12.563255,55.8526]},"properties":{"line":"184","mode":"bus","color":"#0059a9","colorDark":"#00294f","band":0,"off":[-1.7,1.1]}},{"type":"Feature","geometry":{"type":"Point","coordinates":[12.563255,55.8526]},"properties":{"line":"193","mode":"bus","color":"#0059a9","colorDark":"#00294f","band":0,"off":[1.7,1.1]}},{"type":"Feature","geometry":{"type":"Point","coordinates":[12.469003,55.80806]},"properties":{"name":"Holte St.","band":0,"modes":"bus,metro","arr":["385","E"],"off":[0,-0.8]}},{"type":"Feature","geometry":{"type":"Point","coordinates":[12.469003,55.80806]},"properties":{"line":"385","mode":"bus","color":"#0059a9","colorDark":"#00294f","band":0,"off":[-1.7,1.1]}},{"type":"Feature","geometry":{"type":"Point","coordinates":[12.469003,55.80806]},"properties":{"line":"E","mode":"tram","color":"#857AB3","colorDark":"#494362","band":0,"metro":1,"off":[1.7,1.1]}},{"type":"Feature","geometry":{"type":"Point","coordinates":[12.529895,55.794341]},"properties":{"name":"Lundtofte, Lundtofteparken (Lundtoftegårdsvej)","band":0,"modes":"bus,tram","arr":["300S","L"],"off":[0,-0.8]}},{"type":"Feature","geometry":{"type":"Point","coordinates":[12.529895,55.794341]},"properties":{"name":"Lundtofte St.","band":0,"modes":"bus,tram","arr":["300S","L"],"off":[0,-4.1]}},{"type":"Feature","geometry":{"type":"Point","coordinates":[12.529895,55.794341]},"properties":{"line":"300S","mode":"bus","color":"#0059a9","colorDark":"#00294f","band":0,"off":[-1.7,1.1]}},{"type":"Feature","geometry":{"type":"Point","coordinates":[12.529895,55.794341]},"properties":{"line":"L","mode":"tram","color":"#d6212b","colorDark":"#7c1116","band":0,"off":[1.7,1.1]}},{"type":"Feature","geometry":{"type":"Point","coordinates":[12.359151,55.613474]},"properties":{"name":"Ishøj St.","band":0,"modes":"bus,tram","arr":["400S","L"],"off":[0,-0.8]}},{"type":"Feature","geometry":{"type":"Point","coordinates":[12.359151,55.613474]},"properties":{"line":"400S","mode":"bus","color":"#0059a9","colorDark":"#00294f","band":0,"off":[-1.7,1.1]}},{"type":"Feature","geometry":{"type":"Point","coordinates":[12.359151,55.613474]},"properties":{"line":"L","mode":"tram","color":"#d6212b","colorDark":"#7c1116","band":0,"off":[1.7,1.1]}},{"type":"Feature","geometry":{"type":"Point","coordinates":[12.527709,55.814144]},"properties":{"name":"Nærum St.","band":0,"modes":"bus","arr":["910"],"off":[0,-0.8]}},{"type":"Feature","geometry":{"type":"Point","coordinates":[12.527709,55.814144]},"properties":{"line":"910","mode":"bus","color":"#0059a9","colorDark":"#00294f","band":0,"off":[0,1.1]}},{"type":"Feature","geometry":{"type":"Point","coordinates":[12.491639,55.687255]},"properties":{"name":"Vanløse St.","band":0,"modes":"metro","arr":["M1","M2"],"off":[0,-0.8]}},{"type":"Feature","geometry":{"type":"Point","coordinates":[12.491639,55.687255]},"properties":{"line":"M1","mode":"tram","color":"#007756","colorDark":"#00412f","band":0,"metro":1,"off":[-1.7,1.1]}},{"type":"Feature","geometry":{"type":"Point","coordinates":[12.491639,55.687255]},"properties":{"line":"M2","mode":"tram","color":"#FFCC00","colorDark":"#8c7000","band":0,"metro":1,"off":[1.7,1.1]}},{"type":"Feature","geometry":{"type":"Point","coordinates":[12.575672,55.619347]},"properties":{"name":"Vestamager St.","band":0,"modes":"metro","arr":["M1"],"off":[0,-0.8]}},{"type":"Feature","geometry":{"type":"Point","coordinates":[12.575672,55.619347]},"properties":{"line":"M1","mode":"tram","color":"#007756","colorDark":"#00412f","band":0,"metro":1,"off":[0,1.1]}},{"type":"Feature","geometry":{"type":"Point","coordinates":[12.564534,55.671557]},"properties":{"name":"København H","band":0,"modes":"metro","arr":["M3"],"off":[0,-0.8]}},{"type":"Feature","geometry":{"type":"Point","coordinates":[12.564534,55.671557]},"properties":{"line":"M3","mode":"tram","color":"#E40037","colorDark":"#7d001e","band":0,"metro":1,"off":[0,1.1]}},{"type":"Feature","geometry":{"type":"Point","coordinates":[12.311259,55.926875]},"properties":{"name":"Hillerød St.","band":0,"modes":"metro","arr":["A"],"off":[0,-0.8]}},{"type":"Feature","geometry":{"type":"Point","coordinates":[12.311259,55.926875]},"properties":{"line":"A","mode":"tram","color":"#00A7E3","colorDark":"#005c7d","band":0,"metro":1,"off":[0,1.1]}},{"type":"Feature","geometry":{"type":"Point","coordinates":[12.186455,55.457761]},"properties":{"name":"Køge St.","band":0,"modes":"metro","arr":["A","E"],"off":[0,-0.8]}},{"type":"Feature","geometry":{"type":"Point","coordinates":[12.186455,55.457761]},"properties":{"line":"A","mode":"tram","color":"#00A7E3","colorDark":"#005c7d","band":0,"metro":1,"off":[-1.7,1.1]}},{"type":"Feature","geometry":{"type":"Point","coordinates":[12.186455,55.457761]},"properties":{"line":"E","mode":"tram","color":"#857AB3","colorDark":"#494362","band":0,"metro":1,"off":[1.7,1.1]}},{"type":"Feature","geometry":{"type":"Point","coordinates":[12.373693,55.812079]},"properties":{"name":"Farum St.","band":0,"modes":"metro","arr":["B"],"off":[0,-0.8]}},{"type":"Feature","geometry":{"type":"Point","coordinates":[12.373693,55.812079]},"properties":{"line":"B","mode":"tram","color":"#55AB26","colorDark":"#2f5e15","band":0,"metro":1,"off":[0,1.1]}},{"type":"Feature","geometry":{"type":"Point","coordinates":[12.065426,55.835752]},"properties":{"name":"Frederikssund St.","band":0,"modes":"metro","arr":["C"],"off":[0,-0.8]}},{"type":"Feature","geometry":{"type":"Point","coordinates":[12.065426,55.835752]},"properties":{"line":"C","mode":"tram","color":"#F29400","colorDark":"#855100","band":0,"metro":1,"off":[0,1.1]}},{"type":"Feature","geometry":{"type":"Point","coordinates":[12.455147,55.625309]},"properties":{"name":"Avedøre St.","band":1,"modes":"bus","arr":["1A","11","133"],"off":[0,-0.8]}},{"type":"Feature","geometry":{"type":"Point","coordinates":[12.455147,55.625309]},"properties":{"line":"1A","mode":"bus","color":"#0059a9","colorDark":"#00294f","band":1,"off":[-3.4,1.1]}},{"type":"Feature","geometry":{"type":"Point","coordinates":[12.455147,55.625309]},"properties":{"line":"11","mode":"bus","color":"#0059a9","colorDark":"#00294f","band":1,"off":[0,1.1]}},{"type":"Feature","geometry":{"type":"Point","coordinates":[12.455147,55.625309]},"properties":{"line":"133","mode":"bus","color":"#0059a9","colorDark":"#00294f","band":1,"off":[3.4,1.1]}},{"type":"Feature","geometry":{"type":"Point","coordinates":[12.567972,55.730976]},"properties":{"name":"Hellerup St.","band":1,"modes":"bus","arr":["1A","21","171","172","176"],"off":[0,-0.8]}},{"type":"Feature","geometry":{"type":"Point","coordinates":[12.567972,55.730976]},"properties":{"line":"1A","mode":"bus","color":"#0059a9","colorDark":"#00294f","band":1,"off":[-6.8,1.1]}},{"type":"Feature","geometry":{"type":"Point","coordinates":[12.567972,55.730976]},"properties":{"line":"21","mode":"bus","color":"#0059a9","colorDark":"#00294f","band":1,"off":[-3.4,1.1]}},{"type":"Feature","geometry":{"type":"Point","coordinates":[12.567972,55.730976]},"properties":{"line":"171","mode":"bus","color":"#0059a9","colorDark":"#00294f","band":1,"off":[0,1.1]}},{"type":"Feature","geometry":{"type":"Point","coordinates":[12.567972,55.730976]},"properties":{"line":"172","mode":"bus","color":"#0059a9","colorDark":"#00294f","band":1,"off":[3.4,1.1]}},{"type":"Feature","geometry":{"type":"Point","coordinates":[12.567972,55.730976]},"properties":{"line":"176","mode":"bus","color":"#0059a9","colorDark":"#00294f","band":1,"off":[6.8,1.1]}},{"type":"Feature","geometry":{"type":"Point","coordinates":[12.490038,55.721063]},"properties":{"name":"Tingbjerg, Gavlhusvej (Terrasserne)","band":1,"modes":"bus","arr":["2A","131"],"off":[0,-0.8]}},{"type":"Feature","geometry":{"type":"Point","coordinates":[12.490038,55.721063]},"properties":{"line":"2A","mode":"bus","color":"#0059a9","colorDark":"#00294f","band":1,"off":[-1.7,1.1]}},{"type":"Feature","geometry":{"type":"Point","coordinates":[12.490038,55.721063]},"properties":{"line":"131","mode":"bus","color":"#0059a9","colorDark":"#00294f","band":1,"off":[1.7,1.1]}},{"type":"Feature","geometry":{"type":"Point","coordinates":[12.61186,55.689811]},"properties":{"name":"Refshaleøen (Refshalevej)","band":1,"modes":"bus","arr":["2A"],"off":[0,-0.8]}},{"type":"Feature","geometry":{"type":"Point","coordinates":[12.61186,55.689811]},"properties":{"line":"2A","mode":"bus","color":"#0059a9","colorDark":"#00294f","band":1,"off":[0,1.1]}},{"type":"Feature","geometry":{"type":"Point","coordinates":[12.483245,55.62873]},"properties":{"name":"Friheden St.","band":1,"modes":"bus","arr":["4A","132","137","139","200S"],"off":[0,-0.8]}},{"type":"Feature","geometry":{"type":"Point","coordinates":[12.483245,55.62873]},"properties":{"line":"4A","mode":"bus","color":"#0059a9","colorDark":"#00294f","band":1,"off":[-6.8,1.1]}},{"type":"Feature","geometry":{"type":"Point","coordinates":[12.483245,55.62873]},"properties":{"line":"132","mode":"bus","color":"#0059a9","colorDark":"#00294f","band":1,"off":[-3.4,1.1]}},{"type":"Feature","geometry":{"type":"Point","coordinates":[12.483245,55.62873]},"properties":{"line":"137","mode":"bus","color":"#0059a9","colorDark":"#00294f","band":1,"off":[0,1.1]}},{"type":"Feature","geometry":{"type":"Point","coordinates":[12.483245,55.62873]},"properties":{"line":"139","mode":"bus","color":"#0059a9","colorDark":"#00294f","band":1,"off":[3.4,1.1]}},{"type":"Feature","geometry":{"type":"Point","coordinates":[12.483245,55.62873]},"properties":{"line":"200S","mode":"bus","color":"#0059a9","colorDark":"#00294f","band":1,"off":[6.8,1.1]}},{"type":"Feature","geometry":{"type":"Point","coordinates":[12.493817,55.746937]},"properties":{"name":"Buddinge St. (Buddingevej)","band":1,"modes":"bus,metro","arr":["4A","6A","200S","Bx"],"off":[0,-0.8]}},{"type":"Feature","geometry":{"type":"Point","coordinates":[12.493817,55.746937]},"properties":{"name":"Buddinge St.","band":1,"modes":"bus,metro","arr":["4A","6A","200S","Bx"],"off":[0,-3]}},{"type":"Feature","geometry":{"type":"Point","coordinates":[12.493817,55.746937]},"properties":{"line":"4A","mode":"bus","color":"#0059a9","colorDark":"#00294f","band":1,"off":[-5.1,1.1]}},{"type":"Feature","geometry":{"type":"Point","coordinates":[12.493817,55.746937]},"properties":{"line":"6A","mode":"bus","color":"#0059a9","colorDark":"#00294f","band":1,"off":[-1.7,1.1]}},{"type":"Feature","geometry":{"type":"Point","coordinates":[12.493817,55.746937]},"properties":{"line":"200S","mode":"bus","color":"#0059a9","colorDark":"#00294f","band":1,"off":[1.7,1.1]}},{"type":"Feature","geometry":{"type":"Point","coordinates":[12.493817,55.746937]},"properties":{"line":"Bx","mode":"tram","color":"#AECD6B","colorDark":"#60713b","band":1,"metro":1,"off":[5.1,1.1]}},{"type":"Feature","geometry":{"type":"Point","coordinates":[12.446555,55.729956]},"properties":{"name":"Herlev Hospital, Sløjfen (Hyldemorsvej)","band":1,"modes":"bus","arr":["5C"],"off":[0,-0.8]}},{"type":"Feature","geometry":{"type":"Point","coordinates":[12.446555,55.729956]},"properties":{"line":"5C","mode":"bus","color":"#0059a9","colorDark":"#00294f","band":1,"off":[0,1.1]}},{"type":"Feature","geometry":{"type":"Point","coordinates":[12.650256,55.630056]},"properties":{"name":"Københavns Lufthavn St.","band":1,"modes":"bus,metro","arr":["5C","35","36","M2"],"off":[0,-0.8]}},{"type":"Feature","geometry":{"type":"Point","coordinates":[12.650256,55.630056]},"properties":{"name":"Københavns Lufthavn (Ellehammersvej)","band":1,"modes":"bus,metro","arr":["5C","35","36","M2"],"off":[0,-3]}},{"type":"Feature","geometry":{"type":"Point","coordinates":[12.650256,55.630056]},"properties":{"line":"5C","mode":"bus","color":"#0059a9","colorDark":"#00294f","band":1,"off":[-5.1,1.1]}},{"type":"Feature","geometry":{"type":"Point","coordinates":[12.650256,55.630056]},"properties":{"line":"35","mode":"bus","color":"#0059a9","colorDark":"#00294f","band":1,"off":[-1.7,1.1]}},{"type":"Feature","geometry":{"type":"Point","coordinates":[12.650256,55.630056]},"properties":{"line":"36","mode":"bus","color":"#0059a9","colorDark":"#00294f","band":1,"off":[1.7,1.1]}},{"type":"Feature","geometry":{"type":"Point","coordinates":[12.650256,55.630056]},"properties":{"line":"M2","mode":"tram","color":"#FFCC00","colorDark":"#8c7000","band":1,"metro":1,"off":[5.1,1.1]}},{"type":"Feature","geometry":{"type":"Point","coordinates":[12.573388,55.684479]},"properties":{"name":"Nørreport St. (Nørre Voldgade)","band":1,"modes":"bus","arr":["6A","14","15E","150S","184","185","350S"],"off":[0,-0.8]}},{"type":"Feature","geometry":{"type":"Point","coordinates":[12.573388,55.684479]},"properties":{"line":"6A","mode":"bus","color":"#0059a9","colorDark":"#00294f","band":1,"off":[-6.8,1.1]}},{"type":"Feature","geometry":{"type":"Point","coordinates":[12.573388,55.684479]},"properties":{"line":"14","mode":"bus","color":"#0059a9","colorDark":"#00294f","band":1,"off":[-3.4,1.1]}},{"type":"Feature","geometry":{"type":"Point","coordinates":[12.573388,55.684479]},"properties":{"line":"15E","mode":"bus","color":"#0059a9","colorDark":"#00294f","band":1,"off":[0,1.1]}},{"type":"Feature","geometry":{"type":"Point","coordinates":[12.573388,55.684479]},"properties":{"line":"150S","mode":"bus","color":"#0059a9","colorDark":"#00294f","band":1,"off":[3.4,1.1]}},{"type":"Feature","geometry":{"type":"Point","coordinates":[12.573388,55.684479]},"properties":{"line":"184","mode":"bus","color":"#0059a9","colorDark":"#00294f","band":1,"off":[6.8,1.1]}},{"type":"Feature","geometry":{"type":"Point","coordinates":[12.573388,55.684479]},"properties":{"line":"185","mode":"bus","color":"#0059a9","colorDark":"#00294f","band":1,"off":[-1.7,3.1]}},{"type":"Feature","geometry":{"type":"Point","coordinates":[12.573388,55.684479]},"properties":{"line":"350S","mode":"bus","color":"#0059a9","colorDark":"#00294f","band":1,"off":[1.7,3.1]}},{"type":"Feature","geometry":{"type":"Point","coordinates":[12.428013,55.705703]},"properties":{"name":"Rødovre Nord St. (Slotsherrensvej)","band":1,"modes":"bus","arr":["7A","55E","130","300S","848"],"off":[0,-0.8]}},{"type":"Feature","geometry":{"type":"Point","coordinates":[12.428013,55.705703]},"properties":{"line":"7A","mode":"bus","color":"#0059a9","colorDark":"#00294f","band":1,"off":[-6.8,1.1]}},{"type":"Feature","geometry":{"type":"Point","coordinates":[12.428013,55.705703]},"properties":{"line":"55E","mode":"bus","color":"#0059a9","colorDark":"#00294f","band":1,"off":[-3.4,1.1]}},{"type":"Feature","geometry":{"type":"Point","coordinates":[12.428013,55.705703]},"properties":{"line":"130","mode":"bus","color":"#0059a9","colorDark":"#00294f","band":1,"off":[0,1.1]}},{"type":"Feature","geometry":{"type":"Point","coordinates":[12.428013,55.705703]},"properties":{"line":"300S","mode":"bus","color":"#0059a9","colorDark":"#00294f","band":1,"off":[3.4,1.1]}},{"type":"Feature","geometry":{"type":"Point","coordinates":[12.428013,55.705703]},"properties":{"line":"848","mode":"bus","color":"#0059a9","colorDark":"#00294f","band":1,"off":[6.8,1.1]}},{"type":"Feature","geometry":{"type":"Point","coordinates":[12.563486,55.674155]},"properties":{"name":"Hovedbanegården, Frihedsstøtten (Vesterbrogade)","band":1,"modes":"bus","arr":["7A"],"off":[0,-0.8]}},{"type":"Feature","geometry":{"type":"Point","coordinates":[12.563486,55.674155]},"properties":{"line":"7A","mode":"bus","color":"#0059a9","colorDark":"#00294f","band":1,"off":[0,1.1]}},{"type":"Feature","geometry":{"type":"Point","coordinates":[12.616963,55.661194]},"properties":{"name":"Lergravsparken St., Sløjfen (Østrigsgade)","band":1,"modes":"bus","arr":["8A"],"off":[0,-0.8]}},{"type":"Feature","geometry":{"type":"Point","coordinates":[12.616963,55.661194]},"properties":{"line":"8A","mode":"bus","color":"#0059a9","colorDark":"#00294f","band":1,"off":[0,1.1]}},{"type":"Feature","geometry":{"type":"Point","coordinates":[12.586892,55.641504]},"properties":{"name":"Digevej (Vejlands Allé)","band":1,"modes":"bus","arr":["77"],"off":[0,-0.8]}},{"type":"Feature","geometry":{"type":"Point","coordinates":[12.586892,55.641504]},"properties":{"line":"77","mode":"bus","color":"#0059a9","colorDark":"#00294f","band":1,"off":[0,1.1]}},{"type":"Feature","geometry":{"type":"Point","coordinates":[12.581535,55.638468]},"properties":{"name":"Bella Center St. (Martha Christensens Vej)","band":1,"modes":"bus","arr":["34","68"],"off":[0,-0.8]}},{"type":"Feature","geometry":{"type":"Point","coordinates":[12.581535,55.638468]},"properties":{"line":"34","mode":"bus","color":"#0059a9","colorDark":"#00294f","band":1,"off":[-1.7,1.1]}},{"type":"Feature","geometry":{"type":"Point","coordinates":[12.581535,55.638468]},"properties":{"line":"68","mode":"bus","color":"#0059a9","colorDark":"#00294f","band":1,"off":[1.7,1.1]}},{"type":"Feature","geometry":{"type":"Point","coordinates":[12.513541,55.663359]},"properties":{"name":"Valby St., Lyshøjgårdsvej (Lyshøjgårdsvej)","band":1,"modes":"bus","arr":["8A","18","23","133"],"off":[0,-0.8]}},{"type":"Feature","geometry":{"type":"Point","coordinates":[12.513541,55.663359]},"properties":{"line":"8A","mode":"bus","color":"#0059a9","colorDark":"#00294f","band":1,"off":[-5.1,1.1]}},{"type":"Feature","geometry":{"type":"Point","coordinates":[12.513541,55.663359]},"properties":{"line":"18","mode":"bus","color":"#0059a9","colorDark":"#00294f","band":1,"off":[-1.7,1.1]}},{"type":"Feature","geometry":{"type":"Point","coordinates":[12.513541,55.663359]},"properties":{"line":"23","mode":"bus","color":"#0059a9","colorDark":"#00294f","band":1,"off":[1.7,1.1]}},{"type":"Feature","geometry":{"type":"Point","coordinates":[12.513541,55.663359]},"properties":{"line":"133","mode":"bus","color":"#0059a9","colorDark":"#00294f","band":1,"off":[5.1,1.1]}},{"type":"Feature","geometry":{"type":"Point","coordinates":[12.499897,55.640334]},"properties":{"name":"Åmarken St., ved broen (Åmarkvej)","band":1,"modes":"bus","arr":["10"],"off":[0,-0.8]}},{"type":"Feature","geometry":{"type":"Point","coordinates":[12.499897,55.640334]},"properties":{"line":"10","mode":"bus","color":"#0059a9","colorDark":"#00294f","band":1,"off":[0,1.1]}},{"type":"Feature","geometry":{"type":"Point","coordinates":[12.499139,55.703727]},"properties":{"name":"Brønshøj Torv (Krabbesholmvej)","band":1,"modes":"bus","arr":["10"],"off":[0,-0.8]}},{"type":"Feature","geometry":{"type":"Point","coordinates":[12.499139,55.703727]},"properties":{"line":"10","mode":"bus","color":"#0059a9","colorDark":"#00294f","band":1,"off":[0,1.1]}},{"type":"Feature","geometry":{"type":"Point","coordinates":[12.569506,55.674849]},"properties":{"name":"Rådhuspladsen St. (H.C. Andersens Boulevard)","band":1,"modes":"bus","arr":["11","33"],"off":[0,-0.8]}},{"type":"Feature","geometry":{"type":"Point","coordinates":[12.569506,55.674849]},"properties":{"line":"11","mode":"bus","color":"#0059a9","colorDark":"#00294f","band":1,"off":[-1.7,1.1]}},{"type":"Feature","geometry":{"type":"Point","coordinates":[12.569506,55.674849]},"properties":{"line":"33","mode":"bus","color":"#0059a9","colorDark":"#00294f","band":1,"off":[1.7,1.1]}},{"type":"Feature","geometry":{"type":"Point","coordinates":[12.577909,55.714761]},"properties":{"name":"Svanemøllen St., Sløjfen (Svanemøllen St.)","band":1,"modes":"bus","arr":["12"],"off":[0,-0.8]}},{"type":"Feature","geometry":{"type":"Point","coordinates":[12.577909,55.714761]},"properties":{"name":"Svanemøllen St.","band":1,"modes":"bus","arr":["12"],"off":[0,-4.1]}},{"type":"Feature","geometry":{"type":"Point","coordinates":[12.577909,55.714761]},"properties":{"line":"12","mode":"bus","color":"#0059a9","colorDark":"#00294f","band":1,"off":[0,1.1]}},{"type":"Feature","geometry":{"type":"Point","coordinates":[12.446408,55.709762]},"properties":{"name":"Islev, Viemosevej (Viemosevej)","band":1,"modes":"bus","arr":["12"],"off":[0,-0.8]}},{"type":"Feature","geometry":{"type":"Point","coordinates":[12.446408,55.709762]},"properties":{"line":"12","mode":"bus","color":"#0059a9","colorDark":"#00294f","band":1,"off":[0,1.1]}},{"type":"Feature","geometry":{"type":"Point","coordinates":[12.563375,55.721952]},"properties":{"name":"Ryparken (Rymarksvej)","band":1,"modes":"bus","arr":["14"],"off":[0,-0.8]}},{"type":"Feature","geometry":{"type":"Point","coordinates":[12.563375,55.721952]},"properties":{"line":"14","mode":"bus","color":"#0059a9","colorDark":"#00294f","band":1,"off":[0,1.1]}},{"type":"Feature","geometry":{"type":"Point","coordinates":[12.528913,55.787518]},"properties":{"name":"Rævehøjvej, DTU (Helsingørmotorvejen)","band":1,"modes":"bus","arr":["15E"],"off":[0,-0.8]}},{"type":"Feature","geometry":{"type":"Point","coordinates":[12.528913,55.787518]},"properties":{"line":"15E","mode":"bus","color":"#0059a9","colorDark":"#00294f","band":1,"off":[0,1.1]}},{"type":"Feature","geometry":{"type":"Point","coordinates":[12.562017,55.676085]},"properties":{"name":"Vesterport St. (Vester Farimagsgade)","band":1,"modes":"bus","arr":["17","37"],"off":[0,-0.8]}},{"type":"Feature","geometry":{"type":"Point","coordinates":[12.562017,55.676085]},"properties":{"line":"17","mode":"bus","color":"#0059a9","colorDark":"#00294f","band":1,"off":[-1.7,1.1]}},{"type":"Feature","geometry":{"type":"Point","coordinates":[12.562017,55.676085]},"properties":{"line":"37","mode":"bus","color":"#0059a9","colorDark":"#00294f","band":1,"off":[1.7,1.1]}},{"type":"Feature","geometry":{"type":"Point","coordinates":[12.516928,55.652526]},"properties":{"name":"København Syd St. (Carl Jacobsens Vej)","band":1,"modes":"bus,metro","arr":["17","87","F","M4"],"off":[0,-0.8]}},{"type":"Feature","geometry":{"type":"Point","coordinates":[12.516928,55.652526]},"properties":{"name":"København Syd St.","band":1,"modes":"bus,metro","arr":["17","87","F","M4"],"off":[0,-4.1]}},{"type":"Feature","geometry":{"type":"Point","coordinates":[12.516928,55.652526]},"properties":{"line":"17","mode":"bus","color":"#0059a9","colorDark":"#00294f","band":1,"off":[-5.1,1.1]}},{"type":"Feature","geometry":{"type":"Point","coordinates":[12.516928,55.652526]},"properties":{"line":"87","mode":"bus","color":"#0059a9","colorDark":"#00294f","band":1,"off":[-1.7,1.1]}},{"type":"Feature","geometry":{"type":"Point","coordinates":[12.516928,55.652526]},"properties":{"line":"F","mode":"tram","color":"#FCC300","colorDark":"#8b6b00","band":1,"metro":1,"off":[1.7,1.1]}},{"type":"Feature","geometry":{"type":"Point","coordinates":[12.516928,55.652526]},"properties":{"line":"M4","mode":"tram","color":"#009CD3","colorDark":"#005674","band":1,"metro":1,"off":[5.1,1.1]}},{"type":"Feature","geometry":{"type":"Point","coordinates":[12.529793,55.72284]},"properties":{"name":"Emdrup Torv (Emdrupvej)","band":1,"modes":"bus","arr":["18","176"],"off":[0,-0.8]}},{"type":"Feature","geometry":{"type":"Point","coordinates":[12.529793,55.72284]},"properties":{"line":"18","mode":"bus","color":"#0059a9","colorDark":"#00294f","band":1,"off":[-1.7,1.1]}},{"type":"Feature","geometry":{"type":"Point","coordinates":[12.529793,55.72284]},"properties":{"line":"176","mode":"bus","color":"#0059a9","colorDark":"#00294f","band":1,"off":[1.7,1.1]}},{"type":"Feature","geometry":{"type":"Point","coordinates":[12.397609,55.66344]},"properties":{"name":"Glostrup St. (Banegårdspladsen)","band":1,"modes":"bus","arr":["19","149","847"],"off":[0,-0.8]}},{"type":"Feature","geometry":{"type":"Point","coordinates":[12.397609,55.66344]},"properties":{"name":"Glostrup St.","band":1,"modes":"bus","arr":["19","149","847"],"off":[0,-3]}},{"type":"Feature","geometry":{"type":"Point","coordinates":[12.397609,55.66344]},"properties":{"line":"19","mode":"bus","color":"#0059a9","colorDark":"#00294f","band":1,"off":[-3.4,1.1]}},{"type":"Feature","geometry":{"type":"Point","coordinates":[12.397609,55.66344]},"properties":{"line":"149","mode":"bus","color":"#0059a9","colorDark":"#00294f","band":1,"off":[0,1.1]}},{"type":"Feature","geometry":{"type":"Point","coordinates":[12.397609,55.66344]},"properties":{"line":"847","mode":"bus","color":"#0059a9","colorDark":"#00294f","band":1,"off":[3.4,1.1]}},{"type":"Feature","geometry":{"type":"Point","coordinates":[12.524058,55.646132]},"properties":{"name":"Kgs. Enghave, Valbyparken (Hammelstrupvej)","band":1,"modes":"bus","arr":["19"],"off":[0,-0.8]}},{"type":"Feature","geometry":{"type":"Point","coordinates":[12.524058,55.646132]},"properties":{"line":"19","mode":"bus","color":"#0059a9","colorDark":"#00294f","band":1,"off":[0,1.1]}},{"type":"Feature","geometry":{"type":"Point","coordinates":[12.459525,55.6651]},"properties":{"name":"Rødovre St.","band":1,"modes":"bus","arr":["21","131","848"],"off":[0,-0.8]}},{"type":"Feature","geometry":{"type":"Point","coordinates":[12.459525,55.6651]},"properties":{"line":"21","mode":"bus","color":"#0059a9","colorDark":"#00294f","band":1,"off":[-3.4,1.1]}},{"type":"Feature","geometry":{"type":"Point","coordinates":[12.459525,55.6651]},"properties":{"line":"131","mode":"bus","color":"#0059a9","colorDark":"#00294f","band":1,"off":[0,1.1]}},{"type":"Feature","geometry":{"type":"Point","coordinates":[12.459525,55.6651]},"properties":{"line":"848","mode":"bus","color":"#0059a9","colorDark":"#00294f","band":1,"off":[3.4,1.1]}},{"type":"Feature","geometry":{"type":"Point","coordinates":[12.471547,55.711991]},"properties":{"name":"Husum Torv","band":1,"modes":"bus","arr":["22"],"off":[0,-0.8]}},{"type":"Feature","geometry":{"type":"Point","coordinates":[12.471547,55.711991]},"properties":{"line":"22","mode":"bus","color":"#0059a9","colorDark":"#00294f","band":1,"off":[0,1.1]}},{"type":"Feature","geometry":{"type":"Point","coordinates":[12.399079,55.661405]},"properties":{"name":"Glostrup St., Glosemosevej (Glosemosevej)","band":1,"modes":"bus","arr":["22"],"off":[0,-0.8]}},{"type":"Feature","geometry":{"type":"Point","coordinates":[12.399079,55.661405]},"properties":{"line":"22","mode":"bus","color":"#0059a9","colorDark":"#00294f","band":1,"off":[0,1.1]}},{"type":"Feature","geometry":{"type":"Point","coordinates":[12.587646,55.77727]},"properties":{"name":"Klampenborg St. (Dyrehavevej)","band":1,"modes":"bus,metro","arr":["23","185","C","F"],"off":[0,-0.8]}},{"type":"Feature","geometry":{"type":"Point","coordinates":[12.587646,55.77727]},"properties":{"name":"Klampenborg St.","band":1,"modes":"bus,metro","arr":["23","185","C","F"],"off":[0,-3]}},{"type":"Feature","geometry":{"type":"Point","coordinates":[12.587646,55.77727]},"properties":{"line":"23","mode":"bus","color":"#0059a9","colorDark":"#00294f","band":1,"off":[-5.1,1.1]}},{"type":"Feature","geometry":{"type":"Point","coordinates":[12.587646,55.77727]},"properties":{"line":"185","mode":"bus","color":"#0059a9","colorDark":"#00294f","band":1,"off":[-1.7,1.1]}},{"type":"Feature","geometry":{"type":"Point","coordinates":[12.587646,55.77727]},"properties":{"line":"C","mode":"tram","color":"#F29400","colorDark":"#855100","band":1,"metro":1,"off":[1.7,1.1]}},{"type":"Feature","geometry":{"type":"Point","coordinates":[12.587646,55.77727]},"properties":{"line":"F","mode":"tram","color":"#FCC300","colorDark":"#8b6b00","band":1,"metro":1,"off":[5.1,1.1]}},{"type":"Feature","geometry":{"type":"Point","coordinates":[12.588633,55.74965]},"properties":{"name":"Charlottenlund Fort (Strandvejen)","band":1,"modes":"bus","arr":["192"],"off":[0,-0.8]}},{"type":"Feature","geometry":{"type":"Point","coordinates":[12.588633,55.74965]},"properties":{"line":"192","mode":"bus","color":"#0059a9","colorDark":"#00294f","band":1,"off":[0,1.1]}},{"type":"Feature","geometry":{"type":"Point","coordinates":[12.58728,55.692355]},"properties":{"name":"Østerport St. (Oslo Plads)","band":1,"modes":"bus,metro","arr":["27","H"],"off":[0,-0.8]}},{"type":"Feature","geometry":{"type":"Point","coordinates":[12.58728,55.692355]},"properties":{"name":"Østerport St.","band":1,"modes":"bus,metro","arr":["27","H"],"off":[0,-3]}},{"type":"Feature","geometry":{"type":"Point","coordinates":[12.58728,55.692355]},"properties":{"line":"27","mode":"bus","color":"#0059a9","colorDark":"#00294f","band":1,"off":[-1.7,1.1]}},{"type":"Feature","geometry":{"type":"Point","coordinates":[12.58728,55.692355]},"properties":{"line":"H","mode":"tram","color":"#E64215","colorDark":"#7f240c","band":1,"metro":1,"off":[1.7,1.1]}},{"type":"Feature","geometry":{"type":"Point","coordinates":[12.596137,55.712865]},"properties":{"name":"Orientkaj St. (Stubbeløbgade)","band":1,"modes":"bus","arr":["25"],"off":[0,-0.8]}},{"type":"Feature","geometry":{"type":"Point","coordinates":[12.596137,55.712865]},"properties":{"line":"25","mode":"bus","color":"#0059a9","colorDark":"#00294f","band":1,"off":[0,1.1]}},{"type":"Feature","geometry":{"type":"Point","coordinates":[12.618023,55.714376]},"properties":{"name":"Oceankaj","band":1,"modes":"bus","arr":["164"],"off":[0,-0.8]}},{"type":"Feature","geometry":{"type":"Point","coordinates":[12.618023,55.714376]},"properties":{"line":"164","mode":"bus","color":"#0059a9","colorDark":"#00294f","band":1,"off":[0,1.1]}},{"type":"Feature","geometry":{"type":"Point","coordinates":[12.628574,55.717863]},"properties":{"name":"Oceankaj, Terminal (Oceankaj)","band":1,"modes":"bus","arr":["25"],"off":[0,-0.8]}},{"type":"Feature","geometry":{"type":"Point","coordinates":[12.628574,55.717863]},"properties":{"line":"25","mode":"bus","color":"#0059a9","colorDark":"#00294f","band":1,"off":[0,1.1]}},{"type":"Feature","geometry":{"type":"Point","coordinates":[12.516493,55.706045]},"properties":{"name":"Bellahøj (Frederikssundsvej)","band":1,"modes":"bus","arr":["26"],"off":[0,-0.8]}},{"type":"Feature","geometry":{"type":"Point","coordinates":[12.516493,55.706045]},"properties":{"line":"26","mode":"bus","color":"#0059a9","colorDark":"#00294f","band":1,"off":[0,1.1]}},{"type":"Feature","geometry":{"type":"Point","coordinates":[12.593993,55.681006]},"properties":{"name":"Sankt Annæ Plads, Skuespilhuset (Sankt Annæ Plads)","band":1,"modes":"bus","arr":["26"],"off":[0,-0.8]}},{"type":"Feature","geometry":{"type":"Point","coordinates":[12.593993,55.681006]},"properties":{"line":"26","mode":"bus","color":"#0059a9","colorDark":"#00294f","band":1,"off":[0,1.1]}},{"type":"Feature","geometry":{"type":"Point","coordinates":[12.59426,55.700977]},"properties":{"name":"Færgeterminal Søndre Frihavn (Dampfærgevej)","band":1,"modes":"bus","arr":["27"],"off":[0,-0.8]}},{"type":"Feature","geometry":{"type":"Point","coordinates":[12.59426,55.700977]},"properties":{"line":"27","mode":"bus","color":"#0059a9","colorDark":"#00294f","band":1,"off":[0,1.1]}},{"type":"Feature","geometry":{"type":"Point","coordinates":[12.480676,55.69154]},"properties":{"name":"Ålekistevej, Sløjfen","band":1,"modes":"bus","arr":["31"],"off":[0,-0.8]}},{"type":"Feature","geometry":{"type":"Point","coordinates":[12.480676,55.69154]},"properties":{"line":"31","mode":"bus","color":"#0059a9","colorDark":"#00294f","band":1,"off":[0,1.1]}},{"type":"Feature","geometry":{"type":"Point","coordinates":[12.646491,55.635791]},"properties":{"name":"Kastrup St. (Ved Stationen)","band":1,"modes":"bus","arr":["31","32"],"off":[0,-0.8]}},{"type":"Feature","geometry":{"type":"Point","coordinates":[12.646491,55.635791]},"properties":{"line":"31","mode":"bus","color":"#0059a9","colorDark":"#00294f","band":1,"off":[-1.7,1.1]}},{"type":"Feature","geometry":{"type":"Point","coordinates":[12.646491,55.635791]},"properties":{"line":"32","mode":"bus","color":"#0059a9","colorDark":"#00294f","band":1,"off":[1.7,1.1]}},{"type":"Feature","geometry":{"type":"Point","coordinates":[12.580195,55.629355]},"properties":{"name":"Ørestad St., Kay Fiskers Plads (Kay Fiskers Plads)","band":1,"modes":"bus","arr":["32","500S"],"off":[0,-0.8]}},{"type":"Feature","geometry":{"type":"Point","coordinates":[12.580195,55.629355]},"properties":{"name":"Ørestad St. (Ørestads Boulevard)","band":1,"modes":"bus","arr":["32","500S"],"off":[0,-4.1]}},{"type":"Feature","geometry":{"type":"Point","coordinates":[12.580195,55.629355]},"properties":{"line":"32","mode":"bus","color":"#0059a9","colorDark":"#00294f","band":1,"off":[-1.7,1.1]}},{"type":"Feature","geometry":{"type":"Point","coordinates":[12.580195,55.629355]},"properties":{"line":"500S","mode":"bus","color":"#0059a9","colorDark":"#00294f","band":1,"off":[1.7,1.1]}},{"type":"Feature","geometry":{"type":"Point","coordinates":[12.669266,55.595279]},"properties":{"name":"Dragør Stationsplads","band":1,"modes":"bus","arr":["33","250S"],"off":[0,-0.8]}},{"type":"Feature","geometry":{"type":"Point","coordinates":[12.669266,55.595279]},"properties":{"line":"33","mode":"bus","color":"#0059a9","colorDark":"#00294f","band":1,"off":[-1.7,1.1]}},{"type":"Feature","geometry":{"type":"Point","coordinates":[12.669266,55.595279]},"properties":{"line":"250S","mode":"bus","color":"#0059a9","colorDark":"#00294f","band":1,"off":[1.7,1.1]}},{"type":"Feature","geometry":{"type":"Point","coordinates":[12.581666,55.591536]},"properties":{"name":"Nøragersmindevej (Kongelundsvej)","band":1,"modes":"bus","arr":["34","36"],"off":[0,-0.8]}},{"type":"Feature","geometry":{"type":"Point","coordinates":[12.581666,55.591536]},"properties":{"line":"34","mode":"bus","color":"#0059a9","colorDark":"#00294f","band":1,"off":[-1.7,1.1]}},{"type":"Feature","geometry":{"type":"Point","coordinates":[12.581666,55.591536]},"properties":{"line":"36","mode":"bus","color":"#0059a9","colorDark":"#00294f","band":1,"off":[1.7,1.1]}},{"type":"Feature","geometry":{"type":"Point","coordinates":[12.613487,55.646288]},"properties":{"name":"Sundbyvester Plads","band":1,"modes":"bus","arr":["35","77"],"off":[0,-0.8]}},{"type":"Feature","geometry":{"type":"Point","coordinates":[12.613487,55.646288]},"properties":{"line":"35","mode":"bus","color":"#0059a9","colorDark":"#00294f","band":1,"off":[-1.7,1.1]}},{"type":"Feature","geometry":{"type":"Point","coordinates":[12.613487,55.646288]},"properties":{"line":"77","mode":"bus","color":"#0059a9","colorDark":"#00294f","band":1,"off":[1.7,1.1]}},{"type":"Feature","geometry":{"type":"Point","coordinates":[12.623491,55.687024]},"properties":{"name":"Amagerværket, Vindmøllevej (Vindmøllevej)","band":1,"modes":"bus","arr":["37"],"off":[0,-0.8]}},{"type":"Feature","geometry":{"type":"Point","coordinates":[12.623491,55.687024]},"properties":{"line":"37","mode":"bus","color":"#0059a9","colorDark":"#00294f","band":1,"off":[0,1.1]}},{"type":"Feature","geometry":{"type":"Point","coordinates":[12.571031,55.823152]},"properties":{"name":"Skodsborg St. (Bøllemosevej)","band":1,"modes":"bus","arr":["40E","191"],"off":[0,-0.8]}},{"type":"Feature","geometry":{"type":"Point","coordinates":[12.571031,55.823152]},"properties":{"line":"40E","mode":"bus","color":"#0059a9","colorDark":"#00294f","band":1,"off":[-1.7,1.1]}},{"type":"Feature","geometry":{"type":"Point","coordinates":[12.571031,55.823152]},"properties":{"line":"191","mode":"bus","color":"#0059a9","colorDark":"#00294f","band":1,"off":[1.7,1.1]}},{"type":"Feature","geometry":{"type":"Point","coordinates":[12.269521,55.649046]},"properties":{"name":"Høje Taastrup St.","band":1,"modes":"bus,metro","arr":["40E","B","Bx"],"off":[0,-0.8]}},{"type":"Feature","geometry":{"type":"Point","coordinates":[12.269521,55.649046]},"properties":{"line":"40E","mode":"bus","color":"#0059a9","colorDark":"#00294f","band":1,"off":[-3.4,1.1]}},{"type":"Feature","geometry":{"type":"Point","coordinates":[12.269521,55.649046]},"properties":{"line":"B","mode":"tram","color":"#55AB26","colorDark":"#2f5e15","band":1,"metro":1,"off":[0,1.1]}},{"type":"Feature","geometry":{"type":"Point","coordinates":[12.269521,55.649046]},"properties":{"line":"Bx","mode":"tram","color":"#AECD6B","colorDark":"#60713b","band":1,"metro":1,"off":[3.4,1.1]}},{"type":"Feature","geometry":{"type":"Point","coordinates":[12.355964,55.871225]},"properties":{"name":"Allerød St. (Allerød Stationsvej)","band":1,"modes":"bus","arr":["55E","385"],"off":[0,-0.8]}},{"type":"Feature","geometry":{"type":"Point","coordinates":[12.355964,55.871225]},"properties":{"name":"Allerød St.","band":1,"modes":"bus","arr":["55E","385"],"off":[0,-3]}},{"type":"Feature","geometry":{"type":"Point","coordinates":[12.355964,55.871225]},"properties":{"line":"55E","mode":"bus","color":"#0059a9","colorDark":"#00294f","band":1,"off":[-1.7,1.1]}},{"type":"Feature","geometry":{"type":"Point","coordinates":[12.355964,55.871225]},"properties":{"line":"385","mode":"bus","color":"#0059a9","colorDark":"#00294f","band":1,"off":[1.7,1.1]}},{"type":"Feature","geometry":{"type":"Point","coordinates":[12.504446,55.768385]},"properties":{"name":"Lyngby St. (Jernbanepladsen)","band":1,"modes":"bus","arr":["68","179","182","183","191","192","193","194","400S","910"],"off":[0,-0.8]}},{"type":"Feature","geometry":{"type":"Point","coordinates":[12.504446,55.768385]},"properties":{"name":"Lyngby St. (Gammel Jernbanevej)","band":1,"modes":"bus","arr":["68","179","182","183","191","192","193","194","400S","910"],"off":[0,-3]}},{"type":"Feature","geometry":{"type":"Point","coordinates":[12.504446,55.768385]},"properties":{"name":"Lyngby St.","band":1,"modes":"bus","arr":["68","179","182","183","191","192","193","194","400S","910"],"off":[0,-5.2]}},{"type":"Feature","geometry":{"type":"Point","coordinates":[12.504446,55.768385]},"properties":{"line":"68","mode":"bus","color":"#0059a9","colorDark":"#00294f","band":1,"off":[-6.8,1.1]}},{"type":"Feature","geometry":{"type":"Point","coordinates":[12.504446,55.768385]},"properties":{"line":"179","mode":"bus","color":"#0059a9","colorDark":"#00294f","band":1,"off":[-3.4,1.1]}},{"type":"Feature","geometry":{"type":"Point","coordinates":[12.504446,55.768385]},"properties":{"line":"182","mode":"bus","color":"#0059a9","colorDark":"#00294f","band":1,"off":[0,1.1]}},{"type":"Feature","geometry":{"type":"Point","coordinates":[12.504446,55.768385]},"properties":{"line":"183","mode":"bus","color":"#0059a9","colorDark":"#00294f","band":1,"off":[3.4,1.1]}},{"type":"Feature","geometry":{"type":"Point","coordinates":[12.504446,55.768385]},"properties":{"line":"191","mode":"bus","color":"#0059a9","colorDark":"#00294f","band":1,"off":[6.8,1.1]}},{"type":"Feature","geometry":{"type":"Point","coordinates":[12.504446,55.768385]},"properties":{"line":"192","mode":"bus","color":"#0059a9","colorDark":"#00294f","band":1,"off":[-6.8,3.1]}},{"type":"Feature","geometry":{"type":"Point","coordinates":[12.504446,55.768385]},"properties":{"line":"193","mode":"bus","color":"#0059a9","colorDark":"#00294f","band":1,"off":[-3.4,3.1]}},{"type":"Feature","geometry":{"type":"Point","coordinates":[12.504446,55.768385]},"properties":{"line":"194","mode":"bus","color":"#0059a9","colorDark":"#00294f","band":1,"off":[0,3.1]}},{"type":"Feature","geometry":{"type":"Point","coordinates":[12.504446,55.768385]},"properties":{"line":"400S","mode":"bus","color":"#0059a9","colorDark":"#00294f","band":1,"off":[3.4,3.1]}},{"type":"Feature","geometry":{"type":"Point","coordinates":[12.504446,55.768385]},"properties":{"line":"910","mode":"bus","color":"#0059a9","colorDark":"#00294f","band":1,"off":[6.8,3.1]}},{"type":"Feature","geometry":{"type":"Point","coordinates":[12.530809,55.678709]},"properties":{"name":"Frederiksberg Rådhus (Smallegade)","band":1,"modes":"bus","arr":["71","72","74"],"off":[0,-0.8]}},{"type":"Feature","geometry":{"type":"Point","coordinates":[12.530809,55.678709]},"properties":{"line":"71","mode":"bus","color":"#0059a9","colorDark":"#00294f","band":1,"off":[-3.4,1.1]}},{"type":"Feature","geometry":{"type":"Point","coordinates":[12.530809,55.678709]},"properties":{"line":"72","mode":"bus","color":"#0059a9","colorDark":"#00294f","band":1,"off":[0,1.1]}},{"type":"Feature","geometry":{"type":"Point","coordinates":[12.530809,55.678709]},"properties":{"line":"74","mode":"bus","color":"#0059a9","colorDark":"#00294f","band":1,"off":[3.4,1.1]}},{"type":"Feature","geometry":{"type":"Point","coordinates":[12.636012,55.64553]},"properties":{"name":"Femøren St. (Engvej)","band":1,"modes":"bus","arr":["78"],"off":[0,-0.8]}},{"type":"Feature","geometry":{"type":"Point","coordinates":[12.636012,55.64553]},"properties":{"line":"78","mode":"bus","color":"#0059a9","colorDark":"#00294f","band":1,"off":[0,1.1]}},{"type":"Feature","geometry":{"type":"Point","coordinates":[12.588101,55.655647]},"properties":{"name":"DR Byen St. (Grønjordsvej)","band":1,"modes":"bus","arr":["78"],"off":[0,-0.8]}},{"type":"Feature","geometry":{"type":"Point","coordinates":[12.588101,55.655647]},"properties":{"line":"78","mode":"bus","color":"#0059a9","colorDark":"#00294f","band":1,"off":[0,1.1]}},{"type":"Feature","geometry":{"type":"Point","coordinates":[12.218871,55.533464]},"properties":{"name":"Solrød Strand St.","band":1,"modes":"bus","arr":["87"],"off":[0,-0.8]}},{"type":"Feature","geometry":{"type":"Point","coordinates":[12.218871,55.533464]},"properties":{"line":"87","mode":"bus","color":"#0059a9","colorDark":"#00294f","band":1,"off":[0,1.1]}},{"type":"Feature","geometry":{"type":"Point","coordinates":[12.388707,55.623078]},"properties":{"name":"Vallensbæk St.","band":1,"modes":"bus","arr":["130","143","144"],"off":[0,-0.8]}},{"type":"Feature","geometry":{"type":"Point","coordinates":[12.388707,55.623078]},"properties":{"line":"130","mode":"bus","color":"#0059a9","colorDark":"#00294f","band":1,"off":[-3.4,1.1]}},{"type":"Feature","geometry":{"type":"Point","coordinates":[12.388707,55.623078]},"properties":{"line":"143","mode":"bus","color":"#0059a9","colorDark":"#00294f","band":1,"off":[0,1.1]}},{"type":"Feature","geometry":{"type":"Point","coordinates":[12.388707,55.623078]},"properties":{"line":"144","mode":"bus","color":"#0059a9","colorDark":"#00294f","band":1,"off":[3.4,1.1]}},{"type":"Feature","geometry":{"type":"Point","coordinates":[12.457482,55.680344]},"properties":{"name":"Rødovre Centrum (Rødovre Parkvej)","band":1,"modes":"bus","arr":["132"],"off":[0,-0.8]}},{"type":"Feature","geometry":{"type":"Point","coordinates":[12.457482,55.680344]},"properties":{"line":"132","mode":"bus","color":"#0059a9","colorDark":"#00294f","band":1,"off":[0,1.1]}},{"type":"Feature","geometry":{"type":"Point","coordinates":[12.422327,55.62058]},"properties":{"name":"Brøndby Strand St. (Strandskolevej)","band":1,"modes":"bus","arr":["135"],"off":[0,-0.8]}},{"type":"Feature","geometry":{"type":"Point","coordinates":[12.422327,55.62058]},"properties":{"line":"135","mode":"bus","color":"#0059a9","colorDark":"#00294f","band":1,"off":[0,1.1]}},{"type":"Feature","geometry":{"type":"Point","coordinates":[12.39757,55.643658]},"properties":{"name":"Brøndbyvester St. (Vallensbækvej)","band":1,"modes":"bus","arr":["135"],"off":[0,-0.8]}},{"type":"Feature","geometry":{"type":"Point","coordinates":[12.39757,55.643658]},"properties":{"line":"135","mode":"bus","color":"#0059a9","colorDark":"#00294f","band":1,"off":[0,1.1]}},{"type":"Feature","geometry":{"type":"Point","coordinates":[12.468619,55.614408]},"properties":{"name":"Avedøreholmen (Stamholmen)","band":1,"modes":"bus","arr":["200S"],"off":[0,-0.8]}},{"type":"Feature","geometry":{"type":"Point","coordinates":[12.468619,55.614408]},"properties":{"line":"200S","mode":"bus","color":"#0059a9","colorDark":"#00294f","band":1,"off":[0,1.1]}},{"type":"Feature","geometry":{"type":"Point","coordinates":[12.414959,55.697212]},"properties":{"name":"Glostrup, Ejby St. (Ejby Industrivej)","band":1,"modes":"bus","arr":["141","166"],"off":[0,-0.8]}},{"type":"Feature","geometry":{"type":"Point","coordinates":[12.414959,55.697212]},"properties":{"name":"Glostrup Ejby St. (Ejby Industrivej)","band":1,"modes":"bus","arr":["141","166"],"off":[0,-4.1]}},{"type":"Feature","geometry":{"type":"Point","coordinates":[12.414959,55.697212]},"properties":{"line":"141","mode":"bus","color":"#0059a9","colorDark":"#00294f","band":1,"off":[-1.7,1.1]}},{"type":"Feature","geometry":{"type":"Point","coordinates":[12.414959,55.697212]},"properties":{"line":"166","mode":"bus","color":"#0059a9","colorDark":"#00294f","band":1,"off":[1.7,1.1]}},{"type":"Feature","geometry":{"type":"Point","coordinates":[12.352228,55.658469]},"properties":{"name":"Albertslund St. (Hedemarksvej)","band":1,"modes":"bus","arr":["141"],"off":[0,-0.8]}},{"type":"Feature","geometry":{"type":"Point","coordinates":[12.352228,55.658469]},"properties":{"line":"141","mode":"bus","color":"#0059a9","colorDark":"#00294f","band":1,"off":[0,1.1]}},{"type":"Feature","geometry":{"type":"Point","coordinates":[12.402958,55.72217]},"properties":{"name":"Skovlunde St.","band":1,"modes":"bus","arr":["142","834"],"off":[0,-0.8]}},{"type":"Feature","geometry":{"type":"Point","coordinates":[12.402958,55.72217]},"properties":{"line":"142","mode":"bus","color":"#0059a9","colorDark":"#00294f","band":1,"off":[-1.7,1.1]}},{"type":"Feature","geometry":{"type":"Point","coordinates":[12.402958,55.72217]},"properties":{"line":"834","mode":"bus","color":"#0059a9","colorDark":"#00294f","band":1,"off":[1.7,1.1]}},{"type":"Feature","geometry":{"type":"Point","coordinates":[12.499106,55.686136]},"properties":{"name":"Flintholm St. (Grøndals Parkvej)","band":1,"modes":"bus","arr":["142"],"off":[0,-0.8]}},{"type":"Feature","geometry":{"type":"Point","coordinates":[12.499106,55.686136]},"properties":{"line":"142","mode":"bus","color":"#0059a9","colorDark":"#00294f","band":1,"off":[0,1.1]}},{"type":"Feature","geometry":{"type":"Point","coordinates":[12.3472,55.680128]},"properties":{"name":"Galgebakken (Gl. Landevej)","band":1,"modes":"bus","arr":["143"],"off":[0,-0.8]}},{"type":"Feature","geometry":{"type":"Point","coordinates":[12.3472,55.680128]},"properties":{"line":"143","mode":"bus","color":"#0059a9","colorDark":"#00294f","band":1,"off":[0,1.1]}},{"type":"Feature","geometry":{"type":"Point","coordinates":[12.358434,55.72993]},"properties":{"name":"Ballerup St. (Banegårdspladsen)","band":1,"modes":"bus,metro","arr":["144","147","156","157","164","350S","834","H"],"off":[0,-0.8]}},{"type":"Feature","geometry":{"type":"Point","coordinates":[12.358434,55.72993]},"properties":{"name":"Ballerup St.","band":1,"modes":"bus,metro","arr":["144","147","156","157","164","350S","834","H"],"off":[0,-3]}},{"type":"Feature","geometry":{"type":"Point","coordinates":[12.358434,55.72993]},"properties":{"line":"144","mode":"bus","color":"#0059a9","colorDark":"#00294f","band":1,"off":[-6.8,1.1]}},{"type":"Feature","geometry":{"type":"Point","coordinates":[12.358434,55.72993]},"properties":{"line":"147","mode":"bus","color":"#0059a9","colorDark":"#00294f","band":1,"off":[-3.4,1.1]}},{"type":"Feature","geometry":{"type":"Point","coordinates":[12.358434,55.72993]},"properties":{"line":"156","mode":"bus","color":"#0059a9","colorDark":"#00294f","band":1,"off":[0,1.1]}},{"type":"Feature","geometry":{"type":"Point","coordinates":[12.358434,55.72993]},"properties":{"line":"157","mode":"bus","color":"#0059a9","colorDark":"#00294f","band":1,"off":[3.4,1.1]}},{"type":"Feature","geometry":{"type":"Point","coordinates":[12.358434,55.72993]},"properties":{"line":"164","mode":"bus","color":"#0059a9","colorDark":"#00294f","band":1,"off":[6.8,1.1]}},{"type":"Feature","geometry":{"type":"Point","coordinates":[12.358434,55.72993]},"properties":{"line":"350S","mode":"bus","color":"#0059a9","colorDark":"#00294f","band":1,"off":[-3.4,3.1]}},{"type":"Feature","geometry":{"type":"Point","coordinates":[12.358434,55.72993]},"properties":{"line":"834","mode":"bus","color":"#0059a9","colorDark":"#00294f","band":1,"off":[0,3.1]}},{"type":"Feature","geometry":{"type":"Point","coordinates":[12.358434,55.72993]},"properties":{"line":"H","mode":"tram","color":"#E64215","colorDark":"#7f240c","band":1,"metro":1,"off":[3.4,3.1]}},{"type":"Feature","geometry":{"type":"Point","coordinates":[12.31941,55.747079]},"properties":{"name":"Måløv St. (Måløv Stationsplads)","band":1,"modes":"bus","arr":["147","152","153","157"],"off":[0,-0.8]}},{"type":"Feature","geometry":{"type":"Point","coordinates":[12.31941,55.747079]},"properties":{"name":"Måløv St.","band":1,"modes":"bus","arr":["147","152","153","157"],"off":[0,-3]}},{"type":"Feature","geometry":{"type":"Point","coordinates":[12.31941,55.747079]},"properties":{"line":"147","mode":"bus","color":"#0059a9","colorDark":"#00294f","band":1,"off":[-5.1,1.1]}},{"type":"Feature","geometry":{"type":"Point","coordinates":[12.31941,55.747079]},"properties":{"line":"152","mode":"bus","color":"#0059a9","colorDark":"#00294f","band":1,"off":[-1.7,1.1]}},{"type":"Feature","geometry":{"type":"Point","coordinates":[12.31941,55.747079]},"properties":{"line":"153","mode":"bus","color":"#0059a9","colorDark":"#00294f","band":1,"off":[1.7,1.1]}},{"type":"Feature","geometry":{"type":"Point","coordinates":[12.31941,55.747079]},"properties":{"line":"157","mode":"bus","color":"#0059a9","colorDark":"#00294f","band":1,"off":[5.1,1.1]}},{"type":"Feature","geometry":{"type":"Point","coordinates":[12.394998,55.680136]},"properties":{"name":"Glostrup Nord, Hersted St. (Fabriksparken)","band":1,"modes":"bus","arr":["149"],"off":[0,-0.8]}},{"type":"Feature","geometry":{"type":"Point","coordinates":[12.394998,55.680136]},"properties":{"line":"149","mode":"bus","color":"#0059a9","colorDark":"#00294f","band":1,"off":[0,1.1]}},{"type":"Feature","geometry":{"type":"Point","coordinates":[12.502471,55.902478]},"properties":{"name":"Kokkedal St.","band":1,"modes":"bus","arr":["150S","500S"],"off":[0,-0.8]}},{"type":"Feature","geometry":{"type":"Point","coordinates":[12.502471,55.902478]},"properties":{"line":"150S","mode":"bus","color":"#0059a9","colorDark":"#00294f","band":1,"off":[-1.7,1.1]}},{"type":"Feature","geometry":{"type":"Point","coordinates":[12.502471,55.902478]},"properties":{"line":"500S","mode":"bus","color":"#0059a9","colorDark":"#00294f","band":1,"off":[1.7,1.1]}},{"type":"Feature","geometry":{"type":"Point","coordinates":[12.374272,55.782245]},"properties":{"name":"Værløse St.","band":1,"modes":"bus","arr":["151"],"off":[0,-0.8]}},{"type":"Feature","geometry":{"type":"Point","coordinates":[12.374272,55.782245]},"properties":{"line":"151","mode":"bus","color":"#0059a9","colorDark":"#00294f","band":1,"off":[0,1.1]}},{"type":"Feature","geometry":{"type":"Point","coordinates":[12.322489,55.77732]},"properties":{"name":"Kirke Værløse, Laanshøj (Lejrvej)","band":1,"modes":"bus","arr":["151"],"off":[0,-0.8]}},{"type":"Feature","geometry":{"type":"Point","coordinates":[12.322489,55.77732]},"properties":{"line":"151","mode":"bus","color":"#0059a9","colorDark":"#00294f","band":1,"off":[0,1.1]}},{"type":"Feature","geometry":{"type":"Point","coordinates":[12.362196,55.789113]},"properties":{"name":"Værløse, Ryetvej (Ryetvej)","band":1,"modes":"bus","arr":["152","153"],"off":[0,-0.8]}},{"type":"Feature","geometry":{"type":"Point","coordinates":[12.362196,55.789113]},"properties":{"line":"152","mode":"bus","color":"#0059a9","colorDark":"#00294f","band":1,"off":[-1.7,1.1]}},{"type":"Feature","geometry":{"type":"Point","coordinates":[12.362196,55.789113]},"properties":{"line":"153","mode":"bus","color":"#0059a9","colorDark":"#00294f","band":1,"off":[1.7,1.1]}},{"type":"Feature","geometry":{"type":"Point","coordinates":[12.363052,55.713153]},"properties":{"name":"Magleparken, Syd (Magleparken)","band":1,"modes":"bus","arr":["156"],"off":[0,-0.8]}},{"type":"Feature","geometry":{"type":"Point","coordinates":[12.363052,55.713153]},"properties":{"line":"156","mode":"bus","color":"#0059a9","colorDark":"#00294f","band":1,"off":[0,1.1]}},{"type":"Feature","geometry":{"type":"Point","coordinates":[12.3099,55.732561]},"properties":{"name":"Flodvej (Smørum Parkvej)","band":1,"modes":"bus","arr":["157"],"off":[0,-0.8]}},{"type":"Feature","geometry":{"type":"Point","coordinates":[12.3099,55.732561]},"properties":{"line":"157","mode":"bus","color":"#0059a9","colorDark":"#00294f","band":1,"off":[0,1.1]}},{"type":"Feature","geometry":{"type":"Point","coordinates":[12.453957,55.761689]},"properties":{"name":"Bagsværd St., terminalen (Bagsværd St.)","band":1,"modes":"bus","arr":["160","165","250S"],"off":[0,-0.8]}},{"type":"Feature","geometry":{"type":"Point","coordinates":[12.453957,55.761689]},"properties":{"name":"Bagsværd St.","band":1,"modes":"bus","arr":["160","165","250S"],"off":[0,-4.1]}},{"type":"Feature","geometry":{"type":"Point","coordinates":[12.453957,55.761689]},"properties":{"line":"160","mode":"bus","color":"#0059a9","colorDark":"#00294f","band":1,"off":[-3.4,1.1]}},{"type":"Feature","geometry":{"type":"Point","coordinates":[12.453957,55.761689]},"properties":{"line":"165","mode":"bus","color":"#0059a9","colorDark":"#00294f","band":1,"off":[0,1.1]}},{"type":"Feature","geometry":{"type":"Point","coordinates":[12.453957,55.761689]},"properties":{"line":"250S","mode":"bus","color":"#0059a9","colorDark":"#00294f","band":1,"off":[3.4,1.1]}},{"type":"Feature","geometry":{"type":"Point","coordinates":[12.492661,55.740724]},"properties":{"name":"Tinghøjvej, Telefonfabrikken (Tinghøjvej)","band":1,"modes":"bus","arr":["160"],"off":[0,-0.8]}},{"type":"Feature","geometry":{"type":"Point","coordinates":[12.492661,55.740724]},"properties":{"line":"160","mode":"bus","color":"#0059a9","colorDark":"#00294f","band":1,"off":[0,1.1]}},{"type":"Feature","geometry":{"type":"Point","coordinates":[12.433883,55.744378]},"properties":{"name":"Peberhaven (Sennepshaven)","band":1,"modes":"bus","arr":["168"],"off":[0,-0.8]}},{"type":"Feature","geometry":{"type":"Point","coordinates":[12.433883,55.744378]},"properties":{"line":"168","mode":"bus","color":"#0059a9","colorDark":"#00294f","band":1,"off":[0,1.1]}},{"type":"Feature","geometry":{"type":"Point","coordinates":[12.443478,55.719165]},"properties":{"name":"Herlev St.","band":1,"modes":"bus","arr":["165"],"off":[0,-0.8]}},{"type":"Feature","geometry":{"type":"Point","coordinates":[12.443478,55.719165]},"properties":{"line":"165","mode":"bus","color":"#0059a9","colorDark":"#00294f","band":1,"off":[0,1.1]}},{"type":"Feature","geometry":{"type":"Point","coordinates":[12.438798,55.757275]},"properties":{"name":"Værebroparken (Værebrovej)","band":1,"modes":"bus","arr":["166"],"off":[0,-0.8]}},{"type":"Feature","geometry":{"type":"Point","coordinates":[12.438798,55.757275]},"properties":{"line":"166","mode":"bus","color":"#0059a9","colorDark":"#00294f","band":1,"off":[0,1.1]}},{"type":"Feature","geometry":{"type":"Point","coordinates":[12.385812,55.724154]},"properties":{"name":"Malmparken St. (Malmparken)","band":1,"modes":"bus","arr":["168"],"off":[0,-0.8]}},{"type":"Feature","geometry":{"type":"Point","coordinates":[12.385812,55.724154]},"properties":{"line":"168","mode":"bus","color":"#0059a9","colorDark":"#00294f","band":1,"off":[0,1.1]}},{"type":"Feature","geometry":{"type":"Point","coordinates":[12.596358,55.763055]},"properties":{"name":"Skovshoved, Strandvejen (Teglgårdsvej)","band":1,"modes":"bus","arr":["179"],"off":[0,-0.8]}},{"type":"Feature","geometry":{"type":"Point","coordinates":[12.596358,55.763055]},"properties":{"line":"179","mode":"bus","color":"#0059a9","colorDark":"#00294f","band":1,"off":[0,1.1]}},{"type":"Feature","geometry":{"type":"Point","coordinates":[12.494548,55.800905]},"properties":{"name":"Teknikerbyen (Skodsborgvej)","band":1,"modes":"bus","arr":["194"],"off":[0,-0.8]}},{"type":"Feature","geometry":{"type":"Point","coordinates":[12.494548,55.800905]},"properties":{"line":"194","mode":"bus","color":"#0059a9","colorDark":"#00294f","band":1,"off":[0,1.1]}},{"type":"Feature","geometry":{"type":"Point","coordinates":[12.536824,55.777514]},"properties":{"name":"Trongårdsvej (Hjortekærsvej)","band":1,"modes":"bus","arr":["183"],"off":[0,-0.8]}},{"type":"Feature","geometry":{"type":"Point","coordinates":[12.536824,55.777514]},"properties":{"line":"183","mode":"bus","color":"#0059a9","colorDark":"#00294f","band":1,"off":[0,1.1]}},{"type":"Feature","geometry":{"type":"Point","coordinates":[12.563255,55.8526]},"properties":{"name":"Vedbæk St.","band":1,"modes":"bus","arr":["184","193"],"off":[0,-0.8]}},{"type":"Feature","geometry":{"type":"Point","coordinates":[12.563255,55.8526]},"properties":{"line":"184","mode":"bus","color":"#0059a9","colorDark":"#00294f","band":1,"off":[-1.7,1.1]}},{"type":"Feature","geometry":{"type":"Point","coordinates":[12.563255,55.8526]},"properties":{"line":"193","mode":"bus","color":"#0059a9","colorDark":"#00294f","band":1,"off":[1.7,1.1]}},{"type":"Feature","geometry":{"type":"Point","coordinates":[12.469003,55.80806]},"properties":{"name":"Holte St.","band":1,"modes":"bus,metro","arr":["385","E"],"off":[0,-0.8]}},{"type":"Feature","geometry":{"type":"Point","coordinates":[12.469003,55.80806]},"properties":{"line":"385","mode":"bus","color":"#0059a9","colorDark":"#00294f","band":1,"off":[-1.7,1.1]}},{"type":"Feature","geometry":{"type":"Point","coordinates":[12.469003,55.80806]},"properties":{"line":"E","mode":"tram","color":"#857AB3","colorDark":"#494362","band":1,"metro":1,"off":[1.7,1.1]}},{"type":"Feature","geometry":{"type":"Point","coordinates":[12.529895,55.794341]},"properties":{"name":"Lundtofte, Lundtofteparken (Lundtoftegårdsvej)","band":1,"modes":"bus,tram","arr":["300S","L"],"off":[0,-0.8]}},{"type":"Feature","geometry":{"type":"Point","coordinates":[12.529895,55.794341]},"properties":{"name":"Lundtofte St.","band":1,"modes":"bus,tram","arr":["300S","L"],"off":[0,-4.1]}},{"type":"Feature","geometry":{"type":"Point","coordinates":[12.529895,55.794341]},"properties":{"line":"300S","mode":"bus","color":"#0059a9","colorDark":"#00294f","band":1,"off":[-1.7,1.1]}},{"type":"Feature","geometry":{"type":"Point","coordinates":[12.529895,55.794341]},"properties":{"line":"L","mode":"tram","color":"#d6212b","colorDark":"#7c1116","band":1,"off":[1.7,1.1]}},{"type":"Feature","geometry":{"type":"Point","coordinates":[12.359151,55.613474]},"properties":{"name":"Ishøj St.","band":1,"modes":"bus,tram","arr":["400S","L"],"off":[0,-0.8]}},{"type":"Feature","geometry":{"type":"Point","coordinates":[12.359151,55.613474]},"properties":{"line":"400S","mode":"bus","color":"#0059a9","colorDark":"#00294f","band":1,"off":[-1.7,1.1]}},{"type":"Feature","geometry":{"type":"Point","coordinates":[12.359151,55.613474]},"properties":{"line":"L","mode":"tram","color":"#d6212b","colorDark":"#7c1116","band":1,"off":[1.7,1.1]}},{"type":"Feature","geometry":{"type":"Point","coordinates":[12.527709,55.814144]},"properties":{"name":"Nærum St.","band":1,"modes":"bus","arr":["910"],"off":[0,-0.8]}},{"type":"Feature","geometry":{"type":"Point","coordinates":[12.527709,55.814144]},"properties":{"line":"910","mode":"bus","color":"#0059a9","colorDark":"#00294f","band":1,"off":[0,1.1]}},{"type":"Feature","geometry":{"type":"Point","coordinates":[12.491639,55.687255]},"properties":{"name":"Vanløse St.","band":1,"modes":"metro","arr":["M1","M2"],"off":[0,-0.8]}},{"type":"Feature","geometry":{"type":"Point","coordinates":[12.491639,55.687255]},"properties":{"line":"M1","mode":"tram","color":"#007756","colorDark":"#00412f","band":1,"metro":1,"off":[-1.7,1.1]}},{"type":"Feature","geometry":{"type":"Point","coordinates":[12.491639,55.687255]},"properties":{"line":"M2","mode":"tram","color":"#FFCC00","colorDark":"#8c7000","band":1,"metro":1,"off":[1.7,1.1]}},{"type":"Feature","geometry":{"type":"Point","coordinates":[12.575672,55.619347]},"properties":{"name":"Vestamager St.","band":1,"modes":"metro","arr":["M1"],"off":[0,-0.8]}},{"type":"Feature","geometry":{"type":"Point","coordinates":[12.575672,55.619347]},"properties":{"line":"M1","mode":"tram","color":"#007756","colorDark":"#00412f","band":1,"metro":1,"off":[0,1.1]}},{"type":"Feature","geometry":{"type":"Point","coordinates":[12.564534,55.671557]},"properties":{"name":"København H","band":1,"modes":"metro","arr":["M3"],"off":[0,-0.8]}},{"type":"Feature","geometry":{"type":"Point","coordinates":[12.564534,55.671557]},"properties":{"line":"M3","mode":"tram","color":"#E40037","colorDark":"#7d001e","band":1,"metro":1,"off":[0,1.1]}},{"type":"Feature","geometry":{"type":"Point","coordinates":[12.595153,55.711637]},"properties":{"name":"Orientkaj St.","band":1,"modes":"metro","arr":["M4"],"off":[0,-0.8]}},{"type":"Feature","geometry":{"type":"Point","coordinates":[12.595153,55.711637]},"properties":{"line":"M4","mode":"tram","color":"#009CD3","colorDark":"#005674","band":1,"metro":1,"off":[0,1.1]}},{"type":"Feature","geometry":{"type":"Point","coordinates":[12.311259,55.926875]},"properties":{"name":"Hillerød St.","band":1,"modes":"metro","arr":["A"],"off":[0,-0.8]}},{"type":"Feature","geometry":{"type":"Point","coordinates":[12.311259,55.926875]},"properties":{"line":"A","mode":"tram","color":"#00A7E3","colorDark":"#005c7d","band":1,"metro":1,"off":[0,1.1]}},{"type":"Feature","geometry":{"type":"Point","coordinates":[12.186455,55.457761]},"properties":{"name":"Køge St.","band":1,"modes":"metro","arr":["A","E"],"off":[0,-0.8]}},{"type":"Feature","geometry":{"type":"Point","coordinates":[12.186455,55.457761]},"properties":{"line":"A","mode":"tram","color":"#00A7E3","colorDark":"#005c7d","band":1,"metro":1,"off":[-1.7,1.1]}},{"type":"Feature","geometry":{"type":"Point","coordinates":[12.186455,55.457761]},"properties":{"line":"E","mode":"tram","color":"#857AB3","colorDark":"#494362","band":1,"metro":1,"off":[1.7,1.1]}},{"type":"Feature","geometry":{"type":"Point","coordinates":[12.373693,55.812079]},"properties":{"name":"Farum St.","band":1,"modes":"metro","arr":["B"],"off":[0,-0.8]}},{"type":"Feature","geometry":{"type":"Point","coordinates":[12.373693,55.812079]},"properties":{"line":"B","mode":"tram","color":"#55AB26","colorDark":"#2f5e15","band":1,"metro":1,"off":[0,1.1]}},{"type":"Feature","geometry":{"type":"Point","coordinates":[12.065426,55.835752]},"properties":{"name":"Frederikssund St.","band":1,"modes":"metro","arr":["C"],"off":[0,-0.8]}},{"type":"Feature","geometry":{"type":"Point","coordinates":[12.065426,55.835752]},"properties":{"line":"C","mode":"tram","color":"#F29400","colorDark":"#855100","band":1,"metro":1,"off":[0,1.1]}},{"type":"Feature","geometry":{"type":"Point","coordinates":[12.455147,55.625309]},"properties":{"name":"Avedøre St.","band":2,"modes":"bus","arr":["1A","11","133"],"off":[0,-0.8]}},{"type":"Feature","geometry":{"type":"Point","coordinates":[12.455147,55.625309]},"properties":{"line":"1A","mode":"bus","color":"#0059a9","colorDark":"#00294f","band":2,"off":[-3.4,1.1]}},{"type":"Feature","geometry":{"type":"Point","coordinates":[12.455147,55.625309]},"properties":{"line":"11","mode":"bus","color":"#0059a9","colorDark":"#00294f","band":2,"off":[0,1.1]}},{"type":"Feature","geometry":{"type":"Point","coordinates":[12.455147,55.625309]},"properties":{"line":"133","mode":"bus","color":"#0059a9","colorDark":"#00294f","band":2,"off":[3.4,1.1]}},{"type":"Feature","geometry":{"type":"Point","coordinates":[12.567972,55.730976]},"properties":{"name":"Hellerup St.","band":2,"modes":"bus","arr":["1A","21","171","172","176"],"off":[0,-0.8]}},{"type":"Feature","geometry":{"type":"Point","coordinates":[12.567972,55.730976]},"properties":{"line":"1A","mode":"bus","color":"#0059a9","colorDark":"#00294f","band":2,"off":[-6.8,1.1]}},{"type":"Feature","geometry":{"type":"Point","coordinates":[12.567972,55.730976]},"properties":{"line":"21","mode":"bus","color":"#0059a9","colorDark":"#00294f","band":2,"off":[-3.4,1.1]}},{"type":"Feature","geometry":{"type":"Point","coordinates":[12.567972,55.730976]},"properties":{"line":"171","mode":"bus","color":"#0059a9","colorDark":"#00294f","band":2,"off":[0,1.1]}},{"type":"Feature","geometry":{"type":"Point","coordinates":[12.567972,55.730976]},"properties":{"line":"172","mode":"bus","color":"#0059a9","colorDark":"#00294f","band":2,"off":[3.4,1.1]}},{"type":"Feature","geometry":{"type":"Point","coordinates":[12.567972,55.730976]},"properties":{"line":"176","mode":"bus","color":"#0059a9","colorDark":"#00294f","band":2,"off":[6.8,1.1]}},{"type":"Feature","geometry":{"type":"Point","coordinates":[12.490038,55.721063]},"properties":{"name":"Tingbjerg, Gavlhusvej (Terrasserne)","band":2,"modes":"bus","arr":["2A","131"],"off":[0,-0.8]}},{"type":"Feature","geometry":{"type":"Point","coordinates":[12.490038,55.721063]},"properties":{"line":"2A","mode":"bus","color":"#0059a9","colorDark":"#00294f","band":2,"off":[-1.7,1.1]}},{"type":"Feature","geometry":{"type":"Point","coordinates":[12.490038,55.721063]},"properties":{"line":"131","mode":"bus","color":"#0059a9","colorDark":"#00294f","band":2,"off":[1.7,1.1]}},{"type":"Feature","geometry":{"type":"Point","coordinates":[12.61186,55.689811]},"properties":{"name":"Refshaleøen (Refshalevej)","band":2,"modes":"bus","arr":["2A"],"off":[0,-0.8]}},{"type":"Feature","geometry":{"type":"Point","coordinates":[12.61186,55.689811]},"properties":{"line":"2A","mode":"bus","color":"#0059a9","colorDark":"#00294f","band":2,"off":[0,1.1]}},{"type":"Feature","geometry":{"type":"Point","coordinates":[12.483245,55.62873]},"properties":{"name":"Friheden St.","band":2,"modes":"bus","arr":["4A","132","137","139","200S"],"off":[0,-0.8]}},{"type":"Feature","geometry":{"type":"Point","coordinates":[12.483245,55.62873]},"properties":{"line":"4A","mode":"bus","color":"#0059a9","colorDark":"#00294f","band":2,"off":[-6.8,1.1]}},{"type":"Feature","geometry":{"type":"Point","coordinates":[12.483245,55.62873]},"properties":{"line":"132","mode":"bus","color":"#0059a9","colorDark":"#00294f","band":2,"off":[-3.4,1.1]}},{"type":"Feature","geometry":{"type":"Point","coordinates":[12.483245,55.62873]},"properties":{"line":"137","mode":"bus","color":"#0059a9","colorDark":"#00294f","band":2,"off":[0,1.1]}},{"type":"Feature","geometry":{"type":"Point","coordinates":[12.483245,55.62873]},"properties":{"line":"139","mode":"bus","color":"#0059a9","colorDark":"#00294f","band":2,"off":[3.4,1.1]}},{"type":"Feature","geometry":{"type":"Point","coordinates":[12.483245,55.62873]},"properties":{"line":"200S","mode":"bus","color":"#0059a9","colorDark":"#00294f","band":2,"off":[6.8,1.1]}},{"type":"Feature","geometry":{"type":"Point","coordinates":[12.493817,55.746937]},"properties":{"name":"Buddinge St. (Buddingevej)","band":2,"modes":"bus,metro","arr":["4A","6A","200S","Bx"],"off":[0,-0.8]}},{"type":"Feature","geometry":{"type":"Point","coordinates":[12.493817,55.746937]},"properties":{"name":"Buddinge St.","band":2,"modes":"bus,metro","arr":["4A","6A","200S","Bx"],"off":[0,-3]}},{"type":"Feature","geometry":{"type":"Point","coordinates":[12.493817,55.746937]},"properties":{"line":"4A","mode":"bus","color":"#0059a9","colorDark":"#00294f","band":2,"off":[-5.1,1.1]}},{"type":"Feature","geometry":{"type":"Point","coordinates":[12.493817,55.746937]},"properties":{"line":"6A","mode":"bus","color":"#0059a9","colorDark":"#00294f","band":2,"off":[-1.7,1.1]}},{"type":"Feature","geometry":{"type":"Point","coordinates":[12.493817,55.746937]},"properties":{"line":"200S","mode":"bus","color":"#0059a9","colorDark":"#00294f","band":2,"off":[1.7,1.1]}},{"type":"Feature","geometry":{"type":"Point","coordinates":[12.493817,55.746937]},"properties":{"line":"Bx","mode":"tram","color":"#AECD6B","colorDark":"#60713b","band":2,"metro":1,"off":[5.1,1.1]}},{"type":"Feature","geometry":{"type":"Point","coordinates":[12.446555,55.729956]},"properties":{"name":"Herlev Hospital, Sløjfen (Hyldemorsvej)","band":2,"modes":"bus","arr":["5C"],"off":[0,-0.8]}},{"type":"Feature","geometry":{"type":"Point","coordinates":[12.446555,55.729956]},"properties":{"line":"5C","mode":"bus","color":"#0059a9","colorDark":"#00294f","band":2,"off":[0,1.1]}},{"type":"Feature","geometry":{"type":"Point","coordinates":[12.650256,55.630056]},"properties":{"name":"Københavns Lufthavn St.","band":2,"modes":"bus,metro","arr":["5C","35","36","M2"],"off":[0,-0.8]}},{"type":"Feature","geometry":{"type":"Point","coordinates":[12.650256,55.630056]},"properties":{"name":"Københavns Lufthavn (Ellehammersvej)","band":2,"modes":"bus,metro","arr":["5C","35","36","M2"],"off":[0,-3]}},{"type":"Feature","geometry":{"type":"Point","coordinates":[12.650256,55.630056]},"properties":{"line":"5C","mode":"bus","color":"#0059a9","colorDark":"#00294f","band":2,"off":[-5.1,1.1]}},{"type":"Feature","geometry":{"type":"Point","coordinates":[12.650256,55.630056]},"properties":{"line":"35","mode":"bus","color":"#0059a9","colorDark":"#00294f","band":2,"off":[-1.7,1.1]}},{"type":"Feature","geometry":{"type":"Point","coordinates":[12.650256,55.630056]},"properties":{"line":"36","mode":"bus","color":"#0059a9","colorDark":"#00294f","band":2,"off":[1.7,1.1]}},{"type":"Feature","geometry":{"type":"Point","coordinates":[12.650256,55.630056]},"properties":{"line":"M2","mode":"tram","color":"#FFCC00","colorDark":"#8c7000","band":2,"metro":1,"off":[5.1,1.1]}},{"type":"Feature","geometry":{"type":"Point","coordinates":[12.573388,55.684479]},"properties":{"name":"Nørreport St. (Nørre Voldgade)","band":2,"modes":"bus","arr":["6A","14","15E","150S","184","185","350S"],"off":[0,-0.8]}},{"type":"Feature","geometry":{"type":"Point","coordinates":[12.573388,55.684479]},"properties":{"line":"6A","mode":"bus","color":"#0059a9","colorDark":"#00294f","band":2,"off":[-6.8,1.1]}},{"type":"Feature","geometry":{"type":"Point","coordinates":[12.573388,55.684479]},"properties":{"line":"14","mode":"bus","color":"#0059a9","colorDark":"#00294f","band":2,"off":[-3.4,1.1]}},{"type":"Feature","geometry":{"type":"Point","coordinates":[12.573388,55.684479]},"properties":{"line":"15E","mode":"bus","color":"#0059a9","colorDark":"#00294f","band":2,"off":[0,1.1]}},{"type":"Feature","geometry":{"type":"Point","coordinates":[12.573388,55.684479]},"properties":{"line":"150S","mode":"bus","color":"#0059a9","colorDark":"#00294f","band":2,"off":[3.4,1.1]}},{"type":"Feature","geometry":{"type":"Point","coordinates":[12.573388,55.684479]},"properties":{"line":"184","mode":"bus","color":"#0059a9","colorDark":"#00294f","band":2,"off":[6.8,1.1]}},{"type":"Feature","geometry":{"type":"Point","coordinates":[12.573388,55.684479]},"properties":{"line":"185","mode":"bus","color":"#0059a9","colorDark":"#00294f","band":2,"off":[-1.7,3.1]}},{"type":"Feature","geometry":{"type":"Point","coordinates":[12.573388,55.684479]},"properties":{"line":"350S","mode":"bus","color":"#0059a9","colorDark":"#00294f","band":2,"off":[1.7,3.1]}},{"type":"Feature","geometry":{"type":"Point","coordinates":[12.428013,55.705703]},"properties":{"name":"Rødovre Nord St. (Slotsherrensvej)","band":2,"modes":"bus","arr":["7A","55E","130","300S","848"],"off":[0,-0.8]}},{"type":"Feature","geometry":{"type":"Point","coordinates":[12.428013,55.705703]},"properties":{"line":"7A","mode":"bus","color":"#0059a9","colorDark":"#00294f","band":2,"off":[-6.8,1.1]}},{"type":"Feature","geometry":{"type":"Point","coordinates":[12.428013,55.705703]},"properties":{"line":"55E","mode":"bus","color":"#0059a9","colorDark":"#00294f","band":2,"off":[-3.4,1.1]}},{"type":"Feature","geometry":{"type":"Point","coordinates":[12.428013,55.705703]},"properties":{"line":"130","mode":"bus","color":"#0059a9","colorDark":"#00294f","band":2,"off":[0,1.1]}},{"type":"Feature","geometry":{"type":"Point","coordinates":[12.428013,55.705703]},"properties":{"line":"300S","mode":"bus","color":"#0059a9","colorDark":"#00294f","band":2,"off":[3.4,1.1]}},{"type":"Feature","geometry":{"type":"Point","coordinates":[12.428013,55.705703]},"properties":{"line":"848","mode":"bus","color":"#0059a9","colorDark":"#00294f","band":2,"off":[6.8,1.1]}},{"type":"Feature","geometry":{"type":"Point","coordinates":[12.563486,55.674155]},"properties":{"name":"Hovedbanegården, Frihedsstøtten (Vesterbrogade)","band":2,"modes":"bus","arr":["7A"],"off":[0,-0.8]}},{"type":"Feature","geometry":{"type":"Point","coordinates":[12.563486,55.674155]},"properties":{"line":"7A","mode":"bus","color":"#0059a9","colorDark":"#00294f","band":2,"off":[0,1.1]}},{"type":"Feature","geometry":{"type":"Point","coordinates":[12.616963,55.661194]},"properties":{"name":"Lergravsparken St., Sløjfen (Østrigsgade)","band":2,"modes":"bus","arr":["8A"],"off":[0,-0.8]}},{"type":"Feature","geometry":{"type":"Point","coordinates":[12.616963,55.661194]},"properties":{"line":"8A","mode":"bus","color":"#0059a9","colorDark":"#00294f","band":2,"off":[0,1.1]}},{"type":"Feature","geometry":{"type":"Point","coordinates":[12.586892,55.641504]},"properties":{"name":"Digevej (Vejlands Allé)","band":2,"modes":"bus","arr":["77"],"off":[0,-0.8]}},{"type":"Feature","geometry":{"type":"Point","coordinates":[12.586892,55.641504]},"properties":{"line":"77","mode":"bus","color":"#0059a9","colorDark":"#00294f","band":2,"off":[0,1.1]}},{"type":"Feature","geometry":{"type":"Point","coordinates":[12.581535,55.638468]},"properties":{"name":"Bella Center St. (Martha Christensens Vej)","band":2,"modes":"bus","arr":["34","68"],"off":[0,-0.8]}},{"type":"Feature","geometry":{"type":"Point","coordinates":[12.581535,55.638468]},"properties":{"line":"34","mode":"bus","color":"#0059a9","colorDark":"#00294f","band":2,"off":[-1.7,1.1]}},{"type":"Feature","geometry":{"type":"Point","coordinates":[12.581535,55.638468]},"properties":{"line":"68","mode":"bus","color":"#0059a9","colorDark":"#00294f","band":2,"off":[1.7,1.1]}},{"type":"Feature","geometry":{"type":"Point","coordinates":[12.513541,55.663359]},"properties":{"name":"Valby St., Lyshøjgårdsvej (Lyshøjgårdsvej)","band":2,"modes":"bus","arr":["8A","18","23","133"],"off":[0,-0.8]}},{"type":"Feature","geometry":{"type":"Point","coordinates":[12.513541,55.663359]},"properties":{"line":"8A","mode":"bus","color":"#0059a9","colorDark":"#00294f","band":2,"off":[-5.1,1.1]}},{"type":"Feature","geometry":{"type":"Point","coordinates":[12.513541,55.663359]},"properties":{"line":"18","mode":"bus","color":"#0059a9","colorDark":"#00294f","band":2,"off":[-1.7,1.1]}},{"type":"Feature","geometry":{"type":"Point","coordinates":[12.513541,55.663359]},"properties":{"line":"23","mode":"bus","color":"#0059a9","colorDark":"#00294f","band":2,"off":[1.7,1.1]}},{"type":"Feature","geometry":{"type":"Point","coordinates":[12.513541,55.663359]},"properties":{"line":"133","mode":"bus","color":"#0059a9","colorDark":"#00294f","band":2,"off":[5.1,1.1]}},{"type":"Feature","geometry":{"type":"Point","coordinates":[12.499897,55.640334]},"properties":{"name":"Åmarken St., ved broen (Åmarkvej)","band":2,"modes":"bus","arr":["10"],"off":[0,-0.8]}},{"type":"Feature","geometry":{"type":"Point","coordinates":[12.499897,55.640334]},"properties":{"line":"10","mode":"bus","color":"#0059a9","colorDark":"#00294f","band":2,"off":[0,1.1]}},{"type":"Feature","geometry":{"type":"Point","coordinates":[12.499139,55.703727]},"properties":{"name":"Brønshøj Torv (Krabbesholmvej)","band":2,"modes":"bus","arr":["10"],"off":[0,-0.8]}},{"type":"Feature","geometry":{"type":"Point","coordinates":[12.499139,55.703727]},"properties":{"line":"10","mode":"bus","color":"#0059a9","colorDark":"#00294f","band":2,"off":[0,1.1]}},{"type":"Feature","geometry":{"type":"Point","coordinates":[12.569506,55.674849]},"properties":{"name":"Rådhuspladsen St. (H.C. Andersens Boulevard)","band":2,"modes":"bus","arr":["11","33"],"off":[0,-0.8]}},{"type":"Feature","geometry":{"type":"Point","coordinates":[12.569506,55.674849]},"properties":{"line":"11","mode":"bus","color":"#0059a9","colorDark":"#00294f","band":2,"off":[-1.7,1.1]}},{"type":"Feature","geometry":{"type":"Point","coordinates":[12.569506,55.674849]},"properties":{"line":"33","mode":"bus","color":"#0059a9","colorDark":"#00294f","band":2,"off":[1.7,1.1]}},{"type":"Feature","geometry":{"type":"Point","coordinates":[12.577909,55.714761]},"properties":{"name":"Svanemøllen St., Sløjfen (Svanemøllen St.)","band":2,"modes":"bus","arr":["12"],"off":[0,-0.8]}},{"type":"Feature","geometry":{"type":"Point","coordinates":[12.577909,55.714761]},"properties":{"name":"Svanemøllen St.","band":2,"modes":"bus","arr":["12"],"off":[0,-4.1]}},{"type":"Feature","geometry":{"type":"Point","coordinates":[12.577909,55.714761]},"properties":{"line":"12","mode":"bus","color":"#0059a9","colorDark":"#00294f","band":2,"off":[0,1.1]}},{"type":"Feature","geometry":{"type":"Point","coordinates":[12.446408,55.709762]},"properties":{"name":"Islev, Viemosevej (Viemosevej)","band":2,"modes":"bus","arr":["12"],"off":[0,-0.8]}},{"type":"Feature","geometry":{"type":"Point","coordinates":[12.446408,55.709762]},"properties":{"line":"12","mode":"bus","color":"#0059a9","colorDark":"#00294f","band":2,"off":[0,1.1]}},{"type":"Feature","geometry":{"type":"Point","coordinates":[12.563375,55.721952]},"properties":{"name":"Ryparken (Rymarksvej)","band":2,"modes":"bus","arr":["14"],"off":[0,-0.8]}},{"type":"Feature","geometry":{"type":"Point","coordinates":[12.563375,55.721952]},"properties":{"line":"14","mode":"bus","color":"#0059a9","colorDark":"#00294f","band":2,"off":[0,1.1]}},{"type":"Feature","geometry":{"type":"Point","coordinates":[12.528211,55.786608]},"properties":{"name":"Rævehøjvej, DTU (Helsingørmotorvejen)","band":2,"modes":"bus","arr":["15E"],"off":[0,-0.8]}},{"type":"Feature","geometry":{"type":"Point","coordinates":[12.528211,55.786608]},"properties":{"line":"15E","mode":"bus","color":"#0059a9","colorDark":"#00294f","band":2,"off":[0,1.1]}},{"type":"Feature","geometry":{"type":"Point","coordinates":[12.529614,55.788427]},"properties":{"name":"Rævehøjvej, DTU (Helsingørmotorvejen)","band":2,"modes":"bus","arr":["15E"],"off":[0,-0.8]}},{"type":"Feature","geometry":{"type":"Point","coordinates":[12.529614,55.788427]},"properties":{"line":"15E","mode":"bus","color":"#0059a9","colorDark":"#00294f","band":2,"off":[0,1.1]}},{"type":"Feature","geometry":{"type":"Point","coordinates":[12.562017,55.676085]},"properties":{"name":"Vesterport St. (Vester Farimagsgade)","band":2,"modes":"bus","arr":["17","37"],"off":[0,-0.8]}},{"type":"Feature","geometry":{"type":"Point","coordinates":[12.562017,55.676085]},"properties":{"line":"17","mode":"bus","color":"#0059a9","colorDark":"#00294f","band":2,"off":[-1.7,1.1]}},{"type":"Feature","geometry":{"type":"Point","coordinates":[12.562017,55.676085]},"properties":{"line":"37","mode":"bus","color":"#0059a9","colorDark":"#00294f","band":2,"off":[1.7,1.1]}},{"type":"Feature","geometry":{"type":"Point","coordinates":[12.516928,55.652526]},"properties":{"name":"København Syd St. (Carl Jacobsens Vej)","band":2,"modes":"bus,metro","arr":["17","87","F","M4"],"off":[0,-0.8]}},{"type":"Feature","geometry":{"type":"Point","coordinates":[12.516928,55.652526]},"properties":{"name":"København Syd St.","band":2,"modes":"bus,metro","arr":["17","87","F","M4"],"off":[0,-4.1]}},{"type":"Feature","geometry":{"type":"Point","coordinates":[12.516928,55.652526]},"properties":{"line":"17","mode":"bus","color":"#0059a9","colorDark":"#00294f","band":2,"off":[-5.1,1.1]}},{"type":"Feature","geometry":{"type":"Point","coordinates":[12.516928,55.652526]},"properties":{"line":"87","mode":"bus","color":"#0059a9","colorDark":"#00294f","band":2,"off":[-1.7,1.1]}},{"type":"Feature","geometry":{"type":"Point","coordinates":[12.516928,55.652526]},"properties":{"line":"F","mode":"tram","color":"#FCC300","colorDark":"#8b6b00","band":2,"metro":1,"off":[1.7,1.1]}},{"type":"Feature","geometry":{"type":"Point","coordinates":[12.516928,55.652526]},"properties":{"line":"M4","mode":"tram","color":"#009CD3","colorDark":"#005674","band":2,"metro":1,"off":[5.1,1.1]}},{"type":"Feature","geometry":{"type":"Point","coordinates":[12.529793,55.72284]},"properties":{"name":"Emdrup Torv (Emdrupvej)","band":2,"modes":"bus","arr":["18","176"],"off":[0,-0.8]}},{"type":"Feature","geometry":{"type":"Point","coordinates":[12.529793,55.72284]},"properties":{"line":"18","mode":"bus","color":"#0059a9","colorDark":"#00294f","band":2,"off":[-1.7,1.1]}},{"type":"Feature","geometry":{"type":"Point","coordinates":[12.529793,55.72284]},"properties":{"line":"176","mode":"bus","color":"#0059a9","colorDark":"#00294f","band":2,"off":[1.7,1.1]}},{"type":"Feature","geometry":{"type":"Point","coordinates":[12.397609,55.66344]},"properties":{"name":"Glostrup St. (Banegårdspladsen)","band":2,"modes":"bus","arr":["19","149","847"],"off":[0,-0.8]}},{"type":"Feature","geometry":{"type":"Point","coordinates":[12.397609,55.66344]},"properties":{"name":"Glostrup St.","band":2,"modes":"bus","arr":["19","149","847"],"off":[0,-3]}},{"type":"Feature","geometry":{"type":"Point","coordinates":[12.397609,55.66344]},"properties":{"line":"19","mode":"bus","color":"#0059a9","colorDark":"#00294f","band":2,"off":[-3.4,1.1]}},{"type":"Feature","geometry":{"type":"Point","coordinates":[12.397609,55.66344]},"properties":{"line":"149","mode":"bus","color":"#0059a9","colorDark":"#00294f","band":2,"off":[0,1.1]}},{"type":"Feature","geometry":{"type":"Point","coordinates":[12.397609,55.66344]},"properties":{"line":"847","mode":"bus","color":"#0059a9","colorDark":"#00294f","band":2,"off":[3.4,1.1]}},{"type":"Feature","geometry":{"type":"Point","coordinates":[12.524058,55.646132]},"properties":{"name":"Kgs. Enghave, Valbyparken (Hammelstrupvej)","band":2,"modes":"bus","arr":["19"],"off":[0,-0.8]}},{"type":"Feature","geometry":{"type":"Point","coordinates":[12.524058,55.646132]},"properties":{"line":"19","mode":"bus","color":"#0059a9","colorDark":"#00294f","band":2,"off":[0,1.1]}},{"type":"Feature","geometry":{"type":"Point","coordinates":[12.459525,55.6651]},"properties":{"name":"Rødovre St.","band":2,"modes":"bus","arr":["21","131","848"],"off":[0,-0.8]}},{"type":"Feature","geometry":{"type":"Point","coordinates":[12.459525,55.6651]},"properties":{"line":"21","mode":"bus","color":"#0059a9","colorDark":"#00294f","band":2,"off":[-3.4,1.1]}},{"type":"Feature","geometry":{"type":"Point","coordinates":[12.459525,55.6651]},"properties":{"line":"131","mode":"bus","color":"#0059a9","colorDark":"#00294f","band":2,"off":[0,1.1]}},{"type":"Feature","geometry":{"type":"Point","coordinates":[12.459525,55.6651]},"properties":{"line":"848","mode":"bus","color":"#0059a9","colorDark":"#00294f","band":2,"off":[3.4,1.1]}},{"type":"Feature","geometry":{"type":"Point","coordinates":[12.471547,55.711991]},"properties":{"name":"Husum Torv","band":2,"modes":"bus","arr":["22"],"off":[0,-0.8]}},{"type":"Feature","geometry":{"type":"Point","coordinates":[12.471547,55.711991]},"properties":{"line":"22","mode":"bus","color":"#0059a9","colorDark":"#00294f","band":2,"off":[0,1.1]}},{"type":"Feature","geometry":{"type":"Point","coordinates":[12.399079,55.661405]},"properties":{"name":"Glostrup St., Glosemosevej (Glosemosevej)","band":2,"modes":"bus","arr":["22"],"off":[0,-0.8]}},{"type":"Feature","geometry":{"type":"Point","coordinates":[12.399079,55.661405]},"properties":{"line":"22","mode":"bus","color":"#0059a9","colorDark":"#00294f","band":2,"off":[0,1.1]}},{"type":"Feature","geometry":{"type":"Point","coordinates":[12.587646,55.77727]},"properties":{"name":"Klampenborg St. (Dyrehavevej)","band":2,"modes":"bus,metro","arr":["23","185","C","F"],"off":[0,-0.8]}},{"type":"Feature","geometry":{"type":"Point","coordinates":[12.587646,55.77727]},"properties":{"name":"Klampenborg St.","band":2,"modes":"bus,metro","arr":["23","185","C","F"],"off":[0,-3]}},{"type":"Feature","geometry":{"type":"Point","coordinates":[12.587646,55.77727]},"properties":{"line":"23","mode":"bus","color":"#0059a9","colorDark":"#00294f","band":2,"off":[-5.1,1.1]}},{"type":"Feature","geometry":{"type":"Point","coordinates":[12.587646,55.77727]},"properties":{"line":"185","mode":"bus","color":"#0059a9","colorDark":"#00294f","band":2,"off":[-1.7,1.1]}},{"type":"Feature","geometry":{"type":"Point","coordinates":[12.587646,55.77727]},"properties":{"line":"C","mode":"tram","color":"#F29400","colorDark":"#855100","band":2,"metro":1,"off":[1.7,1.1]}},{"type":"Feature","geometry":{"type":"Point","coordinates":[12.587646,55.77727]},"properties":{"line":"F","mode":"tram","color":"#FCC300","colorDark":"#8b6b00","band":2,"metro":1,"off":[5.1,1.1]}},{"type":"Feature","geometry":{"type":"Point","coordinates":[12.588633,55.74965]},"properties":{"name":"Charlottenlund Fort (Strandvejen)","band":2,"modes":"bus","arr":["192"],"off":[0,-0.8]}},{"type":"Feature","geometry":{"type":"Point","coordinates":[12.588633,55.74965]},"properties":{"line":"192","mode":"bus","color":"#0059a9","colorDark":"#00294f","band":2,"off":[0,1.1]}},{"type":"Feature","geometry":{"type":"Point","coordinates":[12.58728,55.692355]},"properties":{"name":"Østerport St. (Oslo Plads)","band":2,"modes":"bus,metro","arr":["27","H"],"off":[0,-0.8]}},{"type":"Feature","geometry":{"type":"Point","coordinates":[12.58728,55.692355]},"properties":{"name":"Østerport St.","band":2,"modes":"bus,metro","arr":["27","H"],"off":[0,-3]}},{"type":"Feature","geometry":{"type":"Point","coordinates":[12.58728,55.692355]},"properties":{"line":"27","mode":"bus","color":"#0059a9","colorDark":"#00294f","band":2,"off":[-1.7,1.1]}},{"type":"Feature","geometry":{"type":"Point","coordinates":[12.58728,55.692355]},"properties":{"line":"H","mode":"tram","color":"#E64215","colorDark":"#7f240c","band":2,"metro":1,"off":[1.7,1.1]}},{"type":"Feature","geometry":{"type":"Point","coordinates":[12.596137,55.712865]},"properties":{"name":"Orientkaj St. (Stubbeløbgade)","band":2,"modes":"bus","arr":["25"],"off":[0,-0.8]}},{"type":"Feature","geometry":{"type":"Point","coordinates":[12.596137,55.712865]},"properties":{"line":"25","mode":"bus","color":"#0059a9","colorDark":"#00294f","band":2,"off":[0,1.1]}},{"type":"Feature","geometry":{"type":"Point","coordinates":[12.618023,55.714376]},"properties":{"name":"Oceankaj","band":2,"modes":"bus","arr":["164"],"off":[0,-0.8]}},{"type":"Feature","geometry":{"type":"Point","coordinates":[12.618023,55.714376]},"properties":{"line":"164","mode":"bus","color":"#0059a9","colorDark":"#00294f","band":2,"off":[0,1.1]}},{"type":"Feature","geometry":{"type":"Point","coordinates":[12.628574,55.717863]},"properties":{"name":"Oceankaj, Terminal (Oceankaj)","band":2,"modes":"bus","arr":["25"],"off":[0,-0.8]}},{"type":"Feature","geometry":{"type":"Point","coordinates":[12.628574,55.717863]},"properties":{"line":"25","mode":"bus","color":"#0059a9","colorDark":"#00294f","band":2,"off":[0,1.1]}},{"type":"Feature","geometry":{"type":"Point","coordinates":[12.516493,55.706045]},"properties":{"name":"Bellahøj (Frederikssundsvej)","band":2,"modes":"bus","arr":["26"],"off":[0,-0.8]}},{"type":"Feature","geometry":{"type":"Point","coordinates":[12.516493,55.706045]},"properties":{"line":"26","mode":"bus","color":"#0059a9","colorDark":"#00294f","band":2,"off":[0,1.1]}},{"type":"Feature","geometry":{"type":"Point","coordinates":[12.593993,55.681006]},"properties":{"name":"Sankt Annæ Plads, Skuespilhuset (Sankt Annæ Plads)","band":2,"modes":"bus","arr":["26"],"off":[0,-0.8]}},{"type":"Feature","geometry":{"type":"Point","coordinates":[12.593993,55.681006]},"properties":{"line":"26","mode":"bus","color":"#0059a9","colorDark":"#00294f","band":2,"off":[0,1.1]}},{"type":"Feature","geometry":{"type":"Point","coordinates":[12.59426,55.700977]},"properties":{"name":"Færgeterminal Søndre Frihavn (Dampfærgevej)","band":2,"modes":"bus","arr":["27"],"off":[0,-0.8]}},{"type":"Feature","geometry":{"type":"Point","coordinates":[12.59426,55.700977]},"properties":{"line":"27","mode":"bus","color":"#0059a9","colorDark":"#00294f","band":2,"off":[0,1.1]}},{"type":"Feature","geometry":{"type":"Point","coordinates":[12.480676,55.69154]},"properties":{"name":"Ålekistevej, Sløjfen","band":2,"modes":"bus","arr":["31"],"off":[0,-0.8]}},{"type":"Feature","geometry":{"type":"Point","coordinates":[12.480676,55.69154]},"properties":{"line":"31","mode":"bus","color":"#0059a9","colorDark":"#00294f","band":2,"off":[0,1.1]}},{"type":"Feature","geometry":{"type":"Point","coordinates":[12.646491,55.635791]},"properties":{"name":"Kastrup St. (Ved Stationen)","band":2,"modes":"bus","arr":["31","32"],"off":[0,-0.8]}},{"type":"Feature","geometry":{"type":"Point","coordinates":[12.646491,55.635791]},"properties":{"line":"31","mode":"bus","color":"#0059a9","colorDark":"#00294f","band":2,"off":[-1.7,1.1]}},{"type":"Feature","geometry":{"type":"Point","coordinates":[12.646491,55.635791]},"properties":{"line":"32","mode":"bus","color":"#0059a9","colorDark":"#00294f","band":2,"off":[1.7,1.1]}},{"type":"Feature","geometry":{"type":"Point","coordinates":[12.580195,55.629355]},"properties":{"name":"Ørestad St., Kay Fiskers Plads (Kay Fiskers Plads)","band":2,"modes":"bus","arr":["32","500S"],"off":[0,-0.8]}},{"type":"Feature","geometry":{"type":"Point","coordinates":[12.580195,55.629355]},"properties":{"name":"Ørestad St. (Ørestads Boulevard)","band":2,"modes":"bus","arr":["32","500S"],"off":[0,-4.1]}},{"type":"Feature","geometry":{"type":"Point","coordinates":[12.580195,55.629355]},"properties":{"line":"32","mode":"bus","color":"#0059a9","colorDark":"#00294f","band":2,"off":[-1.7,1.1]}},{"type":"Feature","geometry":{"type":"Point","coordinates":[12.580195,55.629355]},"properties":{"line":"500S","mode":"bus","color":"#0059a9","colorDark":"#00294f","band":2,"off":[1.7,1.1]}},{"type":"Feature","geometry":{"type":"Point","coordinates":[12.669266,55.595279]},"properties":{"name":"Dragør Stationsplads","band":2,"modes":"bus","arr":["33","250S"],"off":[0,-0.8]}},{"type":"Feature","geometry":{"type":"Point","coordinates":[12.669266,55.595279]},"properties":{"line":"33","mode":"bus","color":"#0059a9","colorDark":"#00294f","band":2,"off":[-1.7,1.1]}},{"type":"Feature","geometry":{"type":"Point","coordinates":[12.669266,55.595279]},"properties":{"line":"250S","mode":"bus","color":"#0059a9","colorDark":"#00294f","band":2,"off":[1.7,1.1]}},{"type":"Feature","geometry":{"type":"Point","coordinates":[12.581666,55.591536]},"properties":{"name":"Nøragersmindevej (Kongelundsvej)","band":2,"modes":"bus","arr":["34","36"],"off":[0,-0.8]}},{"type":"Feature","geometry":{"type":"Point","coordinates":[12.581666,55.591536]},"properties":{"line":"34","mode":"bus","color":"#0059a9","colorDark":"#00294f","band":2,"off":[-1.7,1.1]}},{"type":"Feature","geometry":{"type":"Point","coordinates":[12.581666,55.591536]},"properties":{"line":"36","mode":"bus","color":"#0059a9","colorDark":"#00294f","band":2,"off":[1.7,1.1]}},{"type":"Feature","geometry":{"type":"Point","coordinates":[12.613487,55.646288]},"properties":{"name":"Sundbyvester Plads","band":2,"modes":"bus","arr":["35","77"],"off":[0,-0.8]}},{"type":"Feature","geometry":{"type":"Point","coordinates":[12.613487,55.646288]},"properties":{"line":"35","mode":"bus","color":"#0059a9","colorDark":"#00294f","band":2,"off":[-1.7,1.1]}},{"type":"Feature","geometry":{"type":"Point","coordinates":[12.613487,55.646288]},"properties":{"line":"77","mode":"bus","color":"#0059a9","colorDark":"#00294f","band":2,"off":[1.7,1.1]}},{"type":"Feature","geometry":{"type":"Point","coordinates":[12.623491,55.687024]},"properties":{"name":"Amagerværket, Vindmøllevej (Vindmøllevej)","band":2,"modes":"bus","arr":["37"],"off":[0,-0.8]}},{"type":"Feature","geometry":{"type":"Point","coordinates":[12.623491,55.687024]},"properties":{"line":"37","mode":"bus","color":"#0059a9","colorDark":"#00294f","band":2,"off":[0,1.1]}},{"type":"Feature","geometry":{"type":"Point","coordinates":[12.571031,55.823152]},"properties":{"name":"Skodsborg St. (Bøllemosevej)","band":2,"modes":"bus","arr":["40E","191"],"off":[0,-0.8]}},{"type":"Feature","geometry":{"type":"Point","coordinates":[12.571031,55.823152]},"properties":{"line":"40E","mode":"bus","color":"#0059a9","colorDark":"#00294f","band":2,"off":[-1.7,1.1]}},{"type":"Feature","geometry":{"type":"Point","coordinates":[12.571031,55.823152]},"properties":{"line":"191","mode":"bus","color":"#0059a9","colorDark":"#00294f","band":2,"off":[1.7,1.1]}},{"type":"Feature","geometry":{"type":"Point","coordinates":[12.269521,55.649046]},"properties":{"name":"Høje Taastrup St.","band":2,"modes":"bus,metro","arr":["40E","B","Bx"],"off":[0,-0.8]}},{"type":"Feature","geometry":{"type":"Point","coordinates":[12.269521,55.649046]},"properties":{"line":"40E","mode":"bus","color":"#0059a9","colorDark":"#00294f","band":2,"off":[-3.4,1.1]}},{"type":"Feature","geometry":{"type":"Point","coordinates":[12.269521,55.649046]},"properties":{"line":"B","mode":"tram","color":"#55AB26","colorDark":"#2f5e15","band":2,"metro":1,"off":[0,1.1]}},{"type":"Feature","geometry":{"type":"Point","coordinates":[12.269521,55.649046]},"properties":{"line":"Bx","mode":"tram","color":"#AECD6B","colorDark":"#60713b","band":2,"metro":1,"off":[3.4,1.1]}},{"type":"Feature","geometry":{"type":"Point","coordinates":[12.355964,55.871225]},"properties":{"name":"Allerød St. (Allerød Stationsvej)","band":2,"modes":"bus","arr":["55E","385"],"off":[0,-0.8]}},{"type":"Feature","geometry":{"type":"Point","coordinates":[12.355964,55.871225]},"properties":{"name":"Allerød St.","band":2,"modes":"bus","arr":["55E","385"],"off":[0,-3]}},{"type":"Feature","geometry":{"type":"Point","coordinates":[12.355964,55.871225]},"properties":{"line":"55E","mode":"bus","color":"#0059a9","colorDark":"#00294f","band":2,"off":[-1.7,1.1]}},{"type":"Feature","geometry":{"type":"Point","coordinates":[12.355964,55.871225]},"properties":{"line":"385","mode":"bus","color":"#0059a9","colorDark":"#00294f","band":2,"off":[1.7,1.1]}},{"type":"Feature","geometry":{"type":"Point","coordinates":[12.504446,55.768385]},"properties":{"name":"Lyngby St. (Jernbanepladsen)","band":2,"modes":"bus","arr":["68","179","182","183","191","192","193","194","400S","910"],"off":[0,-0.8]}},{"type":"Feature","geometry":{"type":"Point","coordinates":[12.504446,55.768385]},"properties":{"name":"Lyngby St. (Gammel Jernbanevej)","band":2,"modes":"bus","arr":["68","179","182","183","191","192","193","194","400S","910"],"off":[0,-3]}},{"type":"Feature","geometry":{"type":"Point","coordinates":[12.504446,55.768385]},"properties":{"name":"Lyngby St.","band":2,"modes":"bus","arr":["68","179","182","183","191","192","193","194","400S","910"],"off":[0,-5.2]}},{"type":"Feature","geometry":{"type":"Point","coordinates":[12.504446,55.768385]},"properties":{"line":"68","mode":"bus","color":"#0059a9","colorDark":"#00294f","band":2,"off":[-6.8,1.1]}},{"type":"Feature","geometry":{"type":"Point","coordinates":[12.504446,55.768385]},"properties":{"line":"179","mode":"bus","color":"#0059a9","colorDark":"#00294f","band":2,"off":[-3.4,1.1]}},{"type":"Feature","geometry":{"type":"Point","coordinates":[12.504446,55.768385]},"properties":{"line":"182","mode":"bus","color":"#0059a9","colorDark":"#00294f","band":2,"off":[0,1.1]}},{"type":"Feature","geometry":{"type":"Point","coordinates":[12.504446,55.768385]},"properties":{"line":"183","mode":"bus","color":"#0059a9","colorDark":"#00294f","band":2,"off":[3.4,1.1]}},{"type":"Feature","geometry":{"type":"Point","coordinates":[12.504446,55.768385]},"properties":{"line":"191","mode":"bus","color":"#0059a9","colorDark":"#00294f","band":2,"off":[6.8,1.1]}},{"type":"Feature","geometry":{"type":"Point","coordinates":[12.504446,55.768385]},"properties":{"line":"192","mode":"bus","color":"#0059a9","colorDark":"#00294f","band":2,"off":[-6.8,3.1]}},{"type":"Feature","geometry":{"type":"Point","coordinates":[12.504446,55.768385]},"properties":{"line":"193","mode":"bus","color":"#0059a9","colorDark":"#00294f","band":2,"off":[-3.4,3.1]}},{"type":"Feature","geometry":{"type":"Point","coordinates":[12.504446,55.768385]},"properties":{"line":"194","mode":"bus","color":"#0059a9","colorDark":"#00294f","band":2,"off":[0,3.1]}},{"type":"Feature","geometry":{"type":"Point","coordinates":[12.504446,55.768385]},"properties":{"line":"400S","mode":"bus","color":"#0059a9","colorDark":"#00294f","band":2,"off":[3.4,3.1]}},{"type":"Feature","geometry":{"type":"Point","coordinates":[12.504446,55.768385]},"properties":{"line":"910","mode":"bus","color":"#0059a9","colorDark":"#00294f","band":2,"off":[6.8,3.1]}},{"type":"Feature","geometry":{"type":"Point","coordinates":[12.530809,55.678709]},"properties":{"name":"Frederiksberg Rådhus (Smallegade)","band":2,"modes":"bus","arr":["71","72","74"],"off":[0,-0.8]}},{"type":"Feature","geometry":{"type":"Point","coordinates":[12.530809,55.678709]},"properties":{"line":"71","mode":"bus","color":"#0059a9","colorDark":"#00294f","band":2,"off":[-3.4,1.1]}},{"type":"Feature","geometry":{"type":"Point","coordinates":[12.530809,55.678709]},"properties":{"line":"72","mode":"bus","color":"#0059a9","colorDark":"#00294f","band":2,"off":[0,1.1]}},{"type":"Feature","geometry":{"type":"Point","coordinates":[12.530809,55.678709]},"properties":{"line":"74","mode":"bus","color":"#0059a9","colorDark":"#00294f","band":2,"off":[3.4,1.1]}},{"type":"Feature","geometry":{"type":"Point","coordinates":[12.636012,55.64553]},"properties":{"name":"Femøren St. (Engvej)","band":2,"modes":"bus","arr":["78"],"off":[0,-0.8]}},{"type":"Feature","geometry":{"type":"Point","coordinates":[12.636012,55.64553]},"properties":{"line":"78","mode":"bus","color":"#0059a9","colorDark":"#00294f","band":2,"off":[0,1.1]}},{"type":"Feature","geometry":{"type":"Point","coordinates":[12.588101,55.655647]},"properties":{"name":"DR Byen St. (Grønjordsvej)","band":2,"modes":"bus","arr":["78"],"off":[0,-0.8]}},{"type":"Feature","geometry":{"type":"Point","coordinates":[12.588101,55.655647]},"properties":{"line":"78","mode":"bus","color":"#0059a9","colorDark":"#00294f","band":2,"off":[0,1.1]}},{"type":"Feature","geometry":{"type":"Point","coordinates":[12.218871,55.533464]},"properties":{"name":"Solrød Strand St.","band":2,"modes":"bus","arr":["87"],"off":[0,-0.8]}},{"type":"Feature","geometry":{"type":"Point","coordinates":[12.218871,55.533464]},"properties":{"line":"87","mode":"bus","color":"#0059a9","colorDark":"#00294f","band":2,"off":[0,1.1]}},{"type":"Feature","geometry":{"type":"Point","coordinates":[12.388707,55.623078]},"properties":{"name":"Vallensbæk St.","band":2,"modes":"bus","arr":["130","143","144"],"off":[0,-0.8]}},{"type":"Feature","geometry":{"type":"Point","coordinates":[12.388707,55.623078]},"properties":{"line":"130","mode":"bus","color":"#0059a9","colorDark":"#00294f","band":2,"off":[-3.4,1.1]}},{"type":"Feature","geometry":{"type":"Point","coordinates":[12.388707,55.623078]},"properties":{"line":"143","mode":"bus","color":"#0059a9","colorDark":"#00294f","band":2,"off":[0,1.1]}},{"type":"Feature","geometry":{"type":"Point","coordinates":[12.388707,55.623078]},"properties":{"line":"144","mode":"bus","color":"#0059a9","colorDark":"#00294f","band":2,"off":[3.4,1.1]}},{"type":"Feature","geometry":{"type":"Point","coordinates":[12.457482,55.680344]},"properties":{"name":"Rødovre Centrum (Rødovre Parkvej)","band":2,"modes":"bus","arr":["132"],"off":[0,-0.8]}},{"type":"Feature","geometry":{"type":"Point","coordinates":[12.457482,55.680344]},"properties":{"line":"132","mode":"bus","color":"#0059a9","colorDark":"#00294f","band":2,"off":[0,1.1]}},{"type":"Feature","geometry":{"type":"Point","coordinates":[12.422327,55.62058]},"properties":{"name":"Brøndby Strand St. (Strandskolevej)","band":2,"modes":"bus","arr":["135"],"off":[0,-0.8]}},{"type":"Feature","geometry":{"type":"Point","coordinates":[12.422327,55.62058]},"properties":{"line":"135","mode":"bus","color":"#0059a9","colorDark":"#00294f","band":2,"off":[0,1.1]}},{"type":"Feature","geometry":{"type":"Point","coordinates":[12.39757,55.643658]},"properties":{"name":"Brøndbyvester St. (Vallensbækvej)","band":2,"modes":"bus","arr":["135"],"off":[0,-0.8]}},{"type":"Feature","geometry":{"type":"Point","coordinates":[12.39757,55.643658]},"properties":{"line":"135","mode":"bus","color":"#0059a9","colorDark":"#00294f","band":2,"off":[0,1.1]}},{"type":"Feature","geometry":{"type":"Point","coordinates":[12.468619,55.614408]},"properties":{"name":"Avedøreholmen (Stamholmen)","band":2,"modes":"bus","arr":["200S"],"off":[0,-0.8]}},{"type":"Feature","geometry":{"type":"Point","coordinates":[12.468619,55.614408]},"properties":{"line":"200S","mode":"bus","color":"#0059a9","colorDark":"#00294f","band":2,"off":[0,1.1]}},{"type":"Feature","geometry":{"type":"Point","coordinates":[12.414959,55.697212]},"properties":{"name":"Glostrup, Ejby St. (Ejby Industrivej)","band":2,"modes":"bus","arr":["141","166"],"off":[0,-0.8]}},{"type":"Feature","geometry":{"type":"Point","coordinates":[12.414959,55.697212]},"properties":{"name":"Glostrup Ejby St. (Ejby Industrivej)","band":2,"modes":"bus","arr":["141","166"],"off":[0,-4.1]}},{"type":"Feature","geometry":{"type":"Point","coordinates":[12.414959,55.697212]},"properties":{"line":"141","mode":"bus","color":"#0059a9","colorDark":"#00294f","band":2,"off":[-1.7,1.1]}},{"type":"Feature","geometry":{"type":"Point","coordinates":[12.414959,55.697212]},"properties":{"line":"166","mode":"bus","color":"#0059a9","colorDark":"#00294f","band":2,"off":[1.7,1.1]}},{"type":"Feature","geometry":{"type":"Point","coordinates":[12.352228,55.658469]},"properties":{"name":"Albertslund St. (Hedemarksvej)","band":2,"modes":"bus","arr":["141"],"off":[0,-0.8]}},{"type":"Feature","geometry":{"type":"Point","coordinates":[12.352228,55.658469]},"properties":{"line":"141","mode":"bus","color":"#0059a9","colorDark":"#00294f","band":2,"off":[0,1.1]}},{"type":"Feature","geometry":{"type":"Point","coordinates":[12.402958,55.72217]},"properties":{"name":"Skovlunde St.","band":2,"modes":"bus","arr":["142","834"],"off":[0,-0.8]}},{"type":"Feature","geometry":{"type":"Point","coordinates":[12.402958,55.72217]},"properties":{"line":"142","mode":"bus","color":"#0059a9","colorDark":"#00294f","band":2,"off":[-1.7,1.1]}},{"type":"Feature","geometry":{"type":"Point","coordinates":[12.402958,55.72217]},"properties":{"line":"834","mode":"bus","color":"#0059a9","colorDark":"#00294f","band":2,"off":[1.7,1.1]}},{"type":"Feature","geometry":{"type":"Point","coordinates":[12.499106,55.686136]},"properties":{"name":"Flintholm St. (Grøndals Parkvej)","band":2,"modes":"bus","arr":["142"],"off":[0,-0.8]}},{"type":"Feature","geometry":{"type":"Point","coordinates":[12.499106,55.686136]},"properties":{"line":"142","mode":"bus","color":"#0059a9","colorDark":"#00294f","band":2,"off":[0,1.1]}},{"type":"Feature","geometry":{"type":"Point","coordinates":[12.3472,55.680128]},"properties":{"name":"Galgebakken (Gl. Landevej)","band":2,"modes":"bus","arr":["143"],"off":[0,-0.8]}},{"type":"Feature","geometry":{"type":"Point","coordinates":[12.3472,55.680128]},"properties":{"line":"143","mode":"bus","color":"#0059a9","colorDark":"#00294f","band":2,"off":[0,1.1]}},{"type":"Feature","geometry":{"type":"Point","coordinates":[12.358434,55.72993]},"properties":{"name":"Ballerup St. (Banegårdspladsen)","band":2,"modes":"bus,metro","arr":["144","147","156","157","164","350S","834","H"],"off":[0,-0.8]}},{"type":"Feature","geometry":{"type":"Point","coordinates":[12.358434,55.72993]},"properties":{"name":"Ballerup St.","band":2,"modes":"bus,metro","arr":["144","147","156","157","164","350S","834","H"],"off":[0,-3]}},{"type":"Feature","geometry":{"type":"Point","coordinates":[12.358434,55.72993]},"properties":{"line":"144","mode":"bus","color":"#0059a9","colorDark":"#00294f","band":2,"off":[-6.8,1.1]}},{"type":"Feature","geometry":{"type":"Point","coordinates":[12.358434,55.72993]},"properties":{"line":"147","mode":"bus","color":"#0059a9","colorDark":"#00294f","band":2,"off":[-3.4,1.1]}},{"type":"Feature","geometry":{"type":"Point","coordinates":[12.358434,55.72993]},"properties":{"line":"156","mode":"bus","color":"#0059a9","colorDark":"#00294f","band":2,"off":[0,1.1]}},{"type":"Feature","geometry":{"type":"Point","coordinates":[12.358434,55.72993]},"properties":{"line":"157","mode":"bus","color":"#0059a9","colorDark":"#00294f","band":2,"off":[3.4,1.1]}},{"type":"Feature","geometry":{"type":"Point","coordinates":[12.358434,55.72993]},"properties":{"line":"164","mode":"bus","color":"#0059a9","colorDark":"#00294f","band":2,"off":[6.8,1.1]}},{"type":"Feature","geometry":{"type":"Point","coordinates":[12.358434,55.72993]},"properties":{"line":"350S","mode":"bus","color":"#0059a9","colorDark":"#00294f","band":2,"off":[-3.4,3.1]}},{"type":"Feature","geometry":{"type":"Point","coordinates":[12.358434,55.72993]},"properties":{"line":"834","mode":"bus","color":"#0059a9","colorDark":"#00294f","band":2,"off":[0,3.1]}},{"type":"Feature","geometry":{"type":"Point","coordinates":[12.358434,55.72993]},"properties":{"line":"H","mode":"tram","color":"#E64215","colorDark":"#7f240c","band":2,"metro":1,"off":[3.4,3.1]}},{"type":"Feature","geometry":{"type":"Point","coordinates":[12.31941,55.747079]},"properties":{"name":"Måløv St. (Måløv Stationsplads)","band":2,"modes":"bus","arr":["147","152","153","157"],"off":[0,-0.8]}},{"type":"Feature","geometry":{"type":"Point","coordinates":[12.31941,55.747079]},"properties":{"name":"Måløv St.","band":2,"modes":"bus","arr":["147","152","153","157"],"off":[0,-3]}},{"type":"Feature","geometry":{"type":"Point","coordinates":[12.31941,55.747079]},"properties":{"line":"147","mode":"bus","color":"#0059a9","colorDark":"#00294f","band":2,"off":[-5.1,1.1]}},{"type":"Feature","geometry":{"type":"Point","coordinates":[12.31941,55.747079]},"properties":{"line":"152","mode":"bus","color":"#0059a9","colorDark":"#00294f","band":2,"off":[-1.7,1.1]}},{"type":"Feature","geometry":{"type":"Point","coordinates":[12.31941,55.747079]},"properties":{"line":"153","mode":"bus","color":"#0059a9","colorDark":"#00294f","band":2,"off":[1.7,1.1]}},{"type":"Feature","geometry":{"type":"Point","coordinates":[12.31941,55.747079]},"properties":{"line":"157","mode":"bus","color":"#0059a9","colorDark":"#00294f","band":2,"off":[5.1,1.1]}},{"type":"Feature","geometry":{"type":"Point","coordinates":[12.394998,55.680136]},"properties":{"name":"Glostrup Nord, Hersted St. (Fabriksparken)","band":2,"modes":"bus","arr":["149"],"off":[0,-0.8]}},{"type":"Feature","geometry":{"type":"Point","coordinates":[12.394998,55.680136]},"properties":{"line":"149","mode":"bus","color":"#0059a9","colorDark":"#00294f","band":2,"off":[0,1.1]}},{"type":"Feature","geometry":{"type":"Point","coordinates":[12.502471,55.902478]},"properties":{"name":"Kokkedal St.","band":2,"modes":"bus","arr":["150S","500S"],"off":[0,-0.8]}},{"type":"Feature","geometry":{"type":"Point","coordinates":[12.502471,55.902478]},"properties":{"line":"150S","mode":"bus","color":"#0059a9","colorDark":"#00294f","band":2,"off":[-1.7,1.1]}},{"type":"Feature","geometry":{"type":"Point","coordinates":[12.502471,55.902478]},"properties":{"line":"500S","mode":"bus","color":"#0059a9","colorDark":"#00294f","band":2,"off":[1.7,1.1]}},{"type":"Feature","geometry":{"type":"Point","coordinates":[12.374272,55.782245]},"properties":{"name":"Værløse St.","band":2,"modes":"bus","arr":["151"],"off":[0,-0.8]}},{"type":"Feature","geometry":{"type":"Point","coordinates":[12.374272,55.782245]},"properties":{"line":"151","mode":"bus","color":"#0059a9","colorDark":"#00294f","band":2,"off":[0,1.1]}},{"type":"Feature","geometry":{"type":"Point","coordinates":[12.322489,55.77732]},"properties":{"name":"Kirke Værløse, Laanshøj (Lejrvej)","band":2,"modes":"bus","arr":["151"],"off":[0,-0.8]}},{"type":"Feature","geometry":{"type":"Point","coordinates":[12.322489,55.77732]},"properties":{"line":"151","mode":"bus","color":"#0059a9","colorDark":"#00294f","band":2,"off":[0,1.1]}},{"type":"Feature","geometry":{"type":"Point","coordinates":[12.362196,55.789113]},"properties":{"name":"Værløse, Ryetvej (Ryetvej)","band":2,"modes":"bus","arr":["152","153"],"off":[0,-0.8]}},{"type":"Feature","geometry":{"type":"Point","coordinates":[12.362196,55.789113]},"properties":{"line":"152","mode":"bus","color":"#0059a9","colorDark":"#00294f","band":2,"off":[-1.7,1.1]}},{"type":"Feature","geometry":{"type":"Point","coordinates":[12.362196,55.789113]},"properties":{"line":"153","mode":"bus","color":"#0059a9","colorDark":"#00294f","band":2,"off":[1.7,1.1]}},{"type":"Feature","geometry":{"type":"Point","coordinates":[12.363052,55.713153]},"properties":{"name":"Magleparken, Syd (Magleparken)","band":2,"modes":"bus","arr":["156"],"off":[0,-0.8]}},{"type":"Feature","geometry":{"type":"Point","coordinates":[12.363052,55.713153]},"properties":{"line":"156","mode":"bus","color":"#0059a9","colorDark":"#00294f","band":2,"off":[0,1.1]}},{"type":"Feature","geometry":{"type":"Point","coordinates":[12.3099,55.732561]},"properties":{"name":"Flodvej (Smørum Parkvej)","band":2,"modes":"bus","arr":["157"],"off":[0,-0.8]}},{"type":"Feature","geometry":{"type":"Point","coordinates":[12.3099,55.732561]},"properties":{"line":"157","mode":"bus","color":"#0059a9","colorDark":"#00294f","band":2,"off":[0,1.1]}},{"type":"Feature","geometry":{"type":"Point","coordinates":[12.453957,55.761689]},"properties":{"name":"Bagsværd St., terminalen (Bagsværd St.)","band":2,"modes":"bus","arr":["160","165","250S"],"off":[0,-0.8]}},{"type":"Feature","geometry":{"type":"Point","coordinates":[12.453957,55.761689]},"properties":{"name":"Bagsværd St.","band":2,"modes":"bus","arr":["160","165","250S"],"off":[0,-4.1]}},{"type":"Feature","geometry":{"type":"Point","coordinates":[12.453957,55.761689]},"properties":{"line":"160","mode":"bus","color":"#0059a9","colorDark":"#00294f","band":2,"off":[-3.4,1.1]}},{"type":"Feature","geometry":{"type":"Point","coordinates":[12.453957,55.761689]},"properties":{"line":"165","mode":"bus","color":"#0059a9","colorDark":"#00294f","band":2,"off":[0,1.1]}},{"type":"Feature","geometry":{"type":"Point","coordinates":[12.453957,55.761689]},"properties":{"line":"250S","mode":"bus","color":"#0059a9","colorDark":"#00294f","band":2,"off":[3.4,1.1]}},{"type":"Feature","geometry":{"type":"Point","coordinates":[12.492661,55.740724]},"properties":{"name":"Tinghøjvej, Telefonfabrikken (Tinghøjvej)","band":2,"modes":"bus","arr":["160"],"off":[0,-0.8]}},{"type":"Feature","geometry":{"type":"Point","coordinates":[12.492661,55.740724]},"properties":{"line":"160","mode":"bus","color":"#0059a9","colorDark":"#00294f","band":2,"off":[0,1.1]}},{"type":"Feature","geometry":{"type":"Point","coordinates":[12.433883,55.744378]},"properties":{"name":"Peberhaven (Sennepshaven)","band":2,"modes":"bus","arr":["168"],"off":[0,-0.8]}},{"type":"Feature","geometry":{"type":"Point","coordinates":[12.433883,55.744378]},"properties":{"line":"168","mode":"bus","color":"#0059a9","colorDark":"#00294f","band":2,"off":[0,1.1]}},{"type":"Feature","geometry":{"type":"Point","coordinates":[12.443478,55.719165]},"properties":{"name":"Herlev St.","band":2,"modes":"bus","arr":["165"],"off":[0,-0.8]}},{"type":"Feature","geometry":{"type":"Point","coordinates":[12.443478,55.719165]},"properties":{"line":"165","mode":"bus","color":"#0059a9","colorDark":"#00294f","band":2,"off":[0,1.1]}},{"type":"Feature","geometry":{"type":"Point","coordinates":[12.438798,55.757275]},"properties":{"name":"Værebroparken (Værebrovej)","band":2,"modes":"bus","arr":["166"],"off":[0,-0.8]}},{"type":"Feature","geometry":{"type":"Point","coordinates":[12.438798,55.757275]},"properties":{"line":"166","mode":"bus","color":"#0059a9","colorDark":"#00294f","band":2,"off":[0,1.1]}},{"type":"Feature","geometry":{"type":"Point","coordinates":[12.385812,55.724154]},"properties":{"name":"Malmparken St. (Malmparken)","band":2,"modes":"bus","arr":["168"],"off":[0,-0.8]}},{"type":"Feature","geometry":{"type":"Point","coordinates":[12.385812,55.724154]},"properties":{"line":"168","mode":"bus","color":"#0059a9","colorDark":"#00294f","band":2,"off":[0,1.1]}},{"type":"Feature","geometry":{"type":"Point","coordinates":[12.596358,55.763055]},"properties":{"name":"Skovshoved, Strandvejen (Teglgårdsvej)","band":2,"modes":"bus","arr":["179"],"off":[0,-0.8]}},{"type":"Feature","geometry":{"type":"Point","coordinates":[12.596358,55.763055]},"properties":{"line":"179","mode":"bus","color":"#0059a9","colorDark":"#00294f","band":2,"off":[0,1.1]}},{"type":"Feature","geometry":{"type":"Point","coordinates":[12.494548,55.800905]},"properties":{"name":"Teknikerbyen (Skodsborgvej)","band":2,"modes":"bus","arr":["194"],"off":[0,-0.8]}},{"type":"Feature","geometry":{"type":"Point","coordinates":[12.494548,55.800905]},"properties":{"line":"194","mode":"bus","color":"#0059a9","colorDark":"#00294f","band":2,"off":[0,1.1]}},{"type":"Feature","geometry":{"type":"Point","coordinates":[12.536824,55.777514]},"properties":{"name":"Trongårdsvej (Hjortekærsvej)","band":2,"modes":"bus","arr":["183"],"off":[0,-0.8]}},{"type":"Feature","geometry":{"type":"Point","coordinates":[12.536824,55.777514]},"properties":{"line":"183","mode":"bus","color":"#0059a9","colorDark":"#00294f","band":2,"off":[0,1.1]}},{"type":"Feature","geometry":{"type":"Point","coordinates":[12.563255,55.8526]},"properties":{"name":"Vedbæk St.","band":2,"modes":"bus","arr":["184","193"],"off":[0,-0.8]}},{"type":"Feature","geometry":{"type":"Point","coordinates":[12.563255,55.8526]},"properties":{"line":"184","mode":"bus","color":"#0059a9","colorDark":"#00294f","band":2,"off":[-1.7,1.1]}},{"type":"Feature","geometry":{"type":"Point","coordinates":[12.563255,55.8526]},"properties":{"line":"193","mode":"bus","color":"#0059a9","colorDark":"#00294f","band":2,"off":[1.7,1.1]}},{"type":"Feature","geometry":{"type":"Point","coordinates":[12.469376,55.808423]},"properties":{"name":"Holte St.","band":2,"modes":"bus","arr":["385"],"off":[0,-0.8]}},{"type":"Feature","geometry":{"type":"Point","coordinates":[12.469376,55.808423]},"properties":{"line":"385","mode":"bus","color":"#0059a9","colorDark":"#00294f","band":2,"off":[0,1.1]}},{"type":"Feature","geometry":{"type":"Point","coordinates":[12.529895,55.794341]},"properties":{"name":"Lundtofte, Lundtofteparken (Lundtoftegårdsvej)","band":2,"modes":"bus,tram","arr":["300S","L"],"off":[0,-0.8]}},{"type":"Feature","geometry":{"type":"Point","coordinates":[12.529895,55.794341]},"properties":{"name":"Lundtofte St.","band":2,"modes":"bus,tram","arr":["300S","L"],"off":[0,-4.1]}},{"type":"Feature","geometry":{"type":"Point","coordinates":[12.529895,55.794341]},"properties":{"line":"300S","mode":"bus","color":"#0059a9","colorDark":"#00294f","band":2,"off":[-1.7,1.1]}},{"type":"Feature","geometry":{"type":"Point","coordinates":[12.529895,55.794341]},"properties":{"line":"L","mode":"tram","color":"#d6212b","colorDark":"#7c1116","band":2,"off":[1.7,1.1]}},{"type":"Feature","geometry":{"type":"Point","coordinates":[12.359151,55.613474]},"properties":{"name":"Ishøj St.","band":2,"modes":"bus,tram","arr":["400S","L"],"off":[0,-0.8]}},{"type":"Feature","geometry":{"type":"Point","coordinates":[12.359151,55.613474]},"properties":{"line":"400S","mode":"bus","color":"#0059a9","colorDark":"#00294f","band":2,"off":[-1.7,1.1]}},{"type":"Feature","geometry":{"type":"Point","coordinates":[12.359151,55.613474]},"properties":{"line":"L","mode":"tram","color":"#d6212b","colorDark":"#7c1116","band":2,"off":[1.7,1.1]}},{"type":"Feature","geometry":{"type":"Point","coordinates":[12.527709,55.814144]},"properties":{"name":"Nærum St.","band":2,"modes":"bus","arr":["910"],"off":[0,-0.8]}},{"type":"Feature","geometry":{"type":"Point","coordinates":[12.527709,55.814144]},"properties":{"line":"910","mode":"bus","color":"#0059a9","colorDark":"#00294f","band":2,"off":[0,1.1]}},{"type":"Feature","geometry":{"type":"Point","coordinates":[12.491639,55.687255]},"properties":{"name":"Vanløse St.","band":2,"modes":"metro","arr":["M1","M2"],"off":[0,-0.8]}},{"type":"Feature","geometry":{"type":"Point","coordinates":[12.491639,55.687255]},"properties":{"line":"M1","mode":"tram","color":"#007756","colorDark":"#00412f","band":2,"metro":1,"off":[-1.7,1.1]}},{"type":"Feature","geometry":{"type":"Point","coordinates":[12.491639,55.687255]},"properties":{"line":"M2","mode":"tram","color":"#FFCC00","colorDark":"#8c7000","band":2,"metro":1,"off":[1.7,1.1]}},{"type":"Feature","geometry":{"type":"Point","coordinates":[12.575672,55.619347]},"properties":{"name":"Vestamager St.","band":2,"modes":"metro","arr":["M1"],"off":[0,-0.8]}},{"type":"Feature","geometry":{"type":"Point","coordinates":[12.575672,55.619347]},"properties":{"line":"M1","mode":"tram","color":"#007756","colorDark":"#00412f","band":2,"metro":1,"off":[0,1.1]}},{"type":"Feature","geometry":{"type":"Point","coordinates":[12.564534,55.671557]},"properties":{"name":"København H","band":2,"modes":"metro","arr":["M3"],"off":[0,-0.8]}},{"type":"Feature","geometry":{"type":"Point","coordinates":[12.564534,55.671557]},"properties":{"line":"M3","mode":"tram","color":"#E40037","colorDark":"#7d001e","band":2,"metro":1,"off":[0,1.1]}},{"type":"Feature","geometry":{"type":"Point","coordinates":[12.595153,55.711637]},"properties":{"name":"Orientkaj St.","band":2,"modes":"metro","arr":["M4"],"off":[0,-0.8]}},{"type":"Feature","geometry":{"type":"Point","coordinates":[12.595153,55.711637]},"properties":{"line":"M4","mode":"tram","color":"#009CD3","colorDark":"#005674","band":2,"metro":1,"off":[0,1.1]}},{"type":"Feature","geometry":{"type":"Point","coordinates":[12.311259,55.926875]},"properties":{"name":"Hillerød St.","band":2,"modes":"metro","arr":["A"],"off":[0,-0.8]}},{"type":"Feature","geometry":{"type":"Point","coordinates":[12.311259,55.926875]},"properties":{"line":"A","mode":"tram","color":"#00A7E3","colorDark":"#005c7d","band":2,"metro":1,"off":[0,1.1]}},{"type":"Feature","geometry":{"type":"Point","coordinates":[12.46863,55.807696]},"properties":{"name":"Holte St.","band":2,"modes":"metro","arr":["E"],"off":[0,-0.8]}},{"type":"Feature","geometry":{"type":"Point","coordinates":[12.46863,55.807696]},"properties":{"line":"E","mode":"tram","color":"#857AB3","colorDark":"#494362","band":2,"metro":1,"off":[0,1.1]}},{"type":"Feature","geometry":{"type":"Point","coordinates":[12.186455,55.457761]},"properties":{"name":"Køge St.","band":2,"modes":"metro","arr":["A","E"],"off":[0,-0.8]}},{"type":"Feature","geometry":{"type":"Point","coordinates":[12.186455,55.457761]},"properties":{"line":"A","mode":"tram","color":"#00A7E3","colorDark":"#005c7d","band":2,"metro":1,"off":[-1.7,1.1]}},{"type":"Feature","geometry":{"type":"Point","coordinates":[12.186455,55.457761]},"properties":{"line":"E","mode":"tram","color":"#857AB3","colorDark":"#494362","band":2,"metro":1,"off":[1.7,1.1]}},{"type":"Feature","geometry":{"type":"Point","coordinates":[12.373693,55.812079]},"properties":{"name":"Farum St.","band":2,"modes":"metro","arr":["B"],"off":[0,-0.8]}},{"type":"Feature","geometry":{"type":"Point","coordinates":[12.373693,55.812079]},"properties":{"line":"B","mode":"tram","color":"#55AB26","colorDark":"#2f5e15","band":2,"metro":1,"off":[0,1.1]}},{"type":"Feature","geometry":{"type":"Point","coordinates":[12.065426,55.835752]},"properties":{"name":"Frederikssund St.","band":2,"modes":"metro","arr":["C"],"off":[0,-0.8]}},{"type":"Feature","geometry":{"type":"Point","coordinates":[12.065426,55.835752]},"properties":{"line":"C","mode":"tram","color":"#F29400","colorDark":"#855100","band":2,"metro":1,"off":[0,1.1]}},{"type":"Feature","geometry":{"type":"Point","coordinates":[12.455147,55.625309]},"properties":{"name":"Avedøre St.","band":3,"modes":"bus","arr":["1A","11","133"],"off":[0,-0.8]}},{"type":"Feature","geometry":{"type":"Point","coordinates":[12.455147,55.625309]},"properties":{"line":"1A","mode":"bus","color":"#0059a9","colorDark":"#00294f","band":3,"off":[-3.4,1.1]}},{"type":"Feature","geometry":{"type":"Point","coordinates":[12.455147,55.625309]},"properties":{"line":"11","mode":"bus","color":"#0059a9","colorDark":"#00294f","band":3,"off":[0,1.1]}},{"type":"Feature","geometry":{"type":"Point","coordinates":[12.455147,55.625309]},"properties":{"line":"133","mode":"bus","color":"#0059a9","colorDark":"#00294f","band":3,"off":[3.4,1.1]}},{"type":"Feature","geometry":{"type":"Point","coordinates":[12.567972,55.730976]},"properties":{"name":"Hellerup St.","band":3,"modes":"bus","arr":["1A","21","171","172","176"],"off":[0,-0.8]}},{"type":"Feature","geometry":{"type":"Point","coordinates":[12.567972,55.730976]},"properties":{"line":"1A","mode":"bus","color":"#0059a9","colorDark":"#00294f","band":3,"off":[-6.8,1.1]}},{"type":"Feature","geometry":{"type":"Point","coordinates":[12.567972,55.730976]},"properties":{"line":"21","mode":"bus","color":"#0059a9","colorDark":"#00294f","band":3,"off":[-3.4,1.1]}},{"type":"Feature","geometry":{"type":"Point","coordinates":[12.567972,55.730976]},"properties":{"line":"171","mode":"bus","color":"#0059a9","colorDark":"#00294f","band":3,"off":[0,1.1]}},{"type":"Feature","geometry":{"type":"Point","coordinates":[12.567972,55.730976]},"properties":{"line":"172","mode":"bus","color":"#0059a9","colorDark":"#00294f","band":3,"off":[3.4,1.1]}},{"type":"Feature","geometry":{"type":"Point","coordinates":[12.567972,55.730976]},"properties":{"line":"176","mode":"bus","color":"#0059a9","colorDark":"#00294f","band":3,"off":[6.8,1.1]}},{"type":"Feature","geometry":{"type":"Point","coordinates":[12.490038,55.721063]},"properties":{"name":"Tingbjerg, Gavlhusvej (Terrasserne)","band":3,"modes":"bus","arr":["2A","131"],"off":[0,-0.8]}},{"type":"Feature","geometry":{"type":"Point","coordinates":[12.490038,55.721063]},"properties":{"line":"2A","mode":"bus","color":"#0059a9","colorDark":"#00294f","band":3,"off":[-1.7,1.1]}},{"type":"Feature","geometry":{"type":"Point","coordinates":[12.490038,55.721063]},"properties":{"line":"131","mode":"bus","color":"#0059a9","colorDark":"#00294f","band":3,"off":[1.7,1.1]}},{"type":"Feature","geometry":{"type":"Point","coordinates":[12.61186,55.689811]},"properties":{"name":"Refshaleøen (Refshalevej)","band":3,"modes":"bus","arr":["2A"],"off":[0,-0.8]}},{"type":"Feature","geometry":{"type":"Point","coordinates":[12.61186,55.689811]},"properties":{"line":"2A","mode":"bus","color":"#0059a9","colorDark":"#00294f","band":3,"off":[0,1.1]}},{"type":"Feature","geometry":{"type":"Point","coordinates":[12.483245,55.62873]},"properties":{"name":"Friheden St.","band":3,"modes":"bus","arr":["4A","132","137","139","200S"],"off":[0,-0.8]}},{"type":"Feature","geometry":{"type":"Point","coordinates":[12.483245,55.62873]},"properties":{"line":"4A","mode":"bus","color":"#0059a9","colorDark":"#00294f","band":3,"off":[-6.8,1.1]}},{"type":"Feature","geometry":{"type":"Point","coordinates":[12.483245,55.62873]},"properties":{"line":"132","mode":"bus","color":"#0059a9","colorDark":"#00294f","band":3,"off":[-3.4,1.1]}},{"type":"Feature","geometry":{"type":"Point","coordinates":[12.483245,55.62873]},"properties":{"line":"137","mode":"bus","color":"#0059a9","colorDark":"#00294f","band":3,"off":[0,1.1]}},{"type":"Feature","geometry":{"type":"Point","coordinates":[12.483245,55.62873]},"properties":{"line":"139","mode":"bus","color":"#0059a9","colorDark":"#00294f","band":3,"off":[3.4,1.1]}},{"type":"Feature","geometry":{"type":"Point","coordinates":[12.483245,55.62873]},"properties":{"line":"200S","mode":"bus","color":"#0059a9","colorDark":"#00294f","band":3,"off":[6.8,1.1]}},{"type":"Feature","geometry":{"type":"Point","coordinates":[12.493817,55.746937]},"properties":{"name":"Buddinge St. (Buddingevej)","band":3,"modes":"bus,metro","arr":["4A","6A","200S","Bx"],"off":[0,-0.8]}},{"type":"Feature","geometry":{"type":"Point","coordinates":[12.493817,55.746937]},"properties":{"name":"Buddinge St.","band":3,"modes":"bus,metro","arr":["4A","6A","200S","Bx"],"off":[0,-3]}},{"type":"Feature","geometry":{"type":"Point","coordinates":[12.493817,55.746937]},"properties":{"line":"4A","mode":"bus","color":"#0059a9","colorDark":"#00294f","band":3,"off":[-5.1,1.1]}},{"type":"Feature","geometry":{"type":"Point","coordinates":[12.493817,55.746937]},"properties":{"line":"6A","mode":"bus","color":"#0059a9","colorDark":"#00294f","band":3,"off":[-1.7,1.1]}},{"type":"Feature","geometry":{"type":"Point","coordinates":[12.493817,55.746937]},"properties":{"line":"200S","mode":"bus","color":"#0059a9","colorDark":"#00294f","band":3,"off":[1.7,1.1]}},{"type":"Feature","geometry":{"type":"Point","coordinates":[12.493817,55.746937]},"properties":{"line":"Bx","mode":"tram","color":"#AECD6B","colorDark":"#60713b","band":3,"metro":1,"off":[5.1,1.1]}},{"type":"Feature","geometry":{"type":"Point","coordinates":[12.446555,55.729956]},"properties":{"name":"Herlev Hospital, Sløjfen (Hyldemorsvej)","band":3,"modes":"bus","arr":["5C"],"off":[0,-0.8]}},{"type":"Feature","geometry":{"type":"Point","coordinates":[12.446555,55.729956]},"properties":{"line":"5C","mode":"bus","color":"#0059a9","colorDark":"#00294f","band":3,"off":[0,1.1]}},{"type":"Feature","geometry":{"type":"Point","coordinates":[12.651156,55.629843]},"properties":{"name":"Københavns Lufthavn (Ellehammersvej)","band":3,"modes":"bus","arr":["5C","35","36"],"off":[0,-0.8]}},{"type":"Feature","geometry":{"type":"Point","coordinates":[12.651156,55.629843]},"properties":{"line":"5C","mode":"bus","color":"#0059a9","colorDark":"#00294f","band":3,"off":[-3.4,1.1]}},{"type":"Feature","geometry":{"type":"Point","coordinates":[12.651156,55.629843]},"properties":{"line":"35","mode":"bus","color":"#0059a9","colorDark":"#00294f","band":3,"off":[0,1.1]}},{"type":"Feature","geometry":{"type":"Point","coordinates":[12.651156,55.629843]},"properties":{"line":"36","mode":"bus","color":"#0059a9","colorDark":"#00294f","band":3,"off":[3.4,1.1]}},{"type":"Feature","geometry":{"type":"Point","coordinates":[12.573388,55.684479]},"properties":{"name":"Nørreport St. (Nørre Voldgade)","band":3,"modes":"bus","arr":["6A","14","15E","150S","184","185","350S"],"off":[0,-0.8]}},{"type":"Feature","geometry":{"type":"Point","coordinates":[12.573388,55.684479]},"properties":{"line":"6A","mode":"bus","color":"#0059a9","colorDark":"#00294f","band":3,"off":[-6.8,1.1]}},{"type":"Feature","geometry":{"type":"Point","coordinates":[12.573388,55.684479]},"properties":{"line":"14","mode":"bus","color":"#0059a9","colorDark":"#00294f","band":3,"off":[-3.4,1.1]}},{"type":"Feature","geometry":{"type":"Point","coordinates":[12.573388,55.684479]},"properties":{"line":"15E","mode":"bus","color":"#0059a9","colorDark":"#00294f","band":3,"off":[0,1.1]}},{"type":"Feature","geometry":{"type":"Point","coordinates":[12.573388,55.684479]},"properties":{"line":"150S","mode":"bus","color":"#0059a9","colorDark":"#00294f","band":3,"off":[3.4,1.1]}},{"type":"Feature","geometry":{"type":"Point","coordinates":[12.573388,55.684479]},"properties":{"line":"184","mode":"bus","color":"#0059a9","colorDark":"#00294f","band":3,"off":[6.8,1.1]}},{"type":"Feature","geometry":{"type":"Point","coordinates":[12.573388,55.684479]},"properties":{"line":"185","mode":"bus","color":"#0059a9","colorDark":"#00294f","band":3,"off":[-1.7,3.1]}},{"type":"Feature","geometry":{"type":"Point","coordinates":[12.573388,55.684479]},"properties":{"line":"350S","mode":"bus","color":"#0059a9","colorDark":"#00294f","band":3,"off":[1.7,3.1]}},{"type":"Feature","geometry":{"type":"Point","coordinates":[12.428013,55.705703]},"properties":{"name":"Rødovre Nord St. (Slotsherrensvej)","band":3,"modes":"bus","arr":["7A","55E","130","300S","848"],"off":[0,-0.8]}},{"type":"Feature","geometry":{"type":"Point","coordinates":[12.428013,55.705703]},"properties":{"line":"7A","mode":"bus","color":"#0059a9","colorDark":"#00294f","band":3,"off":[-6.8,1.1]}},{"type":"Feature","geometry":{"type":"Point","coordinates":[12.428013,55.705703]},"properties":{"line":"55E","mode":"bus","color":"#0059a9","colorDark":"#00294f","band":3,"off":[-3.4,1.1]}},{"type":"Feature","geometry":{"type":"Point","coordinates":[12.428013,55.705703]},"properties":{"line":"130","mode":"bus","color":"#0059a9","colorDark":"#00294f","band":3,"off":[0,1.1]}},{"type":"Feature","geometry":{"type":"Point","coordinates":[12.428013,55.705703]},"properties":{"line":"300S","mode":"bus","color":"#0059a9","colorDark":"#00294f","band":3,"off":[3.4,1.1]}},{"type":"Feature","geometry":{"type":"Point","coordinates":[12.428013,55.705703]},"properties":{"line":"848","mode":"bus","color":"#0059a9","colorDark":"#00294f","band":3,"off":[6.8,1.1]}},{"type":"Feature","geometry":{"type":"Point","coordinates":[12.563486,55.674155]},"properties":{"name":"Hovedbanegården, Frihedsstøtten (Vesterbrogade)","band":3,"modes":"bus","arr":["7A"],"off":[0,-0.8]}},{"type":"Feature","geometry":{"type":"Point","coordinates":[12.563486,55.674155]},"properties":{"line":"7A","mode":"bus","color":"#0059a9","colorDark":"#00294f","band":3,"off":[0,1.1]}},{"type":"Feature","geometry":{"type":"Point","coordinates":[12.616963,55.661194]},"properties":{"name":"Lergravsparken St., Sløjfen (Østrigsgade)","band":3,"modes":"bus","arr":["8A"],"off":[0,-0.8]}},{"type":"Feature","geometry":{"type":"Point","coordinates":[12.616963,55.661194]},"properties":{"line":"8A","mode":"bus","color":"#0059a9","colorDark":"#00294f","band":3,"off":[0,1.1]}},{"type":"Feature","geometry":{"type":"Point","coordinates":[12.586892,55.641504]},"properties":{"name":"Digevej (Vejlands Allé)","band":3,"modes":"bus","arr":["77"],"off":[0,-0.8]}},{"type":"Feature","geometry":{"type":"Point","coordinates":[12.586892,55.641504]},"properties":{"line":"77","mode":"bus","color":"#0059a9","colorDark":"#00294f","band":3,"off":[0,1.1]}},{"type":"Feature","geometry":{"type":"Point","coordinates":[12.581535,55.638468]},"properties":{"name":"Bella Center St. (Martha Christensens Vej)","band":3,"modes":"bus","arr":["34","68"],"off":[0,-0.8]}},{"type":"Feature","geometry":{"type":"Point","coordinates":[12.581535,55.638468]},"properties":{"line":"34","mode":"bus","color":"#0059a9","colorDark":"#00294f","band":3,"off":[-1.7,1.1]}},{"type":"Feature","geometry":{"type":"Point","coordinates":[12.581535,55.638468]},"properties":{"line":"68","mode":"bus","color":"#0059a9","colorDark":"#00294f","band":3,"off":[1.7,1.1]}},{"type":"Feature","geometry":{"type":"Point","coordinates":[12.513541,55.663359]},"properties":{"name":"Valby St., Lyshøjgårdsvej (Lyshøjgårdsvej)","band":3,"modes":"bus","arr":["8A","18","23","133"],"off":[0,-0.8]}},{"type":"Feature","geometry":{"type":"Point","coordinates":[12.513541,55.663359]},"properties":{"line":"8A","mode":"bus","color":"#0059a9","colorDark":"#00294f","band":3,"off":[-5.1,1.1]}},{"type":"Feature","geometry":{"type":"Point","coordinates":[12.513541,55.663359]},"properties":{"line":"18","mode":"bus","color":"#0059a9","colorDark":"#00294f","band":3,"off":[-1.7,1.1]}},{"type":"Feature","geometry":{"type":"Point","coordinates":[12.513541,55.663359]},"properties":{"line":"23","mode":"bus","color":"#0059a9","colorDark":"#00294f","band":3,"off":[1.7,1.1]}},{"type":"Feature","geometry":{"type":"Point","coordinates":[12.513541,55.663359]},"properties":{"line":"133","mode":"bus","color":"#0059a9","colorDark":"#00294f","band":3,"off":[5.1,1.1]}},{"type":"Feature","geometry":{"type":"Point","coordinates":[12.499897,55.640334]},"properties":{"name":"Åmarken St., ved broen (Åmarkvej)","band":3,"modes":"bus","arr":["10"],"off":[0,-0.8]}},{"type":"Feature","geometry":{"type":"Point","coordinates":[12.499897,55.640334]},"properties":{"line":"10","mode":"bus","color":"#0059a9","colorDark":"#00294f","band":3,"off":[0,1.1]}},{"type":"Feature","geometry":{"type":"Point","coordinates":[12.499139,55.703727]},"properties":{"name":"Brønshøj Torv (Krabbesholmvej)","band":3,"modes":"bus","arr":["10"],"off":[0,-0.8]}},{"type":"Feature","geometry":{"type":"Point","coordinates":[12.499139,55.703727]},"properties":{"line":"10","mode":"bus","color":"#0059a9","colorDark":"#00294f","band":3,"off":[0,1.1]}},{"type":"Feature","geometry":{"type":"Point","coordinates":[12.569506,55.674849]},"properties":{"name":"Rådhuspladsen St. (H.C. Andersens Boulevard)","band":3,"modes":"bus","arr":["11","33"],"off":[0,-0.8]}},{"type":"Feature","geometry":{"type":"Point","coordinates":[12.569506,55.674849]},"properties":{"line":"11","mode":"bus","color":"#0059a9","colorDark":"#00294f","band":3,"off":[-1.7,1.1]}},{"type":"Feature","geometry":{"type":"Point","coordinates":[12.569506,55.674849]},"properties":{"line":"33","mode":"bus","color":"#0059a9","colorDark":"#00294f","band":3,"off":[1.7,1.1]}},{"type":"Feature","geometry":{"type":"Point","coordinates":[12.577953,55.714976]},"properties":{"name":"Svanemøllen St., Sløjfen (Svanemøllen St.)","band":3,"modes":"bus","arr":["12"],"off":[0,-0.8]}},{"type":"Feature","geometry":{"type":"Point","coordinates":[12.577953,55.714976]},"properties":{"line":"12","mode":"bus","color":"#0059a9","colorDark":"#00294f","band":3,"off":[0,1.1]}},{"type":"Feature","geometry":{"type":"Point","coordinates":[12.446408,55.709762]},"properties":{"name":"Islev, Viemosevej (Viemosevej)","band":3,"modes":"bus","arr":["12"],"off":[0,-0.8]}},{"type":"Feature","geometry":{"type":"Point","coordinates":[12.446408,55.709762]},"properties":{"line":"12","mode":"bus","color":"#0059a9","colorDark":"#00294f","band":3,"off":[0,1.1]}},{"type":"Feature","geometry":{"type":"Point","coordinates":[12.577864,55.714545]},"properties":{"name":"Svanemøllen St.","band":3,"modes":"bus","arr":["12"],"off":[0,-0.8]}},{"type":"Feature","geometry":{"type":"Point","coordinates":[12.577864,55.714545]},"properties":{"line":"12","mode":"bus","color":"#0059a9","colorDark":"#00294f","band":3,"off":[0,1.1]}},{"type":"Feature","geometry":{"type":"Point","coordinates":[12.563375,55.721952]},"properties":{"name":"Ryparken (Rymarksvej)","band":3,"modes":"bus","arr":["14"],"off":[0,-0.8]}},{"type":"Feature","geometry":{"type":"Point","coordinates":[12.563375,55.721952]},"properties":{"line":"14","mode":"bus","color":"#0059a9","colorDark":"#00294f","band":3,"off":[0,1.1]}},{"type":"Feature","geometry":{"type":"Point","coordinates":[12.528211,55.786608]},"properties":{"name":"Rævehøjvej, DTU (Helsingørmotorvejen)","band":3,"modes":"bus","arr":["15E"],"off":[0,-0.8]}},{"type":"Feature","geometry":{"type":"Point","coordinates":[12.528211,55.786608]},"properties":{"line":"15E","mode":"bus","color":"#0059a9","colorDark":"#00294f","band":3,"off":[0,1.1]}},{"type":"Feature","geometry":{"type":"Point","coordinates":[12.529614,55.788427]},"properties":{"name":"Rævehøjvej, DTU (Helsingørmotorvejen)","band":3,"modes":"bus","arr":["15E"],"off":[0,-0.8]}},{"type":"Feature","geometry":{"type":"Point","coordinates":[12.529614,55.788427]},"properties":{"line":"15E","mode":"bus","color":"#0059a9","colorDark":"#00294f","band":3,"off":[0,1.1]}},{"type":"Feature","geometry":{"type":"Point","coordinates":[12.562017,55.676085]},"properties":{"name":"Vesterport St. (Vester Farimagsgade)","band":3,"modes":"bus","arr":["17","37"],"off":[0,-0.8]}},{"type":"Feature","geometry":{"type":"Point","coordinates":[12.562017,55.676085]},"properties":{"line":"17","mode":"bus","color":"#0059a9","colorDark":"#00294f","band":3,"off":[-1.7,1.1]}},{"type":"Feature","geometry":{"type":"Point","coordinates":[12.562017,55.676085]},"properties":{"line":"37","mode":"bus","color":"#0059a9","colorDark":"#00294f","band":3,"off":[1.7,1.1]}},{"type":"Feature","geometry":{"type":"Point","coordinates":[12.516928,55.652526]},"properties":{"name":"København Syd St. (Carl Jacobsens Vej)","band":3,"modes":"bus,metro","arr":["17","87","F","M4"],"off":[0,-0.8]}},{"type":"Feature","geometry":{"type":"Point","coordinates":[12.516928,55.652526]},"properties":{"name":"København Syd St.","band":3,"modes":"bus,metro","arr":["17","87","F","M4"],"off":[0,-4.1]}},{"type":"Feature","geometry":{"type":"Point","coordinates":[12.516928,55.652526]},"properties":{"line":"17","mode":"bus","color":"#0059a9","colorDark":"#00294f","band":3,"off":[-5.1,1.1]}},{"type":"Feature","geometry":{"type":"Point","coordinates":[12.516928,55.652526]},"properties":{"line":"87","mode":"bus","color":"#0059a9","colorDark":"#00294f","band":3,"off":[-1.7,1.1]}},{"type":"Feature","geometry":{"type":"Point","coordinates":[12.516928,55.652526]},"properties":{"line":"F","mode":"tram","color":"#FCC300","colorDark":"#8b6b00","band":3,"metro":1,"off":[1.7,1.1]}},{"type":"Feature","geometry":{"type":"Point","coordinates":[12.516928,55.652526]},"properties":{"line":"M4","mode":"tram","color":"#009CD3","colorDark":"#005674","band":3,"metro":1,"off":[5.1,1.1]}},{"type":"Feature","geometry":{"type":"Point","coordinates":[12.529793,55.72284]},"properties":{"name":"Emdrup Torv (Emdrupvej)","band":3,"modes":"bus","arr":["18","176"],"off":[0,-0.8]}},{"type":"Feature","geometry":{"type":"Point","coordinates":[12.529793,55.72284]},"properties":{"line":"18","mode":"bus","color":"#0059a9","colorDark":"#00294f","band":3,"off":[-1.7,1.1]}},{"type":"Feature","geometry":{"type":"Point","coordinates":[12.529793,55.72284]},"properties":{"line":"176","mode":"bus","color":"#0059a9","colorDark":"#00294f","band":3,"off":[1.7,1.1]}},{"type":"Feature","geometry":{"type":"Point","coordinates":[12.398257,55.663504]},"properties":{"name":"Glostrup St.","band":3,"modes":"bus","arr":["19"],"off":[0,-0.8]}},{"type":"Feature","geometry":{"type":"Point","coordinates":[12.398257,55.663504]},"properties":{"line":"19","mode":"bus","color":"#0059a9","colorDark":"#00294f","band":3,"off":[0,1.1]}},{"type":"Feature","geometry":{"type":"Point","coordinates":[12.524058,55.646132]},"properties":{"name":"Kgs. Enghave, Valbyparken (Hammelstrupvej)","band":3,"modes":"bus","arr":["19"],"off":[0,-0.8]}},{"type":"Feature","geometry":{"type":"Point","coordinates":[12.524058,55.646132]},"properties":{"line":"19","mode":"bus","color":"#0059a9","colorDark":"#00294f","band":3,"off":[0,1.1]}},{"type":"Feature","geometry":{"type":"Point","coordinates":[12.459525,55.6651]},"properties":{"name":"Rødovre St.","band":3,"modes":"bus","arr":["21","131","848"],"off":[0,-0.8]}},{"type":"Feature","geometry":{"type":"Point","coordinates":[12.459525,55.6651]},"properties":{"line":"21","mode":"bus","color":"#0059a9","colorDark":"#00294f","band":3,"off":[-3.4,1.1]}},{"type":"Feature","geometry":{"type":"Point","coordinates":[12.459525,55.6651]},"properties":{"line":"131","mode":"bus","color":"#0059a9","colorDark":"#00294f","band":3,"off":[0,1.1]}},{"type":"Feature","geometry":{"type":"Point","coordinates":[12.459525,55.6651]},"properties":{"line":"848","mode":"bus","color":"#0059a9","colorDark":"#00294f","band":3,"off":[3.4,1.1]}},{"type":"Feature","geometry":{"type":"Point","coordinates":[12.471547,55.711991]},"properties":{"name":"Husum Torv","band":3,"modes":"bus","arr":["22"],"off":[0,-0.8]}},{"type":"Feature","geometry":{"type":"Point","coordinates":[12.471547,55.711991]},"properties":{"line":"22","mode":"bus","color":"#0059a9","colorDark":"#00294f","band":3,"off":[0,1.1]}},{"type":"Feature","geometry":{"type":"Point","coordinates":[12.399079,55.661405]},"properties":{"name":"Glostrup St., Glosemosevej (Glosemosevej)","band":3,"modes":"bus","arr":["22"],"off":[0,-0.8]}},{"type":"Feature","geometry":{"type":"Point","coordinates":[12.399079,55.661405]},"properties":{"line":"22","mode":"bus","color":"#0059a9","colorDark":"#00294f","band":3,"off":[0,1.1]}},{"type":"Feature","geometry":{"type":"Point","coordinates":[12.587646,55.77727]},"properties":{"name":"Klampenborg St. (Dyrehavevej)","band":3,"modes":"bus,metro","arr":["23","185","C","F"],"off":[0,-0.8]}},{"type":"Feature","geometry":{"type":"Point","coordinates":[12.587646,55.77727]},"properties":{"name":"Klampenborg St.","band":3,"modes":"bus,metro","arr":["23","185","C","F"],"off":[0,-3]}},{"type":"Feature","geometry":{"type":"Point","coordinates":[12.587646,55.77727]},"properties":{"line":"23","mode":"bus","color":"#0059a9","colorDark":"#00294f","band":3,"off":[-5.1,1.1]}},{"type":"Feature","geometry":{"type":"Point","coordinates":[12.587646,55.77727]},"properties":{"line":"185","mode":"bus","color":"#0059a9","colorDark":"#00294f","band":3,"off":[-1.7,1.1]}},{"type":"Feature","geometry":{"type":"Point","coordinates":[12.587646,55.77727]},"properties":{"line":"C","mode":"tram","color":"#F29400","colorDark":"#855100","band":3,"metro":1,"off":[1.7,1.1]}},{"type":"Feature","geometry":{"type":"Point","coordinates":[12.587646,55.77727]},"properties":{"line":"F","mode":"tram","color":"#FCC300","colorDark":"#8b6b00","band":3,"metro":1,"off":[5.1,1.1]}},{"type":"Feature","geometry":{"type":"Point","coordinates":[12.588633,55.74965]},"properties":{"name":"Charlottenlund Fort (Strandvejen)","band":3,"modes":"bus","arr":["192"],"off":[0,-0.8]}},{"type":"Feature","geometry":{"type":"Point","coordinates":[12.588633,55.74965]},"properties":{"line":"192","mode":"bus","color":"#0059a9","colorDark":"#00294f","band":3,"off":[0,1.1]}},{"type":"Feature","geometry":{"type":"Point","coordinates":[12.587018,55.692085]},"properties":{"name":"Østerport St. (Oslo Plads)","band":3,"modes":"bus","arr":["27"],"off":[0,-0.8]}},{"type":"Feature","geometry":{"type":"Point","coordinates":[12.587018,55.692085]},"properties":{"line":"27","mode":"bus","color":"#0059a9","colorDark":"#00294f","band":3,"off":[0,1.1]}},{"type":"Feature","geometry":{"type":"Point","coordinates":[12.596137,55.712865]},"properties":{"name":"Orientkaj St. (Stubbeløbgade)","band":3,"modes":"bus","arr":["25"],"off":[0,-0.8]}},{"type":"Feature","geometry":{"type":"Point","coordinates":[12.596137,55.712865]},"properties":{"line":"25","mode":"bus","color":"#0059a9","colorDark":"#00294f","band":3,"off":[0,1.1]}},{"type":"Feature","geometry":{"type":"Point","coordinates":[12.618023,55.714376]},"properties":{"name":"Oceankaj","band":3,"modes":"bus","arr":["164"],"off":[0,-0.8]}},{"type":"Feature","geometry":{"type":"Point","coordinates":[12.618023,55.714376]},"properties":{"line":"164","mode":"bus","color":"#0059a9","colorDark":"#00294f","band":3,"off":[0,1.1]}},{"type":"Feature","geometry":{"type":"Point","coordinates":[12.628574,55.717863]},"properties":{"name":"Oceankaj, Terminal (Oceankaj)","band":3,"modes":"bus","arr":["25"],"off":[0,-0.8]}},{"type":"Feature","geometry":{"type":"Point","coordinates":[12.628574,55.717863]},"properties":{"line":"25","mode":"bus","color":"#0059a9","colorDark":"#00294f","band":3,"off":[0,1.1]}},{"type":"Feature","geometry":{"type":"Point","coordinates":[12.516493,55.706045]},"properties":{"name":"Bellahøj (Frederikssundsvej)","band":3,"modes":"bus","arr":["26"],"off":[0,-0.8]}},{"type":"Feature","geometry":{"type":"Point","coordinates":[12.516493,55.706045]},"properties":{"line":"26","mode":"bus","color":"#0059a9","colorDark":"#00294f","band":3,"off":[0,1.1]}},{"type":"Feature","geometry":{"type":"Point","coordinates":[12.593993,55.681006]},"properties":{"name":"Sankt Annæ Plads, Skuespilhuset (Sankt Annæ Plads)","band":3,"modes":"bus","arr":["26"],"off":[0,-0.8]}},{"type":"Feature","geometry":{"type":"Point","coordinates":[12.593993,55.681006]},"properties":{"line":"26","mode":"bus","color":"#0059a9","colorDark":"#00294f","band":3,"off":[0,1.1]}},{"type":"Feature","geometry":{"type":"Point","coordinates":[12.59426,55.700977]},"properties":{"name":"Færgeterminal Søndre Frihavn (Dampfærgevej)","band":3,"modes":"bus","arr":["27"],"off":[0,-0.8]}},{"type":"Feature","geometry":{"type":"Point","coordinates":[12.59426,55.700977]},"properties":{"line":"27","mode":"bus","color":"#0059a9","colorDark":"#00294f","band":3,"off":[0,1.1]}},{"type":"Feature","geometry":{"type":"Point","coordinates":[12.480676,55.69154]},"properties":{"name":"Ålekistevej, Sløjfen","band":3,"modes":"bus","arr":["31"],"off":[0,-0.8]}},{"type":"Feature","geometry":{"type":"Point","coordinates":[12.480676,55.69154]},"properties":{"line":"31","mode":"bus","color":"#0059a9","colorDark":"#00294f","band":3,"off":[0,1.1]}},{"type":"Feature","geometry":{"type":"Point","coordinates":[12.646491,55.635791]},"properties":{"name":"Kastrup St. (Ved Stationen)","band":3,"modes":"bus","arr":["31","32"],"off":[0,-0.8]}},{"type":"Feature","geometry":{"type":"Point","coordinates":[12.646491,55.635791]},"properties":{"line":"31","mode":"bus","color":"#0059a9","colorDark":"#00294f","band":3,"off":[-1.7,1.1]}},{"type":"Feature","geometry":{"type":"Point","coordinates":[12.646491,55.635791]},"properties":{"line":"32","mode":"bus","color":"#0059a9","colorDark":"#00294f","band":3,"off":[1.7,1.1]}},{"type":"Feature","geometry":{"type":"Point","coordinates":[12.581236,55.629422]},"properties":{"name":"Ørestad St., Kay Fiskers Plads (Kay Fiskers Plads)","band":3,"modes":"bus","arr":["32"],"off":[0,-0.8]}},{"type":"Feature","geometry":{"type":"Point","coordinates":[12.581236,55.629422]},"properties":{"line":"32","mode":"bus","color":"#0059a9","colorDark":"#00294f","band":3,"off":[0,1.1]}},{"type":"Feature","geometry":{"type":"Point","coordinates":[12.669266,55.595279]},"properties":{"name":"Dragør Stationsplads","band":3,"modes":"bus","arr":["33","250S"],"off":[0,-0.8]}},{"type":"Feature","geometry":{"type":"Point","coordinates":[12.669266,55.595279]},"properties":{"line":"33","mode":"bus","color":"#0059a9","colorDark":"#00294f","band":3,"off":[-1.7,1.1]}},{"type":"Feature","geometry":{"type":"Point","coordinates":[12.669266,55.595279]},"properties":{"line":"250S","mode":"bus","color":"#0059a9","colorDark":"#00294f","band":3,"off":[1.7,1.1]}},{"type":"Feature","geometry":{"type":"Point","coordinates":[12.581666,55.591536]},"properties":{"name":"Nøragersmindevej (Kongelundsvej)","band":3,"modes":"bus","arr":["34","36"],"off":[0,-0.8]}},{"type":"Feature","geometry":{"type":"Point","coordinates":[12.581666,55.591536]},"properties":{"line":"34","mode":"bus","color":"#0059a9","colorDark":"#00294f","band":3,"off":[-1.7,1.1]}},{"type":"Feature","geometry":{"type":"Point","coordinates":[12.581666,55.591536]},"properties":{"line":"36","mode":"bus","color":"#0059a9","colorDark":"#00294f","band":3,"off":[1.7,1.1]}},{"type":"Feature","geometry":{"type":"Point","coordinates":[12.613487,55.646288]},"properties":{"name":"Sundbyvester Plads","band":3,"modes":"bus","arr":["35","77"],"off":[0,-0.8]}},{"type":"Feature","geometry":{"type":"Point","coordinates":[12.613487,55.646288]},"properties":{"line":"35","mode":"bus","color":"#0059a9","colorDark":"#00294f","band":3,"off":[-1.7,1.1]}},{"type":"Feature","geometry":{"type":"Point","coordinates":[12.613487,55.646288]},"properties":{"line":"77","mode":"bus","color":"#0059a9","colorDark":"#00294f","band":3,"off":[1.7,1.1]}},{"type":"Feature","geometry":{"type":"Point","coordinates":[12.623491,55.687024]},"properties":{"name":"Amagerværket, Vindmøllevej (Vindmøllevej)","band":3,"modes":"bus","arr":["37"],"off":[0,-0.8]}},{"type":"Feature","geometry":{"type":"Point","coordinates":[12.623491,55.687024]},"properties":{"line":"37","mode":"bus","color":"#0059a9","colorDark":"#00294f","band":3,"off":[0,1.1]}},{"type":"Feature","geometry":{"type":"Point","coordinates":[12.571031,55.823152]},"properties":{"name":"Skodsborg St. (Bøllemosevej)","band":3,"modes":"bus","arr":["40E","191"],"off":[0,-0.8]}},{"type":"Feature","geometry":{"type":"Point","coordinates":[12.571031,55.823152]},"properties":{"line":"40E","mode":"bus","color":"#0059a9","colorDark":"#00294f","band":3,"off":[-1.7,1.1]}},{"type":"Feature","geometry":{"type":"Point","coordinates":[12.571031,55.823152]},"properties":{"line":"191","mode":"bus","color":"#0059a9","colorDark":"#00294f","band":3,"off":[1.7,1.1]}},{"type":"Feature","geometry":{"type":"Point","coordinates":[12.269425,55.649325]},"properties":{"name":"Høje Taastrup St.","band":3,"modes":"bus","arr":["40E"],"off":[0,-0.8]}},{"type":"Feature","geometry":{"type":"Point","coordinates":[12.269425,55.649325]},"properties":{"line":"40E","mode":"bus","color":"#0059a9","colorDark":"#00294f","band":3,"off":[0,1.1]}},{"type":"Feature","geometry":{"type":"Point","coordinates":[12.355964,55.871225]},"properties":{"name":"Allerød St. (Allerød Stationsvej)","band":3,"modes":"bus","arr":["55E","385"],"off":[0,-0.8]}},{"type":"Feature","geometry":{"type":"Point","coordinates":[12.355964,55.871225]},"properties":{"name":"Allerød St.","band":3,"modes":"bus","arr":["55E","385"],"off":[0,-3]}},{"type":"Feature","geometry":{"type":"Point","coordinates":[12.355964,55.871225]},"properties":{"line":"55E","mode":"bus","color":"#0059a9","colorDark":"#00294f","band":3,"off":[-1.7,1.1]}},{"type":"Feature","geometry":{"type":"Point","coordinates":[12.355964,55.871225]},"properties":{"line":"385","mode":"bus","color":"#0059a9","colorDark":"#00294f","band":3,"off":[1.7,1.1]}},{"type":"Feature","geometry":{"type":"Point","coordinates":[12.504446,55.768385]},"properties":{"name":"Lyngby St. (Jernbanepladsen)","band":3,"modes":"bus","arr":["68","179","182","183","191","192","193","194","400S","910"],"off":[0,-0.8]}},{"type":"Feature","geometry":{"type":"Point","coordinates":[12.504446,55.768385]},"properties":{"name":"Lyngby St. (Gammel Jernbanevej)","band":3,"modes":"bus","arr":["68","179","182","183","191","192","193","194","400S","910"],"off":[0,-3]}},{"type":"Feature","geometry":{"type":"Point","coordinates":[12.504446,55.768385]},"properties":{"name":"Lyngby St.","band":3,"modes":"bus","arr":["68","179","182","183","191","192","193","194","400S","910"],"off":[0,-5.2]}},{"type":"Feature","geometry":{"type":"Point","coordinates":[12.504446,55.768385]},"properties":{"line":"68","mode":"bus","color":"#0059a9","colorDark":"#00294f","band":3,"off":[-6.8,1.1]}},{"type":"Feature","geometry":{"type":"Point","coordinates":[12.504446,55.768385]},"properties":{"line":"179","mode":"bus","color":"#0059a9","colorDark":"#00294f","band":3,"off":[-3.4,1.1]}},{"type":"Feature","geometry":{"type":"Point","coordinates":[12.504446,55.768385]},"properties":{"line":"182","mode":"bus","color":"#0059a9","colorDark":"#00294f","band":3,"off":[0,1.1]}},{"type":"Feature","geometry":{"type":"Point","coordinates":[12.504446,55.768385]},"properties":{"line":"183","mode":"bus","color":"#0059a9","colorDark":"#00294f","band":3,"off":[3.4,1.1]}},{"type":"Feature","geometry":{"type":"Point","coordinates":[12.504446,55.768385]},"properties":{"line":"191","mode":"bus","color":"#0059a9","colorDark":"#00294f","band":3,"off":[6.8,1.1]}},{"type":"Feature","geometry":{"type":"Point","coordinates":[12.504446,55.768385]},"properties":{"line":"192","mode":"bus","color":"#0059a9","colorDark":"#00294f","band":3,"off":[-6.8,3.1]}},{"type":"Feature","geometry":{"type":"Point","coordinates":[12.504446,55.768385]},"properties":{"line":"193","mode":"bus","color":"#0059a9","colorDark":"#00294f","band":3,"off":[-3.4,3.1]}},{"type":"Feature","geometry":{"type":"Point","coordinates":[12.504446,55.768385]},"properties":{"line":"194","mode":"bus","color":"#0059a9","colorDark":"#00294f","band":3,"off":[0,3.1]}},{"type":"Feature","geometry":{"type":"Point","coordinates":[12.504446,55.768385]},"properties":{"line":"400S","mode":"bus","color":"#0059a9","colorDark":"#00294f","band":3,"off":[3.4,3.1]}},{"type":"Feature","geometry":{"type":"Point","coordinates":[12.504446,55.768385]},"properties":{"line":"910","mode":"bus","color":"#0059a9","colorDark":"#00294f","band":3,"off":[6.8,3.1]}},{"type":"Feature","geometry":{"type":"Point","coordinates":[12.530809,55.678709]},"properties":{"name":"Frederiksberg Rådhus (Smallegade)","band":3,"modes":"bus","arr":["71","72","74"],"off":[0,-0.8]}},{"type":"Feature","geometry":{"type":"Point","coordinates":[12.530809,55.678709]},"properties":{"line":"71","mode":"bus","color":"#0059a9","colorDark":"#00294f","band":3,"off":[-3.4,1.1]}},{"type":"Feature","geometry":{"type":"Point","coordinates":[12.530809,55.678709]},"properties":{"line":"72","mode":"bus","color":"#0059a9","colorDark":"#00294f","band":3,"off":[0,1.1]}},{"type":"Feature","geometry":{"type":"Point","coordinates":[12.530809,55.678709]},"properties":{"line":"74","mode":"bus","color":"#0059a9","colorDark":"#00294f","band":3,"off":[3.4,1.1]}},{"type":"Feature","geometry":{"type":"Point","coordinates":[12.636012,55.64553]},"properties":{"name":"Femøren St. (Engvej)","band":3,"modes":"bus","arr":["78"],"off":[0,-0.8]}},{"type":"Feature","geometry":{"type":"Point","coordinates":[12.636012,55.64553]},"properties":{"line":"78","mode":"bus","color":"#0059a9","colorDark":"#00294f","band":3,"off":[0,1.1]}},{"type":"Feature","geometry":{"type":"Point","coordinates":[12.588101,55.655647]},"properties":{"name":"DR Byen St. (Grønjordsvej)","band":3,"modes":"bus","arr":["78"],"off":[0,-0.8]}},{"type":"Feature","geometry":{"type":"Point","coordinates":[12.588101,55.655647]},"properties":{"line":"78","mode":"bus","color":"#0059a9","colorDark":"#00294f","band":3,"off":[0,1.1]}},{"type":"Feature","geometry":{"type":"Point","coordinates":[12.218871,55.533464]},"properties":{"name":"Solrød Strand St.","band":3,"modes":"bus","arr":["87"],"off":[0,-0.8]}},{"type":"Feature","geometry":{"type":"Point","coordinates":[12.218871,55.533464]},"properties":{"line":"87","mode":"bus","color":"#0059a9","colorDark":"#00294f","band":3,"off":[0,1.1]}},{"type":"Feature","geometry":{"type":"Point","coordinates":[12.388707,55.623078]},"properties":{"name":"Vallensbæk St.","band":3,"modes":"bus","arr":["130","143","144"],"off":[0,-0.8]}},{"type":"Feature","geometry":{"type":"Point","coordinates":[12.388707,55.623078]},"properties":{"line":"130","mode":"bus","color":"#0059a9","colorDark":"#00294f","band":3,"off":[-3.4,1.1]}},{"type":"Feature","geometry":{"type":"Point","coordinates":[12.388707,55.623078]},"properties":{"line":"143","mode":"bus","color":"#0059a9","colorDark":"#00294f","band":3,"off":[0,1.1]}},{"type":"Feature","geometry":{"type":"Point","coordinates":[12.388707,55.623078]},"properties":{"line":"144","mode":"bus","color":"#0059a9","colorDark":"#00294f","band":3,"off":[3.4,1.1]}},{"type":"Feature","geometry":{"type":"Point","coordinates":[12.457482,55.680344]},"properties":{"name":"Rødovre Centrum (Rødovre Parkvej)","band":3,"modes":"bus","arr":["132"],"off":[0,-0.8]}},{"type":"Feature","geometry":{"type":"Point","coordinates":[12.457482,55.680344]},"properties":{"line":"132","mode":"bus","color":"#0059a9","colorDark":"#00294f","band":3,"off":[0,1.1]}},{"type":"Feature","geometry":{"type":"Point","coordinates":[12.422327,55.62058]},"properties":{"name":"Brøndby Strand St. (Strandskolevej)","band":3,"modes":"bus","arr":["135"],"off":[0,-0.8]}},{"type":"Feature","geometry":{"type":"Point","coordinates":[12.422327,55.62058]},"properties":{"line":"135","mode":"bus","color":"#0059a9","colorDark":"#00294f","band":3,"off":[0,1.1]}},{"type":"Feature","geometry":{"type":"Point","coordinates":[12.39757,55.643658]},"properties":{"name":"Brøndbyvester St. (Vallensbækvej)","band":3,"modes":"bus","arr":["135"],"off":[0,-0.8]}},{"type":"Feature","geometry":{"type":"Point","coordinates":[12.39757,55.643658]},"properties":{"line":"135","mode":"bus","color":"#0059a9","colorDark":"#00294f","band":3,"off":[0,1.1]}},{"type":"Feature","geometry":{"type":"Point","coordinates":[12.468619,55.614408]},"properties":{"name":"Avedøreholmen (Stamholmen)","band":3,"modes":"bus","arr":["200S"],"off":[0,-0.8]}},{"type":"Feature","geometry":{"type":"Point","coordinates":[12.468619,55.614408]},"properties":{"line":"200S","mode":"bus","color":"#0059a9","colorDark":"#00294f","band":3,"off":[0,1.1]}},{"type":"Feature","geometry":{"type":"Point","coordinates":[12.414959,55.697212]},"properties":{"name":"Glostrup, Ejby St. (Ejby Industrivej)","band":3,"modes":"bus","arr":["141","166"],"off":[0,-0.8]}},{"type":"Feature","geometry":{"type":"Point","coordinates":[12.414959,55.697212]},"properties":{"name":"Glostrup Ejby St. (Ejby Industrivej)","band":3,"modes":"bus","arr":["141","166"],"off":[0,-4.1]}},{"type":"Feature","geometry":{"type":"Point","coordinates":[12.414959,55.697212]},"properties":{"line":"141","mode":"bus","color":"#0059a9","colorDark":"#00294f","band":3,"off":[-1.7,1.1]}},{"type":"Feature","geometry":{"type":"Point","coordinates":[12.414959,55.697212]},"properties":{"line":"166","mode":"bus","color":"#0059a9","colorDark":"#00294f","band":3,"off":[1.7,1.1]}},{"type":"Feature","geometry":{"type":"Point","coordinates":[12.352228,55.658469]},"properties":{"name":"Albertslund St. (Hedemarksvej)","band":3,"modes":"bus","arr":["141"],"off":[0,-0.8]}},{"type":"Feature","geometry":{"type":"Point","coordinates":[12.352228,55.658469]},"properties":{"line":"141","mode":"bus","color":"#0059a9","colorDark":"#00294f","band":3,"off":[0,1.1]}},{"type":"Feature","geometry":{"type":"Point","coordinates":[12.402958,55.72217]},"properties":{"name":"Skovlunde St.","band":3,"modes":"bus","arr":["142","834"],"off":[0,-0.8]}},{"type":"Feature","geometry":{"type":"Point","coordinates":[12.402958,55.72217]},"properties":{"line":"142","mode":"bus","color":"#0059a9","colorDark":"#00294f","band":3,"off":[-1.7,1.1]}},{"type":"Feature","geometry":{"type":"Point","coordinates":[12.402958,55.72217]},"properties":{"line":"834","mode":"bus","color":"#0059a9","colorDark":"#00294f","band":3,"off":[1.7,1.1]}},{"type":"Feature","geometry":{"type":"Point","coordinates":[12.499106,55.686136]},"properties":{"name":"Flintholm St. (Grøndals Parkvej)","band":3,"modes":"bus","arr":["142"],"off":[0,-0.8]}},{"type":"Feature","geometry":{"type":"Point","coordinates":[12.499106,55.686136]},"properties":{"line":"142","mode":"bus","color":"#0059a9","colorDark":"#00294f","band":3,"off":[0,1.1]}},{"type":"Feature","geometry":{"type":"Point","coordinates":[12.3472,55.680128]},"properties":{"name":"Galgebakken (Gl. Landevej)","band":3,"modes":"bus","arr":["143"],"off":[0,-0.8]}},{"type":"Feature","geometry":{"type":"Point","coordinates":[12.3472,55.680128]},"properties":{"line":"143","mode":"bus","color":"#0059a9","colorDark":"#00294f","band":3,"off":[0,1.1]}},{"type":"Feature","geometry":{"type":"Point","coordinates":[12.358434,55.72993]},"properties":{"name":"Ballerup St. (Banegårdspladsen)","band":3,"modes":"bus,metro","arr":["144","147","156","157","164","350S","834","H"],"off":[0,-0.8]}},{"type":"Feature","geometry":{"type":"Point","coordinates":[12.358434,55.72993]},"properties":{"name":"Ballerup St.","band":3,"modes":"bus,metro","arr":["144","147","156","157","164","350S","834","H"],"off":[0,-3]}},{"type":"Feature","geometry":{"type":"Point","coordinates":[12.358434,55.72993]},"properties":{"line":"144","mode":"bus","color":"#0059a9","colorDark":"#00294f","band":3,"off":[-6.8,1.1]}},{"type":"Feature","geometry":{"type":"Point","coordinates":[12.358434,55.72993]},"properties":{"line":"147","mode":"bus","color":"#0059a9","colorDark":"#00294f","band":3,"off":[-3.4,1.1]}},{"type":"Feature","geometry":{"type":"Point","coordinates":[12.358434,55.72993]},"properties":{"line":"156","mode":"bus","color":"#0059a9","colorDark":"#00294f","band":3,"off":[0,1.1]}},{"type":"Feature","geometry":{"type":"Point","coordinates":[12.358434,55.72993]},"properties":{"line":"157","mode":"bus","color":"#0059a9","colorDark":"#00294f","band":3,"off":[3.4,1.1]}},{"type":"Feature","geometry":{"type":"Point","coordinates":[12.358434,55.72993]},"properties":{"line":"164","mode":"bus","color":"#0059a9","colorDark":"#00294f","band":3,"off":[6.8,1.1]}},{"type":"Feature","geometry":{"type":"Point","coordinates":[12.358434,55.72993]},"properties":{"line":"350S","mode":"bus","color":"#0059a9","colorDark":"#00294f","band":3,"off":[-3.4,3.1]}},{"type":"Feature","geometry":{"type":"Point","coordinates":[12.358434,55.72993]},"properties":{"line":"834","mode":"bus","color":"#0059a9","colorDark":"#00294f","band":3,"off":[0,3.1]}},{"type":"Feature","geometry":{"type":"Point","coordinates":[12.358434,55.72993]},"properties":{"line":"H","mode":"tram","color":"#E64215","colorDark":"#7f240c","band":3,"metro":1,"off":[3.4,3.1]}},{"type":"Feature","geometry":{"type":"Point","coordinates":[12.31941,55.747079]},"properties":{"name":"Måløv St. (Måløv Stationsplads)","band":3,"modes":"bus","arr":["147","152","153","157"],"off":[0,-0.8]}},{"type":"Feature","geometry":{"type":"Point","coordinates":[12.31941,55.747079]},"properties":{"name":"Måløv St.","band":3,"modes":"bus","arr":["147","152","153","157"],"off":[0,-3]}},{"type":"Feature","geometry":{"type":"Point","coordinates":[12.31941,55.747079]},"properties":{"line":"147","mode":"bus","color":"#0059a9","colorDark":"#00294f","band":3,"off":[-5.1,1.1]}},{"type":"Feature","geometry":{"type":"Point","coordinates":[12.31941,55.747079]},"properties":{"line":"152","mode":"bus","color":"#0059a9","colorDark":"#00294f","band":3,"off":[-1.7,1.1]}},{"type":"Feature","geometry":{"type":"Point","coordinates":[12.31941,55.747079]},"properties":{"line":"153","mode":"bus","color":"#0059a9","colorDark":"#00294f","band":3,"off":[1.7,1.1]}},{"type":"Feature","geometry":{"type":"Point","coordinates":[12.31941,55.747079]},"properties":{"line":"157","mode":"bus","color":"#0059a9","colorDark":"#00294f","band":3,"off":[5.1,1.1]}},{"type":"Feature","geometry":{"type":"Point","coordinates":[12.394998,55.680136]},"properties":{"name":"Glostrup Nord, Hersted St. (Fabriksparken)","band":3,"modes":"bus","arr":["149"],"off":[0,-0.8]}},{"type":"Feature","geometry":{"type":"Point","coordinates":[12.394998,55.680136]},"properties":{"line":"149","mode":"bus","color":"#0059a9","colorDark":"#00294f","band":3,"off":[0,1.1]}},{"type":"Feature","geometry":{"type":"Point","coordinates":[12.396961,55.663375]},"properties":{"name":"Glostrup St. (Banegårdspladsen)","band":3,"modes":"bus","arr":["149","847"],"off":[0,-0.8]}},{"type":"Feature","geometry":{"type":"Point","coordinates":[12.396961,55.663375]},"properties":{"line":"149","mode":"bus","color":"#0059a9","colorDark":"#00294f","band":3,"off":[-1.7,1.1]}},{"type":"Feature","geometry":{"type":"Point","coordinates":[12.396961,55.663375]},"properties":{"line":"847","mode":"bus","color":"#0059a9","colorDark":"#00294f","band":3,"off":[1.7,1.1]}},{"type":"Feature","geometry":{"type":"Point","coordinates":[12.502471,55.902478]},"properties":{"name":"Kokkedal St.","band":3,"modes":"bus","arr":["150S","500S"],"off":[0,-0.8]}},{"type":"Feature","geometry":{"type":"Point","coordinates":[12.502471,55.902478]},"properties":{"line":"150S","mode":"bus","color":"#0059a9","colorDark":"#00294f","band":3,"off":[-1.7,1.1]}},{"type":"Feature","geometry":{"type":"Point","coordinates":[12.502471,55.902478]},"properties":{"line":"500S","mode":"bus","color":"#0059a9","colorDark":"#00294f","band":3,"off":[1.7,1.1]}},{"type":"Feature","geometry":{"type":"Point","coordinates":[12.374272,55.782245]},"properties":{"name":"Værløse St.","band":3,"modes":"bus","arr":["151"],"off":[0,-0.8]}},{"type":"Feature","geometry":{"type":"Point","coordinates":[12.374272,55.782245]},"properties":{"line":"151","mode":"bus","color":"#0059a9","colorDark":"#00294f","band":3,"off":[0,1.1]}},{"type":"Feature","geometry":{"type":"Point","coordinates":[12.322489,55.77732]},"properties":{"name":"Kirke Værløse, Laanshøj (Lejrvej)","band":3,"modes":"bus","arr":["151"],"off":[0,-0.8]}},{"type":"Feature","geometry":{"type":"Point","coordinates":[12.322489,55.77732]},"properties":{"line":"151","mode":"bus","color":"#0059a9","colorDark":"#00294f","band":3,"off":[0,1.1]}},{"type":"Feature","geometry":{"type":"Point","coordinates":[12.362196,55.789113]},"properties":{"name":"Værløse, Ryetvej (Ryetvej)","band":3,"modes":"bus","arr":["152","153"],"off":[0,-0.8]}},{"type":"Feature","geometry":{"type":"Point","coordinates":[12.362196,55.789113]},"properties":{"line":"152","mode":"bus","color":"#0059a9","colorDark":"#00294f","band":3,"off":[-1.7,1.1]}},{"type":"Feature","geometry":{"type":"Point","coordinates":[12.362196,55.789113]},"properties":{"line":"153","mode":"bus","color":"#0059a9","colorDark":"#00294f","band":3,"off":[1.7,1.1]}},{"type":"Feature","geometry":{"type":"Point","coordinates":[12.363052,55.713153]},"properties":{"name":"Magleparken, Syd (Magleparken)","band":3,"modes":"bus","arr":["156"],"off":[0,-0.8]}},{"type":"Feature","geometry":{"type":"Point","coordinates":[12.363052,55.713153]},"properties":{"line":"156","mode":"bus","color":"#0059a9","colorDark":"#00294f","band":3,"off":[0,1.1]}},{"type":"Feature","geometry":{"type":"Point","coordinates":[12.3099,55.732561]},"properties":{"name":"Flodvej (Smørum Parkvej)","band":3,"modes":"bus","arr":["157"],"off":[0,-0.8]}},{"type":"Feature","geometry":{"type":"Point","coordinates":[12.3099,55.732561]},"properties":{"line":"157","mode":"bus","color":"#0059a9","colorDark":"#00294f","band":3,"off":[0,1.1]}},{"type":"Feature","geometry":{"type":"Point","coordinates":[12.453957,55.761689]},"properties":{"name":"Bagsværd St., terminalen (Bagsværd St.)","band":3,"modes":"bus","arr":["160","165","250S"],"off":[0,-0.8]}},{"type":"Feature","geometry":{"type":"Point","coordinates":[12.453957,55.761689]},"properties":{"name":"Bagsværd St.","band":3,"modes":"bus","arr":["160","165","250S"],"off":[0,-4.1]}},{"type":"Feature","geometry":{"type":"Point","coordinates":[12.453957,55.761689]},"properties":{"line":"160","mode":"bus","color":"#0059a9","colorDark":"#00294f","band":3,"off":[-3.4,1.1]}},{"type":"Feature","geometry":{"type":"Point","coordinates":[12.453957,55.761689]},"properties":{"line":"165","mode":"bus","color":"#0059a9","colorDark":"#00294f","band":3,"off":[0,1.1]}},{"type":"Feature","geometry":{"type":"Point","coordinates":[12.453957,55.761689]},"properties":{"line":"250S","mode":"bus","color":"#0059a9","colorDark":"#00294f","band":3,"off":[3.4,1.1]}},{"type":"Feature","geometry":{"type":"Point","coordinates":[12.492661,55.740724]},"properties":{"name":"Tinghøjvej, Telefonfabrikken (Tinghøjvej)","band":3,"modes":"bus","arr":["160"],"off":[0,-0.8]}},{"type":"Feature","geometry":{"type":"Point","coordinates":[12.492661,55.740724]},"properties":{"line":"160","mode":"bus","color":"#0059a9","colorDark":"#00294f","band":3,"off":[0,1.1]}},{"type":"Feature","geometry":{"type":"Point","coordinates":[12.433883,55.744378]},"properties":{"name":"Peberhaven (Sennepshaven)","band":3,"modes":"bus","arr":["168"],"off":[0,-0.8]}},{"type":"Feature","geometry":{"type":"Point","coordinates":[12.433883,55.744378]},"properties":{"line":"168","mode":"bus","color":"#0059a9","colorDark":"#00294f","band":3,"off":[0,1.1]}},{"type":"Feature","geometry":{"type":"Point","coordinates":[12.443478,55.719165]},"properties":{"name":"Herlev St.","band":3,"modes":"bus","arr":["165"],"off":[0,-0.8]}},{"type":"Feature","geometry":{"type":"Point","coordinates":[12.443478,55.719165]},"properties":{"line":"165","mode":"bus","color":"#0059a9","colorDark":"#00294f","band":3,"off":[0,1.1]}},{"type":"Feature","geometry":{"type":"Point","coordinates":[12.438798,55.757275]},"properties":{"name":"Værebroparken (Værebrovej)","band":3,"modes":"bus","arr":["166"],"off":[0,-0.8]}},{"type":"Feature","geometry":{"type":"Point","coordinates":[12.438798,55.757275]},"properties":{"line":"166","mode":"bus","color":"#0059a9","colorDark":"#00294f","band":3,"off":[0,1.1]}},{"type":"Feature","geometry":{"type":"Point","coordinates":[12.385812,55.724154]},"properties":{"name":"Malmparken St. (Malmparken)","band":3,"modes":"bus","arr":["168"],"off":[0,-0.8]}},{"type":"Feature","geometry":{"type":"Point","coordinates":[12.385812,55.724154]},"properties":{"line":"168","mode":"bus","color":"#0059a9","colorDark":"#00294f","band":3,"off":[0,1.1]}},{"type":"Feature","geometry":{"type":"Point","coordinates":[12.596358,55.763055]},"properties":{"name":"Skovshoved, Strandvejen (Teglgårdsvej)","band":3,"modes":"bus","arr":["179"],"off":[0,-0.8]}},{"type":"Feature","geometry":{"type":"Point","coordinates":[12.596358,55.763055]},"properties":{"line":"179","mode":"bus","color":"#0059a9","colorDark":"#00294f","band":3,"off":[0,1.1]}},{"type":"Feature","geometry":{"type":"Point","coordinates":[12.494548,55.800905]},"properties":{"name":"Teknikerbyen (Skodsborgvej)","band":3,"modes":"bus","arr":["194"],"off":[0,-0.8]}},{"type":"Feature","geometry":{"type":"Point","coordinates":[12.494548,55.800905]},"properties":{"line":"194","mode":"bus","color":"#0059a9","colorDark":"#00294f","band":3,"off":[0,1.1]}},{"type":"Feature","geometry":{"type":"Point","coordinates":[12.536824,55.777514]},"properties":{"name":"Trongårdsvej (Hjortekærsvej)","band":3,"modes":"bus","arr":["183"],"off":[0,-0.8]}},{"type":"Feature","geometry":{"type":"Point","coordinates":[12.536824,55.777514]},"properties":{"line":"183","mode":"bus","color":"#0059a9","colorDark":"#00294f","band":3,"off":[0,1.1]}},{"type":"Feature","geometry":{"type":"Point","coordinates":[12.563255,55.8526]},"properties":{"name":"Vedbæk St.","band":3,"modes":"bus","arr":["184","193"],"off":[0,-0.8]}},{"type":"Feature","geometry":{"type":"Point","coordinates":[12.563255,55.8526]},"properties":{"line":"184","mode":"bus","color":"#0059a9","colorDark":"#00294f","band":3,"off":[-1.7,1.1]}},{"type":"Feature","geometry":{"type":"Point","coordinates":[12.563255,55.8526]},"properties":{"line":"193","mode":"bus","color":"#0059a9","colorDark":"#00294f","band":3,"off":[1.7,1.1]}},{"type":"Feature","geometry":{"type":"Point","coordinates":[12.469376,55.808423]},"properties":{"name":"Holte St.","band":3,"modes":"bus","arr":["385"],"off":[0,-0.8]}},{"type":"Feature","geometry":{"type":"Point","coordinates":[12.469376,55.808423]},"properties":{"line":"385","mode":"bus","color":"#0059a9","colorDark":"#00294f","band":3,"off":[0,1.1]}},{"type":"Feature","geometry":{"type":"Point","coordinates":[12.529398,55.794034]},"properties":{"name":"Lundtofte, Lundtofteparken (Lundtoftegårdsvej)","band":3,"modes":"bus","arr":["300S"],"off":[0,-0.8]}},{"type":"Feature","geometry":{"type":"Point","coordinates":[12.529398,55.794034]},"properties":{"line":"300S","mode":"bus","color":"#0059a9","colorDark":"#00294f","band":3,"off":[0,1.1]}},{"type":"Feature","geometry":{"type":"Point","coordinates":[12.359151,55.613474]},"properties":{"name":"Ishøj St.","band":3,"modes":"bus,tram","arr":["400S","L"],"off":[0,-0.8]}},{"type":"Feature","geometry":{"type":"Point","coordinates":[12.359151,55.613474]},"properties":{"line":"400S","mode":"bus","color":"#0059a9","colorDark":"#00294f","band":3,"off":[-1.7,1.1]}},{"type":"Feature","geometry":{"type":"Point","coordinates":[12.359151,55.613474]},"properties":{"line":"L","mode":"tram","color":"#d6212b","colorDark":"#7c1116","band":3,"off":[1.7,1.1]}},{"type":"Feature","geometry":{"type":"Point","coordinates":[12.579154,55.629287]},"properties":{"name":"Ørestad St. (Ørestads Boulevard)","band":3,"modes":"bus","arr":["500S"],"off":[0,-0.8]}},{"type":"Feature","geometry":{"type":"Point","coordinates":[12.579154,55.629287]},"properties":{"line":"500S","mode":"bus","color":"#0059a9","colorDark":"#00294f","band":3,"off":[0,1.1]}},{"type":"Feature","geometry":{"type":"Point","coordinates":[12.527709,55.814144]},"properties":{"name":"Nærum St.","band":3,"modes":"bus","arr":["910"],"off":[0,-0.8]}},{"type":"Feature","geometry":{"type":"Point","coordinates":[12.527709,55.814144]},"properties":{"line":"910","mode":"bus","color":"#0059a9","colorDark":"#00294f","band":3,"off":[0,1.1]}},{"type":"Feature","geometry":{"type":"Point","coordinates":[12.530391,55.794647]},"properties":{"name":"Lundtofte St.","band":3,"modes":"tram","arr":["L"],"off":[0,-0.8]}},{"type":"Feature","geometry":{"type":"Point","coordinates":[12.530391,55.794647]},"properties":{"line":"L","mode":"tram","color":"#d6212b","colorDark":"#7c1116","band":3,"off":[0,1.1]}},{"type":"Feature","geometry":{"type":"Point","coordinates":[12.491639,55.687255]},"properties":{"name":"Vanløse St.","band":3,"modes":"metro","arr":["M1","M2"],"off":[0,-0.8]}},{"type":"Feature","geometry":{"type":"Point","coordinates":[12.491639,55.687255]},"properties":{"line":"M1","mode":"tram","color":"#007756","colorDark":"#00412f","band":3,"metro":1,"off":[-1.7,1.1]}},{"type":"Feature","geometry":{"type":"Point","coordinates":[12.491639,55.687255]},"properties":{"line":"M2","mode":"tram","color":"#FFCC00","colorDark":"#8c7000","band":3,"metro":1,"off":[1.7,1.1]}},{"type":"Feature","geometry":{"type":"Point","coordinates":[12.575672,55.619347]},"properties":{"name":"Vestamager St.","band":3,"modes":"metro","arr":["M1"],"off":[0,-0.8]}},{"type":"Feature","geometry":{"type":"Point","coordinates":[12.575672,55.619347]},"properties":{"line":"M1","mode":"tram","color":"#007756","colorDark":"#00412f","band":3,"metro":1,"off":[0,1.1]}},{"type":"Feature","geometry":{"type":"Point","coordinates":[12.649356,55.630269]},"properties":{"name":"Københavns Lufthavn St.","band":3,"modes":"metro","arr":["M2"],"off":[0,-0.8]}},{"type":"Feature","geometry":{"type":"Point","coordinates":[12.649356,55.630269]},"properties":{"line":"M2","mode":"tram","color":"#FFCC00","colorDark":"#8c7000","band":3,"metro":1,"off":[0,1.1]}},{"type":"Feature","geometry":{"type":"Point","coordinates":[12.564534,55.671557]},"properties":{"name":"København H","band":3,"modes":"metro","arr":["M3"],"off":[0,-0.8]}},{"type":"Feature","geometry":{"type":"Point","coordinates":[12.564534,55.671557]},"properties":{"line":"M3","mode":"tram","color":"#E40037","colorDark":"#7d001e","band":3,"metro":1,"off":[0,1.1]}},{"type":"Feature","geometry":{"type":"Point","coordinates":[12.595153,55.711637]},"properties":{"name":"Orientkaj St.","band":3,"modes":"metro","arr":["M4"],"off":[0,-0.8]}},{"type":"Feature","geometry":{"type":"Point","coordinates":[12.595153,55.711637]},"properties":{"line":"M4","mode":"tram","color":"#009CD3","colorDark":"#005674","band":3,"metro":1,"off":[0,1.1]}},{"type":"Feature","geometry":{"type":"Point","coordinates":[12.311259,55.926875]},"properties":{"name":"Hillerød St.","band":3,"modes":"metro","arr":["A"],"off":[0,-0.8]}},{"type":"Feature","geometry":{"type":"Point","coordinates":[12.311259,55.926875]},"properties":{"line":"A","mode":"tram","color":"#00A7E3","colorDark":"#005c7d","band":3,"metro":1,"off":[0,1.1]}},{"type":"Feature","geometry":{"type":"Point","coordinates":[12.46863,55.807696]},"properties":{"name":"Holte St.","band":3,"modes":"metro","arr":["E"],"off":[0,-0.8]}},{"type":"Feature","geometry":{"type":"Point","coordinates":[12.46863,55.807696]},"properties":{"line":"E","mode":"tram","color":"#857AB3","colorDark":"#494362","band":3,"metro":1,"off":[0,1.1]}},{"type":"Feature","geometry":{"type":"Point","coordinates":[12.587541,55.692625]},"properties":{"name":"Østerport St.","band":3,"modes":"metro","arr":["H"],"off":[0,-0.8]}},{"type":"Feature","geometry":{"type":"Point","coordinates":[12.587541,55.692625]},"properties":{"line":"H","mode":"tram","color":"#E64215","colorDark":"#7f240c","band":3,"metro":1,"off":[0,1.1]}},{"type":"Feature","geometry":{"type":"Point","coordinates":[12.186455,55.457761]},"properties":{"name":"Køge St.","band":3,"modes":"metro","arr":["A","E"],"off":[0,-0.8]}},{"type":"Feature","geometry":{"type":"Point","coordinates":[12.186455,55.457761]},"properties":{"line":"A","mode":"tram","color":"#00A7E3","colorDark":"#005c7d","band":3,"metro":1,"off":[-1.7,1.1]}},{"type":"Feature","geometry":{"type":"Point","coordinates":[12.186455,55.457761]},"properties":{"line":"E","mode":"tram","color":"#857AB3","colorDark":"#494362","band":3,"metro":1,"off":[1.7,1.1]}},{"type":"Feature","geometry":{"type":"Point","coordinates":[12.373693,55.812079]},"properties":{"name":"Farum St.","band":3,"modes":"metro","arr":["B"],"off":[0,-0.8]}},{"type":"Feature","geometry":{"type":"Point","coordinates":[12.373693,55.812079]},"properties":{"line":"B","mode":"tram","color":"#55AB26","colorDark":"#2f5e15","band":3,"metro":1,"off":[0,1.1]}},{"type":"Feature","geometry":{"type":"Point","coordinates":[12.269617,55.648767]},"properties":{"name":"Høje Taastrup St.","band":3,"modes":"metro","arr":["B","Bx"],"off":[0,-0.8]}},{"type":"Feature","geometry":{"type":"Point","coordinates":[12.269617,55.648767]},"properties":{"line":"B","mode":"tram","color":"#55AB26","colorDark":"#2f5e15","band":3,"metro":1,"off":[-1.7,1.1]}},{"type":"Feature","geometry":{"type":"Point","coordinates":[12.269617,55.648767]},"properties":{"line":"Bx","mode":"tram","color":"#AECD6B","colorDark":"#60713b","band":3,"metro":1,"off":[1.7,1.1]}},{"type":"Feature","geometry":{"type":"Point","coordinates":[12.065426,55.835752]},"properties":{"name":"Frederikssund St.","band":3,"modes":"metro","arr":["C"],"off":[0,-0.8]}},{"type":"Feature","geometry":{"type":"Point","coordinates":[12.065426,55.835752]},"properties":{"line":"C","mode":"tram","color":"#F29400","colorDark":"#855100","band":3,"metro":1,"off":[0,1.1]}},{"type":"Feature","geometry":{"type":"Point","coordinates":[12.455147,55.625309]},"properties":{"name":"Avedøre St.","band":4,"modes":"bus","arr":["1A","11","133"],"off":[0,-0.8]}},{"type":"Feature","geometry":{"type":"Point","coordinates":[12.455147,55.625309]},"properties":{"line":"1A","mode":"bus","color":"#0059a9","colorDark":"#00294f","band":4,"off":[-3.4,1.1]}},{"type":"Feature","geometry":{"type":"Point","coordinates":[12.455147,55.625309]},"properties":{"line":"11","mode":"bus","color":"#0059a9","colorDark":"#00294f","band":4,"off":[0,1.1]}},{"type":"Feature","geometry":{"type":"Point","coordinates":[12.455147,55.625309]},"properties":{"line":"133","mode":"bus","color":"#0059a9","colorDark":"#00294f","band":4,"off":[3.4,1.1]}},{"type":"Feature","geometry":{"type":"Point","coordinates":[12.567972,55.730976]},"properties":{"name":"Hellerup St.","band":4,"modes":"bus","arr":["1A","21","171","172","176"],"off":[0,-0.8]}},{"type":"Feature","geometry":{"type":"Point","coordinates":[12.567972,55.730976]},"properties":{"line":"1A","mode":"bus","color":"#0059a9","colorDark":"#00294f","band":4,"off":[-6.8,1.1]}},{"type":"Feature","geometry":{"type":"Point","coordinates":[12.567972,55.730976]},"properties":{"line":"21","mode":"bus","color":"#0059a9","colorDark":"#00294f","band":4,"off":[-3.4,1.1]}},{"type":"Feature","geometry":{"type":"Point","coordinates":[12.567972,55.730976]},"properties":{"line":"171","mode":"bus","color":"#0059a9","colorDark":"#00294f","band":4,"off":[0,1.1]}},{"type":"Feature","geometry":{"type":"Point","coordinates":[12.567972,55.730976]},"properties":{"line":"172","mode":"bus","color":"#0059a9","colorDark":"#00294f","band":4,"off":[3.4,1.1]}},{"type":"Feature","geometry":{"type":"Point","coordinates":[12.567972,55.730976]},"properties":{"line":"176","mode":"bus","color":"#0059a9","colorDark":"#00294f","band":4,"off":[6.8,1.1]}},{"type":"Feature","geometry":{"type":"Point","coordinates":[12.490038,55.721063]},"properties":{"name":"Tingbjerg, Gavlhusvej (Terrasserne)","band":4,"modes":"bus","arr":["2A","131"],"off":[0,-0.8]}},{"type":"Feature","geometry":{"type":"Point","coordinates":[12.490038,55.721063]},"properties":{"line":"2A","mode":"bus","color":"#0059a9","colorDark":"#00294f","band":4,"off":[-1.7,1.1]}},{"type":"Feature","geometry":{"type":"Point","coordinates":[12.490038,55.721063]},"properties":{"line":"131","mode":"bus","color":"#0059a9","colorDark":"#00294f","band":4,"off":[1.7,1.1]}},{"type":"Feature","geometry":{"type":"Point","coordinates":[12.61186,55.689811]},"properties":{"name":"Refshaleøen (Refshalevej)","band":4,"modes":"bus","arr":["2A"],"off":[0,-0.8]}},{"type":"Feature","geometry":{"type":"Point","coordinates":[12.61186,55.689811]},"properties":{"line":"2A","mode":"bus","color":"#0059a9","colorDark":"#00294f","band":4,"off":[0,1.1]}},{"type":"Feature","geometry":{"type":"Point","coordinates":[12.483245,55.62873]},"properties":{"name":"Friheden St.","band":4,"modes":"bus","arr":["4A","132","137","139","200S"],"off":[0,-0.8]}},{"type":"Feature","geometry":{"type":"Point","coordinates":[12.483245,55.62873]},"properties":{"line":"4A","mode":"bus","color":"#0059a9","colorDark":"#00294f","band":4,"off":[-6.8,1.1]}},{"type":"Feature","geometry":{"type":"Point","coordinates":[12.483245,55.62873]},"properties":{"line":"132","mode":"bus","color":"#0059a9","colorDark":"#00294f","band":4,"off":[-3.4,1.1]}},{"type":"Feature","geometry":{"type":"Point","coordinates":[12.483245,55.62873]},"properties":{"line":"137","mode":"bus","color":"#0059a9","colorDark":"#00294f","band":4,"off":[0,1.1]}},{"type":"Feature","geometry":{"type":"Point","coordinates":[12.483245,55.62873]},"properties":{"line":"139","mode":"bus","color":"#0059a9","colorDark":"#00294f","band":4,"off":[3.4,1.1]}},{"type":"Feature","geometry":{"type":"Point","coordinates":[12.483245,55.62873]},"properties":{"line":"200S","mode":"bus","color":"#0059a9","colorDark":"#00294f","band":4,"off":[6.8,1.1]}},{"type":"Feature","geometry":{"type":"Point","coordinates":[12.493233,55.746738]},"properties":{"name":"Buddinge St.","band":4,"modes":"bus","arr":["4A","200S"],"off":[0,-0.8]}},{"type":"Feature","geometry":{"type":"Point","coordinates":[12.493233,55.746738]},"properties":{"line":"4A","mode":"bus","color":"#0059a9","colorDark":"#00294f","band":4,"off":[-1.7,1.1]}},{"type":"Feature","geometry":{"type":"Point","coordinates":[12.493233,55.746738]},"properties":{"line":"200S","mode":"bus","color":"#0059a9","colorDark":"#00294f","band":4,"off":[1.7,1.1]}},{"type":"Feature","geometry":{"type":"Point","coordinates":[12.494226,55.746825]},"properties":{"name":"Buddinge St. (Buddingevej)","band":4,"modes":"bus","arr":["4A","6A"],"off":[0,-0.8]}},{"type":"Feature","geometry":{"type":"Point","coordinates":[12.494226,55.746825]},"properties":{"line":"4A","mode":"bus","color":"#0059a9","colorDark":"#00294f","band":4,"off":[-1.7,1.1]}},{"type":"Feature","geometry":{"type":"Point","coordinates":[12.494226,55.746825]},"properties":{"line":"6A","mode":"bus","color":"#0059a9","colorDark":"#00294f","band":4,"off":[1.7,1.1]}},{"type":"Feature","geometry":{"type":"Point","coordinates":[12.446555,55.729956]},"properties":{"name":"Herlev Hospital, Sløjfen (Hyldemorsvej)","band":4,"modes":"bus","arr":["5C"],"off":[0,-0.8]}},{"type":"Feature","geometry":{"type":"Point","coordinates":[12.446555,55.729956]},"properties":{"line":"5C","mode":"bus","color":"#0059a9","colorDark":"#00294f","band":4,"off":[0,1.1]}},{"type":"Feature","geometry":{"type":"Point","coordinates":[12.651156,55.629843]},"properties":{"name":"Københavns Lufthavn (Ellehammersvej)","band":4,"modes":"bus","arr":["5C","35","36"],"off":[0,-0.8]}},{"type":"Feature","geometry":{"type":"Point","coordinates":[12.651156,55.629843]},"properties":{"line":"5C","mode":"bus","color":"#0059a9","colorDark":"#00294f","band":4,"off":[-3.4,1.1]}},{"type":"Feature","geometry":{"type":"Point","coordinates":[12.651156,55.629843]},"properties":{"line":"35","mode":"bus","color":"#0059a9","colorDark":"#00294f","band":4,"off":[0,1.1]}},{"type":"Feature","geometry":{"type":"Point","coordinates":[12.651156,55.629843]},"properties":{"line":"36","mode":"bus","color":"#0059a9","colorDark":"#00294f","band":4,"off":[3.4,1.1]}},{"type":"Feature","geometry":{"type":"Point","coordinates":[12.573388,55.684479]},"properties":{"name":"Nørreport St. (Nørre Voldgade)","band":4,"modes":"bus","arr":["6A","14","15E","150S","184","185","350S"],"off":[0,-0.8]}},{"type":"Feature","geometry":{"type":"Point","coordinates":[12.573388,55.684479]},"properties":{"line":"6A","mode":"bus","color":"#0059a9","colorDark":"#00294f","band":4,"off":[-6.8,1.1]}},{"type":"Feature","geometry":{"type":"Point","coordinates":[12.573388,55.684479]},"properties":{"line":"14","mode":"bus","color":"#0059a9","colorDark":"#00294f","band":4,"off":[-3.4,1.1]}},{"type":"Feature","geometry":{"type":"Point","coordinates":[12.573388,55.684479]},"properties":{"line":"15E","mode":"bus","color":"#0059a9","colorDark":"#00294f","band":4,"off":[0,1.1]}},{"type":"Feature","geometry":{"type":"Point","coordinates":[12.573388,55.684479]},"properties":{"line":"150S","mode":"bus","color":"#0059a9","colorDark":"#00294f","band":4,"off":[3.4,1.1]}},{"type":"Feature","geometry":{"type":"Point","coordinates":[12.573388,55.684479]},"properties":{"line":"184","mode":"bus","color":"#0059a9","colorDark":"#00294f","band":4,"off":[6.8,1.1]}},{"type":"Feature","geometry":{"type":"Point","coordinates":[12.573388,55.684479]},"properties":{"line":"185","mode":"bus","color":"#0059a9","colorDark":"#00294f","band":4,"off":[-1.7,3.1]}},{"type":"Feature","geometry":{"type":"Point","coordinates":[12.573388,55.684479]},"properties":{"line":"350S","mode":"bus","color":"#0059a9","colorDark":"#00294f","band":4,"off":[1.7,3.1]}},{"type":"Feature","geometry":{"type":"Point","coordinates":[12.428013,55.705703]},"properties":{"name":"Rødovre Nord St. (Slotsherrensvej)","band":4,"modes":"bus","arr":["7A","55E","130","300S","848"],"off":[0,-0.8]}},{"type":"Feature","geometry":{"type":"Point","coordinates":[12.428013,55.705703]},"properties":{"line":"7A","mode":"bus","color":"#0059a9","colorDark":"#00294f","band":4,"off":[-6.8,1.1]}},{"type":"Feature","geometry":{"type":"Point","coordinates":[12.428013,55.705703]},"properties":{"line":"55E","mode":"bus","color":"#0059a9","colorDark":"#00294f","band":4,"off":[-3.4,1.1]}},{"type":"Feature","geometry":{"type":"Point","coordinates":[12.428013,55.705703]},"properties":{"line":"130","mode":"bus","color":"#0059a9","colorDark":"#00294f","band":4,"off":[0,1.1]}},{"type":"Feature","geometry":{"type":"Point","coordinates":[12.428013,55.705703]},"properties":{"line":"300S","mode":"bus","color":"#0059a9","colorDark":"#00294f","band":4,"off":[3.4,1.1]}},{"type":"Feature","geometry":{"type":"Point","coordinates":[12.428013,55.705703]},"properties":{"line":"848","mode":"bus","color":"#0059a9","colorDark":"#00294f","band":4,"off":[6.8,1.1]}},{"type":"Feature","geometry":{"type":"Point","coordinates":[12.563486,55.674155]},"properties":{"name":"Hovedbanegården, Frihedsstøtten (Vesterbrogade)","band":4,"modes":"bus","arr":["7A"],"off":[0,-0.8]}},{"type":"Feature","geometry":{"type":"Point","coordinates":[12.563486,55.674155]},"properties":{"line":"7A","mode":"bus","color":"#0059a9","colorDark":"#00294f","band":4,"off":[0,1.1]}},{"type":"Feature","geometry":{"type":"Point","coordinates":[12.616963,55.661194]},"properties":{"name":"Lergravsparken St., Sløjfen (Østrigsgade)","band":4,"modes":"bus","arr":["8A"],"off":[0,-0.8]}},{"type":"Feature","geometry":{"type":"Point","coordinates":[12.616963,55.661194]},"properties":{"line":"8A","mode":"bus","color":"#0059a9","colorDark":"#00294f","band":4,"off":[0,1.1]}},{"type":"Feature","geometry":{"type":"Point","coordinates":[12.586892,55.641504]},"properties":{"name":"Digevej (Vejlands Allé)","band":4,"modes":"bus","arr":["77"],"off":[0,-0.8]}},{"type":"Feature","geometry":{"type":"Point","coordinates":[12.586892,55.641504]},"properties":{"line":"77","mode":"bus","color":"#0059a9","colorDark":"#00294f","band":4,"off":[0,1.1]}},{"type":"Feature","geometry":{"type":"Point","coordinates":[12.581535,55.638468]},"properties":{"name":"Bella Center St. (Martha Christensens Vej)","band":4,"modes":"bus","arr":["34","68"],"off":[0,-0.8]}},{"type":"Feature","geometry":{"type":"Point","coordinates":[12.581535,55.638468]},"properties":{"line":"34","mode":"bus","color":"#0059a9","colorDark":"#00294f","band":4,"off":[-1.7,1.1]}},{"type":"Feature","geometry":{"type":"Point","coordinates":[12.581535,55.638468]},"properties":{"line":"68","mode":"bus","color":"#0059a9","colorDark":"#00294f","band":4,"off":[1.7,1.1]}},{"type":"Feature","geometry":{"type":"Point","coordinates":[12.513541,55.663359]},"properties":{"name":"Valby St., Lyshøjgårdsvej (Lyshøjgårdsvej)","band":4,"modes":"bus","arr":["8A","18","23","133"],"off":[0,-0.8]}},{"type":"Feature","geometry":{"type":"Point","coordinates":[12.513541,55.663359]},"properties":{"line":"8A","mode":"bus","color":"#0059a9","colorDark":"#00294f","band":4,"off":[-5.1,1.1]}},{"type":"Feature","geometry":{"type":"Point","coordinates":[12.513541,55.663359]},"properties":{"line":"18","mode":"bus","color":"#0059a9","colorDark":"#00294f","band":4,"off":[-1.7,1.1]}},{"type":"Feature","geometry":{"type":"Point","coordinates":[12.513541,55.663359]},"properties":{"line":"23","mode":"bus","color":"#0059a9","colorDark":"#00294f","band":4,"off":[1.7,1.1]}},{"type":"Feature","geometry":{"type":"Point","coordinates":[12.513541,55.663359]},"properties":{"line":"133","mode":"bus","color":"#0059a9","colorDark":"#00294f","band":4,"off":[5.1,1.1]}},{"type":"Feature","geometry":{"type":"Point","coordinates":[12.499897,55.640334]},"properties":{"name":"Åmarken St., ved broen (Åmarkvej)","band":4,"modes":"bus","arr":["10"],"off":[0,-0.8]}},{"type":"Feature","geometry":{"type":"Point","coordinates":[12.499897,55.640334]},"properties":{"line":"10","mode":"bus","color":"#0059a9","colorDark":"#00294f","band":4,"off":[0,1.1]}},{"type":"Feature","geometry":{"type":"Point","coordinates":[12.499139,55.703727]},"properties":{"name":"Brønshøj Torv (Krabbesholmvej)","band":4,"modes":"bus","arr":["10"],"off":[0,-0.8]}},{"type":"Feature","geometry":{"type":"Point","coordinates":[12.499139,55.703727]},"properties":{"line":"10","mode":"bus","color":"#0059a9","colorDark":"#00294f","band":4,"off":[0,1.1]}},{"type":"Feature","geometry":{"type":"Point","coordinates":[12.569506,55.674849]},"properties":{"name":"Rådhuspladsen St. (H.C. Andersens Boulevard)","band":4,"modes":"bus","arr":["11","33"],"off":[0,-0.8]}},{"type":"Feature","geometry":{"type":"Point","coordinates":[12.569506,55.674849]},"properties":{"line":"11","mode":"bus","color":"#0059a9","colorDark":"#00294f","band":4,"off":[-1.7,1.1]}},{"type":"Feature","geometry":{"type":"Point","coordinates":[12.569506,55.674849]},"properties":{"line":"33","mode":"bus","color":"#0059a9","colorDark":"#00294f","band":4,"off":[1.7,1.1]}},{"type":"Feature","geometry":{"type":"Point","coordinates":[12.577953,55.714976]},"properties":{"name":"Svanemøllen St., Sløjfen (Svanemøllen St.)","band":4,"modes":"bus","arr":["12"],"off":[0,-0.8]}},{"type":"Feature","geometry":{"type":"Point","coordinates":[12.577953,55.714976]},"properties":{"line":"12","mode":"bus","color":"#0059a9","colorDark":"#00294f","band":4,"off":[0,1.1]}},{"type":"Feature","geometry":{"type":"Point","coordinates":[12.446408,55.709762]},"properties":{"name":"Islev, Viemosevej (Viemosevej)","band":4,"modes":"bus","arr":["12"],"off":[0,-0.8]}},{"type":"Feature","geometry":{"type":"Point","coordinates":[12.446408,55.709762]},"properties":{"line":"12","mode":"bus","color":"#0059a9","colorDark":"#00294f","band":4,"off":[0,1.1]}},{"type":"Feature","geometry":{"type":"Point","coordinates":[12.577864,55.714545]},"properties":{"name":"Svanemøllen St.","band":4,"modes":"bus","arr":["12"],"off":[0,-0.8]}},{"type":"Feature","geometry":{"type":"Point","coordinates":[12.577864,55.714545]},"properties":{"line":"12","mode":"bus","color":"#0059a9","colorDark":"#00294f","band":4,"off":[0,1.1]}},{"type":"Feature","geometry":{"type":"Point","coordinates":[12.563375,55.721952]},"properties":{"name":"Ryparken (Rymarksvej)","band":4,"modes":"bus","arr":["14"],"off":[0,-0.8]}},{"type":"Feature","geometry":{"type":"Point","coordinates":[12.563375,55.721952]},"properties":{"line":"14","mode":"bus","color":"#0059a9","colorDark":"#00294f","band":4,"off":[0,1.1]}},{"type":"Feature","geometry":{"type":"Point","coordinates":[12.528211,55.786608]},"properties":{"name":"Rævehøjvej, DTU (Helsingørmotorvejen)","band":4,"modes":"bus","arr":["15E"],"off":[0,-0.8]}},{"type":"Feature","geometry":{"type":"Point","coordinates":[12.528211,55.786608]},"properties":{"line":"15E","mode":"bus","color":"#0059a9","colorDark":"#00294f","band":4,"off":[0,1.1]}},{"type":"Feature","geometry":{"type":"Point","coordinates":[12.529614,55.788427]},"properties":{"name":"Rævehøjvej, DTU (Helsingørmotorvejen)","band":4,"modes":"bus","arr":["15E"],"off":[0,-0.8]}},{"type":"Feature","geometry":{"type":"Point","coordinates":[12.529614,55.788427]},"properties":{"line":"15E","mode":"bus","color":"#0059a9","colorDark":"#00294f","band":4,"off":[0,1.1]}},{"type":"Feature","geometry":{"type":"Point","coordinates":[12.562017,55.676085]},"properties":{"name":"Vesterport St. (Vester Farimagsgade)","band":4,"modes":"bus","arr":["17","37"],"off":[0,-0.8]}},{"type":"Feature","geometry":{"type":"Point","coordinates":[12.562017,55.676085]},"properties":{"line":"17","mode":"bus","color":"#0059a9","colorDark":"#00294f","band":4,"off":[-1.7,1.1]}},{"type":"Feature","geometry":{"type":"Point","coordinates":[12.562017,55.676085]},"properties":{"line":"37","mode":"bus","color":"#0059a9","colorDark":"#00294f","band":4,"off":[1.7,1.1]}},{"type":"Feature","geometry":{"type":"Point","coordinates":[12.517455,55.652646]},"properties":{"name":"København Syd St. (Carl Jacobsens Vej)","band":4,"modes":"bus","arr":["17","87"],"off":[0,-0.8]}},{"type":"Feature","geometry":{"type":"Point","coordinates":[12.517455,55.652646]},"properties":{"line":"17","mode":"bus","color":"#0059a9","colorDark":"#00294f","band":4,"off":[-1.7,1.1]}},{"type":"Feature","geometry":{"type":"Point","coordinates":[12.517455,55.652646]},"properties":{"line":"87","mode":"bus","color":"#0059a9","colorDark":"#00294f","band":4,"off":[1.7,1.1]}},{"type":"Feature","geometry":{"type":"Point","coordinates":[12.529793,55.72284]},"properties":{"name":"Emdrup Torv (Emdrupvej)","band":4,"modes":"bus","arr":["18","176"],"off":[0,-0.8]}},{"type":"Feature","geometry":{"type":"Point","coordinates":[12.529793,55.72284]},"properties":{"line":"18","mode":"bus","color":"#0059a9","colorDark":"#00294f","band":4,"off":[-1.7,1.1]}},{"type":"Feature","geometry":{"type":"Point","coordinates":[12.529793,55.72284]},"properties":{"line":"176","mode":"bus","color":"#0059a9","colorDark":"#00294f","band":4,"off":[1.7,1.1]}},{"type":"Feature","geometry":{"type":"Point","coordinates":[12.398257,55.663504]},"properties":{"name":"Glostrup St.","band":4,"modes":"bus","arr":["19"],"off":[0,-0.8]}},{"type":"Feature","geometry":{"type":"Point","coordinates":[12.398257,55.663504]},"properties":{"line":"19","mode":"bus","color":"#0059a9","colorDark":"#00294f","band":4,"off":[0,1.1]}},{"type":"Feature","geometry":{"type":"Point","coordinates":[12.524058,55.646132]},"properties":{"name":"Kgs. Enghave, Valbyparken (Hammelstrupvej)","band":4,"modes":"bus","arr":["19"],"off":[0,-0.8]}},{"type":"Feature","geometry":{"type":"Point","coordinates":[12.524058,55.646132]},"properties":{"line":"19","mode":"bus","color":"#0059a9","colorDark":"#00294f","band":4,"off":[0,1.1]}},{"type":"Feature","geometry":{"type":"Point","coordinates":[12.459525,55.6651]},"properties":{"name":"Rødovre St.","band":4,"modes":"bus","arr":["21","131","848"],"off":[0,-0.8]}},{"type":"Feature","geometry":{"type":"Point","coordinates":[12.459525,55.6651]},"properties":{"line":"21","mode":"bus","color":"#0059a9","colorDark":"#00294f","band":4,"off":[-3.4,1.1]}},{"type":"Feature","geometry":{"type":"Point","coordinates":[12.459525,55.6651]},"properties":{"line":"131","mode":"bus","color":"#0059a9","colorDark":"#00294f","band":4,"off":[0,1.1]}},{"type":"Feature","geometry":{"type":"Point","coordinates":[12.459525,55.6651]},"properties":{"line":"848","mode":"bus","color":"#0059a9","colorDark":"#00294f","band":4,"off":[3.4,1.1]}},{"type":"Feature","geometry":{"type":"Point","coordinates":[12.471547,55.711991]},"properties":{"name":"Husum Torv","band":4,"modes":"bus","arr":["22"],"off":[0,-0.8]}},{"type":"Feature","geometry":{"type":"Point","coordinates":[12.471547,55.711991]},"properties":{"line":"22","mode":"bus","color":"#0059a9","colorDark":"#00294f","band":4,"off":[0,1.1]}},{"type":"Feature","geometry":{"type":"Point","coordinates":[12.399079,55.661405]},"properties":{"name":"Glostrup St., Glosemosevej (Glosemosevej)","band":4,"modes":"bus","arr":["22"],"off":[0,-0.8]}},{"type":"Feature","geometry":{"type":"Point","coordinates":[12.399079,55.661405]},"properties":{"line":"22","mode":"bus","color":"#0059a9","colorDark":"#00294f","band":4,"off":[0,1.1]}},{"type":"Feature","geometry":{"type":"Point","coordinates":[12.587507,55.77715]},"properties":{"name":"Klampenborg St. (Dyrehavevej)","band":4,"modes":"bus","arr":["23","185"],"off":[0,-0.8]}},{"type":"Feature","geometry":{"type":"Point","coordinates":[12.587507,55.77715]},"properties":{"line":"23","mode":"bus","color":"#0059a9","colorDark":"#00294f","band":4,"off":[-1.7,1.1]}},{"type":"Feature","geometry":{"type":"Point","coordinates":[12.587507,55.77715]},"properties":{"line":"185","mode":"bus","color":"#0059a9","colorDark":"#00294f","band":4,"off":[1.7,1.1]}},{"type":"Feature","geometry":{"type":"Point","coordinates":[12.588633,55.74965]},"properties":{"name":"Charlottenlund Fort (Strandvejen)","band":4,"modes":"bus","arr":["192"],"off":[0,-0.8]}},{"type":"Feature","geometry":{"type":"Point","coordinates":[12.588633,55.74965]},"properties":{"line":"192","mode":"bus","color":"#0059a9","colorDark":"#00294f","band":4,"off":[0,1.1]}},{"type":"Feature","geometry":{"type":"Point","coordinates":[12.587018,55.692085]},"properties":{"name":"Østerport St. (Oslo Plads)","band":4,"modes":"bus","arr":["27"],"off":[0,-0.8]}},{"type":"Feature","geometry":{"type":"Point","coordinates":[12.587018,55.692085]},"properties":{"line":"27","mode":"bus","color":"#0059a9","colorDark":"#00294f","band":4,"off":[0,1.1]}},{"type":"Feature","geometry":{"type":"Point","coordinates":[12.596137,55.712865]},"properties":{"name":"Orientkaj St. (Stubbeløbgade)","band":4,"modes":"bus","arr":["25"],"off":[0,-0.8]}},{"type":"Feature","geometry":{"type":"Point","coordinates":[12.596137,55.712865]},"properties":{"line":"25","mode":"bus","color":"#0059a9","colorDark":"#00294f","band":4,"off":[0,1.1]}},{"type":"Feature","geometry":{"type":"Point","coordinates":[12.618023,55.714376]},"properties":{"name":"Oceankaj","band":4,"modes":"bus","arr":["164"],"off":[0,-0.8]}},{"type":"Feature","geometry":{"type":"Point","coordinates":[12.618023,55.714376]},"properties":{"line":"164","mode":"bus","color":"#0059a9","colorDark":"#00294f","band":4,"off":[0,1.1]}},{"type":"Feature","geometry":{"type":"Point","coordinates":[12.628574,55.717863]},"properties":{"name":"Oceankaj, Terminal (Oceankaj)","band":4,"modes":"bus","arr":["25"],"off":[0,-0.8]}},{"type":"Feature","geometry":{"type":"Point","coordinates":[12.628574,55.717863]},"properties":{"line":"25","mode":"bus","color":"#0059a9","colorDark":"#00294f","band":4,"off":[0,1.1]}},{"type":"Feature","geometry":{"type":"Point","coordinates":[12.516493,55.706045]},"properties":{"name":"Bellahøj (Frederikssundsvej)","band":4,"modes":"bus","arr":["26"],"off":[0,-0.8]}},{"type":"Feature","geometry":{"type":"Point","coordinates":[12.516493,55.706045]},"properties":{"line":"26","mode":"bus","color":"#0059a9","colorDark":"#00294f","band":4,"off":[0,1.1]}},{"type":"Feature","geometry":{"type":"Point","coordinates":[12.593993,55.681006]},"properties":{"name":"Sankt Annæ Plads, Skuespilhuset (Sankt Annæ Plads)","band":4,"modes":"bus","arr":["26"],"off":[0,-0.8]}},{"type":"Feature","geometry":{"type":"Point","coordinates":[12.593993,55.681006]},"properties":{"line":"26","mode":"bus","color":"#0059a9","colorDark":"#00294f","band":4,"off":[0,1.1]}},{"type":"Feature","geometry":{"type":"Point","coordinates":[12.59426,55.700977]},"properties":{"name":"Færgeterminal Søndre Frihavn (Dampfærgevej)","band":4,"modes":"bus","arr":["27"],"off":[0,-0.8]}},{"type":"Feature","geometry":{"type":"Point","coordinates":[12.59426,55.700977]},"properties":{"line":"27","mode":"bus","color":"#0059a9","colorDark":"#00294f","band":4,"off":[0,1.1]}},{"type":"Feature","geometry":{"type":"Point","coordinates":[12.480676,55.69154]},"properties":{"name":"Ålekistevej, Sløjfen","band":4,"modes":"bus","arr":["31"],"off":[0,-0.8]}},{"type":"Feature","geometry":{"type":"Point","coordinates":[12.480676,55.69154]},"properties":{"line":"31","mode":"bus","color":"#0059a9","colorDark":"#00294f","band":4,"off":[0,1.1]}},{"type":"Feature","geometry":{"type":"Point","coordinates":[12.646491,55.635791]},"properties":{"name":"Kastrup St. (Ved Stationen)","band":4,"modes":"bus","arr":["31","32"],"off":[0,-0.8]}},{"type":"Feature","geometry":{"type":"Point","coordinates":[12.646491,55.635791]},"properties":{"line":"31","mode":"bus","color":"#0059a9","colorDark":"#00294f","band":4,"off":[-1.7,1.1]}},{"type":"Feature","geometry":{"type":"Point","coordinates":[12.646491,55.635791]},"properties":{"line":"32","mode":"bus","color":"#0059a9","colorDark":"#00294f","band":4,"off":[1.7,1.1]}},{"type":"Feature","geometry":{"type":"Point","coordinates":[12.581236,55.629422]},"properties":{"name":"Ørestad St., Kay Fiskers Plads (Kay Fiskers Plads)","band":4,"modes":"bus","arr":["32"],"off":[0,-0.8]}},{"type":"Feature","geometry":{"type":"Point","coordinates":[12.581236,55.629422]},"properties":{"line":"32","mode":"bus","color":"#0059a9","colorDark":"#00294f","band":4,"off":[0,1.1]}},{"type":"Feature","geometry":{"type":"Point","coordinates":[12.669266,55.595279]},"properties":{"name":"Dragør Stationsplads","band":4,"modes":"bus","arr":["33","250S"],"off":[0,-0.8]}},{"type":"Feature","geometry":{"type":"Point","coordinates":[12.669266,55.595279]},"properties":{"line":"33","mode":"bus","color":"#0059a9","colorDark":"#00294f","band":4,"off":[-1.7,1.1]}},{"type":"Feature","geometry":{"type":"Point","coordinates":[12.669266,55.595279]},"properties":{"line":"250S","mode":"bus","color":"#0059a9","colorDark":"#00294f","band":4,"off":[1.7,1.1]}},{"type":"Feature","geometry":{"type":"Point","coordinates":[12.581666,55.591536]},"properties":{"name":"Nøragersmindevej (Kongelundsvej)","band":4,"modes":"bus","arr":["34","36"],"off":[0,-0.8]}},{"type":"Feature","geometry":{"type":"Point","coordinates":[12.581666,55.591536]},"properties":{"line":"34","mode":"bus","color":"#0059a9","colorDark":"#00294f","band":4,"off":[-1.7,1.1]}},{"type":"Feature","geometry":{"type":"Point","coordinates":[12.581666,55.591536]},"properties":{"line":"36","mode":"bus","color":"#0059a9","colorDark":"#00294f","band":4,"off":[1.7,1.1]}},{"type":"Feature","geometry":{"type":"Point","coordinates":[12.613487,55.646288]},"properties":{"name":"Sundbyvester Plads","band":4,"modes":"bus","arr":["35","77"],"off":[0,-0.8]}},{"type":"Feature","geometry":{"type":"Point","coordinates":[12.613487,55.646288]},"properties":{"line":"35","mode":"bus","color":"#0059a9","colorDark":"#00294f","band":4,"off":[-1.7,1.1]}},{"type":"Feature","geometry":{"type":"Point","coordinates":[12.613487,55.646288]},"properties":{"line":"77","mode":"bus","color":"#0059a9","colorDark":"#00294f","band":4,"off":[1.7,1.1]}},{"type":"Feature","geometry":{"type":"Point","coordinates":[12.623491,55.687024]},"properties":{"name":"Amagerværket, Vindmøllevej (Vindmøllevej)","band":4,"modes":"bus","arr":["37"],"off":[0,-0.8]}},{"type":"Feature","geometry":{"type":"Point","coordinates":[12.623491,55.687024]},"properties":{"line":"37","mode":"bus","color":"#0059a9","colorDark":"#00294f","band":4,"off":[0,1.1]}},{"type":"Feature","geometry":{"type":"Point","coordinates":[12.571031,55.823152]},"properties":{"name":"Skodsborg St. (Bøllemosevej)","band":4,"modes":"bus","arr":["40E","191"],"off":[0,-0.8]}},{"type":"Feature","geometry":{"type":"Point","coordinates":[12.571031,55.823152]},"properties":{"line":"40E","mode":"bus","color":"#0059a9","colorDark":"#00294f","band":4,"off":[-1.7,1.1]}},{"type":"Feature","geometry":{"type":"Point","coordinates":[12.571031,55.823152]},"properties":{"line":"191","mode":"bus","color":"#0059a9","colorDark":"#00294f","band":4,"off":[1.7,1.1]}},{"type":"Feature","geometry":{"type":"Point","coordinates":[12.269425,55.649325]},"properties":{"name":"Høje Taastrup St.","band":4,"modes":"bus","arr":["40E"],"off":[0,-0.8]}},{"type":"Feature","geometry":{"type":"Point","coordinates":[12.269425,55.649325]},"properties":{"line":"40E","mode":"bus","color":"#0059a9","colorDark":"#00294f","band":4,"off":[0,1.1]}},{"type":"Feature","geometry":{"type":"Point","coordinates":[12.3559,55.871295]},"properties":{"name":"Allerød St. (Allerød Stationsvej)","band":4,"modes":"bus","arr":["55E"],"off":[0,-0.8]}},{"type":"Feature","geometry":{"type":"Point","coordinates":[12.3559,55.871295]},"properties":{"line":"55E","mode":"bus","color":"#0059a9","colorDark":"#00294f","band":4,"off":[0,1.1]}},{"type":"Feature","geometry":{"type":"Point","coordinates":[12.504446,55.768385]},"properties":{"name":"Lyngby St. (Jernbanepladsen)","band":4,"modes":"bus","arr":["68","179","182","183","191","192","193","194","400S","910"],"off":[0,-0.8]}},{"type":"Feature","geometry":{"type":"Point","coordinates":[12.504446,55.768385]},"properties":{"name":"Lyngby St. (Gammel Jernbanevej)","band":4,"modes":"bus","arr":["68","179","182","183","191","192","193","194","400S","910"],"off":[0,-3]}},{"type":"Feature","geometry":{"type":"Point","coordinates":[12.504446,55.768385]},"properties":{"name":"Lyngby St.","band":4,"modes":"bus","arr":["68","179","182","183","191","192","193","194","400S","910"],"off":[0,-5.2]}},{"type":"Feature","geometry":{"type":"Point","coordinates":[12.504446,55.768385]},"properties":{"line":"68","mode":"bus","color":"#0059a9","colorDark":"#00294f","band":4,"off":[-6.8,1.1]}},{"type":"Feature","geometry":{"type":"Point","coordinates":[12.504446,55.768385]},"properties":{"line":"179","mode":"bus","color":"#0059a9","colorDark":"#00294f","band":4,"off":[-3.4,1.1]}},{"type":"Feature","geometry":{"type":"Point","coordinates":[12.504446,55.768385]},"properties":{"line":"182","mode":"bus","color":"#0059a9","colorDark":"#00294f","band":4,"off":[0,1.1]}},{"type":"Feature","geometry":{"type":"Point","coordinates":[12.504446,55.768385]},"properties":{"line":"183","mode":"bus","color":"#0059a9","colorDark":"#00294f","band":4,"off":[3.4,1.1]}},{"type":"Feature","geometry":{"type":"Point","coordinates":[12.504446,55.768385]},"properties":{"line":"191","mode":"bus","color":"#0059a9","colorDark":"#00294f","band":4,"off":[6.8,1.1]}},{"type":"Feature","geometry":{"type":"Point","coordinates":[12.504446,55.768385]},"properties":{"line":"192","mode":"bus","color":"#0059a9","colorDark":"#00294f","band":4,"off":[-6.8,3.1]}},{"type":"Feature","geometry":{"type":"Point","coordinates":[12.504446,55.768385]},"properties":{"line":"193","mode":"bus","color":"#0059a9","colorDark":"#00294f","band":4,"off":[-3.4,3.1]}},{"type":"Feature","geometry":{"type":"Point","coordinates":[12.504446,55.768385]},"properties":{"line":"194","mode":"bus","color":"#0059a9","colorDark":"#00294f","band":4,"off":[0,3.1]}},{"type":"Feature","geometry":{"type":"Point","coordinates":[12.504446,55.768385]},"properties":{"line":"400S","mode":"bus","color":"#0059a9","colorDark":"#00294f","band":4,"off":[3.4,3.1]}},{"type":"Feature","geometry":{"type":"Point","coordinates":[12.504446,55.768385]},"properties":{"line":"910","mode":"bus","color":"#0059a9","colorDark":"#00294f","band":4,"off":[6.8,3.1]}},{"type":"Feature","geometry":{"type":"Point","coordinates":[12.530809,55.678709]},"properties":{"name":"Frederiksberg Rådhus (Smallegade)","band":4,"modes":"bus","arr":["71","72","74"],"off":[0,-0.8]}},{"type":"Feature","geometry":{"type":"Point","coordinates":[12.530809,55.678709]},"properties":{"line":"71","mode":"bus","color":"#0059a9","colorDark":"#00294f","band":4,"off":[-3.4,1.1]}},{"type":"Feature","geometry":{"type":"Point","coordinates":[12.530809,55.678709]},"properties":{"line":"72","mode":"bus","color":"#0059a9","colorDark":"#00294f","band":4,"off":[0,1.1]}},{"type":"Feature","geometry":{"type":"Point","coordinates":[12.530809,55.678709]},"properties":{"line":"74","mode":"bus","color":"#0059a9","colorDark":"#00294f","band":4,"off":[3.4,1.1]}},{"type":"Feature","geometry":{"type":"Point","coordinates":[12.636012,55.64553]},"properties":{"name":"Femøren St. (Engvej)","band":4,"modes":"bus","arr":["78"],"off":[0,-0.8]}},{"type":"Feature","geometry":{"type":"Point","coordinates":[12.636012,55.64553]},"properties":{"line":"78","mode":"bus","color":"#0059a9","colorDark":"#00294f","band":4,"off":[0,1.1]}},{"type":"Feature","geometry":{"type":"Point","coordinates":[12.588101,55.655647]},"properties":{"name":"DR Byen St. (Grønjordsvej)","band":4,"modes":"bus","arr":["78"],"off":[0,-0.8]}},{"type":"Feature","geometry":{"type":"Point","coordinates":[12.588101,55.655647]},"properties":{"line":"78","mode":"bus","color":"#0059a9","colorDark":"#00294f","band":4,"off":[0,1.1]}},{"type":"Feature","geometry":{"type":"Point","coordinates":[12.218871,55.533464]},"properties":{"name":"Solrød Strand St.","band":4,"modes":"bus","arr":["87"],"off":[0,-0.8]}},{"type":"Feature","geometry":{"type":"Point","coordinates":[12.218871,55.533464]},"properties":{"line":"87","mode":"bus","color":"#0059a9","colorDark":"#00294f","band":4,"off":[0,1.1]}},{"type":"Feature","geometry":{"type":"Point","coordinates":[12.388707,55.623078]},"properties":{"name":"Vallensbæk St.","band":4,"modes":"bus","arr":["130","143","144"],"off":[0,-0.8]}},{"type":"Feature","geometry":{"type":"Point","coordinates":[12.388707,55.623078]},"properties":{"line":"130","mode":"bus","color":"#0059a9","colorDark":"#00294f","band":4,"off":[-3.4,1.1]}},{"type":"Feature","geometry":{"type":"Point","coordinates":[12.388707,55.623078]},"properties":{"line":"143","mode":"bus","color":"#0059a9","colorDark":"#00294f","band":4,"off":[0,1.1]}},{"type":"Feature","geometry":{"type":"Point","coordinates":[12.388707,55.623078]},"properties":{"line":"144","mode":"bus","color":"#0059a9","colorDark":"#00294f","band":4,"off":[3.4,1.1]}},{"type":"Feature","geometry":{"type":"Point","coordinates":[12.457482,55.680344]},"properties":{"name":"Rødovre Centrum (Rødovre Parkvej)","band":4,"modes":"bus","arr":["132"],"off":[0,-0.8]}},{"type":"Feature","geometry":{"type":"Point","coordinates":[12.457482,55.680344]},"properties":{"line":"132","mode":"bus","color":"#0059a9","colorDark":"#00294f","band":4,"off":[0,1.1]}},{"type":"Feature","geometry":{"type":"Point","coordinates":[12.422327,55.62058]},"properties":{"name":"Brøndby Strand St. (Strandskolevej)","band":4,"modes":"bus","arr":["135"],"off":[0,-0.8]}},{"type":"Feature","geometry":{"type":"Point","coordinates":[12.422327,55.62058]},"properties":{"line":"135","mode":"bus","color":"#0059a9","colorDark":"#00294f","band":4,"off":[0,1.1]}},{"type":"Feature","geometry":{"type":"Point","coordinates":[12.39757,55.643658]},"properties":{"name":"Brøndbyvester St. (Vallensbækvej)","band":4,"modes":"bus","arr":["135"],"off":[0,-0.8]}},{"type":"Feature","geometry":{"type":"Point","coordinates":[12.39757,55.643658]},"properties":{"line":"135","mode":"bus","color":"#0059a9","colorDark":"#00294f","band":4,"off":[0,1.1]}},{"type":"Feature","geometry":{"type":"Point","coordinates":[12.468619,55.614408]},"properties":{"name":"Avedøreholmen (Stamholmen)","band":4,"modes":"bus","arr":["200S"],"off":[0,-0.8]}},{"type":"Feature","geometry":{"type":"Point","coordinates":[12.468619,55.614408]},"properties":{"line":"200S","mode":"bus","color":"#0059a9","colorDark":"#00294f","band":4,"off":[0,1.1]}},{"type":"Feature","geometry":{"type":"Point","coordinates":[12.414662,55.697352]},"properties":{"name":"Glostrup, Ejby St. (Ejby Industrivej)","band":4,"modes":"bus","arr":["141"],"off":[0,-0.8]}},{"type":"Feature","geometry":{"type":"Point","coordinates":[12.414662,55.697352]},"properties":{"line":"141","mode":"bus","color":"#0059a9","colorDark":"#00294f","band":4,"off":[0,1.1]}},{"type":"Feature","geometry":{"type":"Point","coordinates":[12.352228,55.658469]},"properties":{"name":"Albertslund St. (Hedemarksvej)","band":4,"modes":"bus","arr":["141"],"off":[0,-0.8]}},{"type":"Feature","geometry":{"type":"Point","coordinates":[12.352228,55.658469]},"properties":{"line":"141","mode":"bus","color":"#0059a9","colorDark":"#00294f","band":4,"off":[0,1.1]}},{"type":"Feature","geometry":{"type":"Point","coordinates":[12.402958,55.72217]},"properties":{"name":"Skovlunde St.","band":4,"modes":"bus","arr":["142","834"],"off":[0,-0.8]}},{"type":"Feature","geometry":{"type":"Point","coordinates":[12.402958,55.72217]},"properties":{"line":"142","mode":"bus","color":"#0059a9","colorDark":"#00294f","band":4,"off":[-1.7,1.1]}},{"type":"Feature","geometry":{"type":"Point","coordinates":[12.402958,55.72217]},"properties":{"line":"834","mode":"bus","color":"#0059a9","colorDark":"#00294f","band":4,"off":[1.7,1.1]}},{"type":"Feature","geometry":{"type":"Point","coordinates":[12.499106,55.686136]},"properties":{"name":"Flintholm St. (Grøndals Parkvej)","band":4,"modes":"bus","arr":["142"],"off":[0,-0.8]}},{"type":"Feature","geometry":{"type":"Point","coordinates":[12.499106,55.686136]},"properties":{"line":"142","mode":"bus","color":"#0059a9","colorDark":"#00294f","band":4,"off":[0,1.1]}},{"type":"Feature","geometry":{"type":"Point","coordinates":[12.3472,55.680128]},"properties":{"name":"Galgebakken (Gl. Landevej)","band":4,"modes":"bus","arr":["143"],"off":[0,-0.8]}},{"type":"Feature","geometry":{"type":"Point","coordinates":[12.3472,55.680128]},"properties":{"line":"143","mode":"bus","color":"#0059a9","colorDark":"#00294f","band":4,"off":[0,1.1]}},{"type":"Feature","geometry":{"type":"Point","coordinates":[12.35861,55.730054]},"properties":{"name":"Ballerup St. (Banegårdspladsen)","band":4,"modes":"bus","arr":["144","147","156","157","164","350S","834"],"off":[0,-0.8]}},{"type":"Feature","geometry":{"type":"Point","coordinates":[12.35861,55.730054]},"properties":{"line":"144","mode":"bus","color":"#0059a9","colorDark":"#00294f","band":4,"off":[-6.8,1.1]}},{"type":"Feature","geometry":{"type":"Point","coordinates":[12.35861,55.730054]},"properties":{"line":"147","mode":"bus","color":"#0059a9","colorDark":"#00294f","band":4,"off":[-3.4,1.1]}},{"type":"Feature","geometry":{"type":"Point","coordinates":[12.35861,55.730054]},"properties":{"line":"156","mode":"bus","color":"#0059a9","colorDark":"#00294f","band":4,"off":[0,1.1]}},{"type":"Feature","geometry":{"type":"Point","coordinates":[12.35861,55.730054]},"properties":{"line":"157","mode":"bus","color":"#0059a9","colorDark":"#00294f","band":4,"off":[3.4,1.1]}},{"type":"Feature","geometry":{"type":"Point","coordinates":[12.35861,55.730054]},"properties":{"line":"164","mode":"bus","color":"#0059a9","colorDark":"#00294f","band":4,"off":[6.8,1.1]}},{"type":"Feature","geometry":{"type":"Point","coordinates":[12.35861,55.730054]},"properties":{"line":"350S","mode":"bus","color":"#0059a9","colorDark":"#00294f","band":4,"off":[-1.7,3.1]}},{"type":"Feature","geometry":{"type":"Point","coordinates":[12.35861,55.730054]},"properties":{"line":"834","mode":"bus","color":"#0059a9","colorDark":"#00294f","band":4,"off":[1.7,3.1]}},{"type":"Feature","geometry":{"type":"Point","coordinates":[12.319042,55.747275]},"properties":{"name":"Måløv St.","band":4,"modes":"bus","arr":["147","153","157"],"off":[0,-0.8]}},{"type":"Feature","geometry":{"type":"Point","coordinates":[12.319042,55.747275]},"properties":{"line":"147","mode":"bus","color":"#0059a9","colorDark":"#00294f","band":4,"off":[-3.4,1.1]}},{"type":"Feature","geometry":{"type":"Point","coordinates":[12.319042,55.747275]},"properties":{"line":"153","mode":"bus","color":"#0059a9","colorDark":"#00294f","band":4,"off":[0,1.1]}},{"type":"Feature","geometry":{"type":"Point","coordinates":[12.319042,55.747275]},"properties":{"line":"157","mode":"bus","color":"#0059a9","colorDark":"#00294f","band":4,"off":[3.4,1.1]}},{"type":"Feature","geometry":{"type":"Point","coordinates":[12.394998,55.680136]},"properties":{"name":"Glostrup Nord, Hersted St. (Fabriksparken)","band":4,"modes":"bus","arr":["149"],"off":[0,-0.8]}},{"type":"Feature","geometry":{"type":"Point","coordinates":[12.394998,55.680136]},"properties":{"line":"149","mode":"bus","color":"#0059a9","colorDark":"#00294f","band":4,"off":[0,1.1]}},{"type":"Feature","geometry":{"type":"Point","coordinates":[12.396961,55.663375]},"properties":{"name":"Glostrup St. (Banegårdspladsen)","band":4,"modes":"bus","arr":["149","847"],"off":[0,-0.8]}},{"type":"Feature","geometry":{"type":"Point","coordinates":[12.396961,55.663375]},"properties":{"line":"149","mode":"bus","color":"#0059a9","colorDark":"#00294f","band":4,"off":[-1.7,1.1]}},{"type":"Feature","geometry":{"type":"Point","coordinates":[12.396961,55.663375]},"properties":{"line":"847","mode":"bus","color":"#0059a9","colorDark":"#00294f","band":4,"off":[1.7,1.1]}},{"type":"Feature","geometry":{"type":"Point","coordinates":[12.502471,55.902478]},"properties":{"name":"Kokkedal St.","band":4,"modes":"bus","arr":["150S","500S"],"off":[0,-0.8]}},{"type":"Feature","geometry":{"type":"Point","coordinates":[12.502471,55.902478]},"properties":{"line":"150S","mode":"bus","color":"#0059a9","colorDark":"#00294f","band":4,"off":[-1.7,1.1]}},{"type":"Feature","geometry":{"type":"Point","coordinates":[12.502471,55.902478]},"properties":{"line":"500S","mode":"bus","color":"#0059a9","colorDark":"#00294f","band":4,"off":[1.7,1.1]}},{"type":"Feature","geometry":{"type":"Point","coordinates":[12.374272,55.782245]},"properties":{"name":"Værløse St.","band":4,"modes":"bus","arr":["151"],"off":[0,-0.8]}},{"type":"Feature","geometry":{"type":"Point","coordinates":[12.374272,55.782245]},"properties":{"line":"151","mode":"bus","color":"#0059a9","colorDark":"#00294f","band":4,"off":[0,1.1]}},{"type":"Feature","geometry":{"type":"Point","coordinates":[12.322489,55.77732]},"properties":{"name":"Kirke Værløse, Laanshøj (Lejrvej)","band":4,"modes":"bus","arr":["151"],"off":[0,-0.8]}},{"type":"Feature","geometry":{"type":"Point","coordinates":[12.322489,55.77732]},"properties":{"line":"151","mode":"bus","color":"#0059a9","colorDark":"#00294f","band":4,"off":[0,1.1]}},{"type":"Feature","geometry":{"type":"Point","coordinates":[12.319778,55.746883]},"properties":{"name":"Måløv St. (Måløv Stationsplads)","band":4,"modes":"bus","arr":["152"],"off":[0,-0.8]}},{"type":"Feature","geometry":{"type":"Point","coordinates":[12.319778,55.746883]},"properties":{"line":"152","mode":"bus","color":"#0059a9","colorDark":"#00294f","band":4,"off":[0,1.1]}},{"type":"Feature","geometry":{"type":"Point","coordinates":[12.362196,55.789113]},"properties":{"name":"Værløse, Ryetvej (Ryetvej)","band":4,"modes":"bus","arr":["152","153"],"off":[0,-0.8]}},{"type":"Feature","geometry":{"type":"Point","coordinates":[12.362196,55.789113]},"properties":{"line":"152","mode":"bus","color":"#0059a9","colorDark":"#00294f","band":4,"off":[-1.7,1.1]}},{"type":"Feature","geometry":{"type":"Point","coordinates":[12.362196,55.789113]},"properties":{"line":"153","mode":"bus","color":"#0059a9","colorDark":"#00294f","band":4,"off":[1.7,1.1]}},{"type":"Feature","geometry":{"type":"Point","coordinates":[12.363052,55.713153]},"properties":{"name":"Magleparken, Syd (Magleparken)","band":4,"modes":"bus","arr":["156"],"off":[0,-0.8]}},{"type":"Feature","geometry":{"type":"Point","coordinates":[12.363052,55.713153]},"properties":{"line":"156","mode":"bus","color":"#0059a9","colorDark":"#00294f","band":4,"off":[0,1.1]}},{"type":"Feature","geometry":{"type":"Point","coordinates":[12.3099,55.732561]},"properties":{"name":"Flodvej (Smørum Parkvej)","band":4,"modes":"bus","arr":["157"],"off":[0,-0.8]}},{"type":"Feature","geometry":{"type":"Point","coordinates":[12.3099,55.732561]},"properties":{"line":"157","mode":"bus","color":"#0059a9","colorDark":"#00294f","band":4,"off":[0,1.1]}},{"type":"Feature","geometry":{"type":"Point","coordinates":[12.453957,55.761689]},"properties":{"name":"Bagsværd St., terminalen (Bagsværd St.)","band":4,"modes":"bus","arr":["160","165","250S"],"off":[0,-0.8]}},{"type":"Feature","geometry":{"type":"Point","coordinates":[12.453957,55.761689]},"properties":{"name":"Bagsværd St.","band":4,"modes":"bus","arr":["160","165","250S"],"off":[0,-4.1]}},{"type":"Feature","geometry":{"type":"Point","coordinates":[12.453957,55.761689]},"properties":{"line":"160","mode":"bus","color":"#0059a9","colorDark":"#00294f","band":4,"off":[-3.4,1.1]}},{"type":"Feature","geometry":{"type":"Point","coordinates":[12.453957,55.761689]},"properties":{"line":"165","mode":"bus","color":"#0059a9","colorDark":"#00294f","band":4,"off":[0,1.1]}},{"type":"Feature","geometry":{"type":"Point","coordinates":[12.453957,55.761689]},"properties":{"line":"250S","mode":"bus","color":"#0059a9","colorDark":"#00294f","band":4,"off":[3.4,1.1]}},{"type":"Feature","geometry":{"type":"Point","coordinates":[12.492661,55.740724]},"properties":{"name":"Tinghøjvej, Telefonfabrikken (Tinghøjvej)","band":4,"modes":"bus","arr":["160"],"off":[0,-0.8]}},{"type":"Feature","geometry":{"type":"Point","coordinates":[12.492661,55.740724]},"properties":{"line":"160","mode":"bus","color":"#0059a9","colorDark":"#00294f","band":4,"off":[0,1.1]}},{"type":"Feature","geometry":{"type":"Point","coordinates":[12.433883,55.744378]},"properties":{"name":"Peberhaven (Sennepshaven)","band":4,"modes":"bus","arr":["168"],"off":[0,-0.8]}},{"type":"Feature","geometry":{"type":"Point","coordinates":[12.433883,55.744378]},"properties":{"line":"168","mode":"bus","color":"#0059a9","colorDark":"#00294f","band":4,"off":[0,1.1]}},{"type":"Feature","geometry":{"type":"Point","coordinates":[12.443478,55.719165]},"properties":{"name":"Herlev St.","band":4,"modes":"bus","arr":["165"],"off":[0,-0.8]}},{"type":"Feature","geometry":{"type":"Point","coordinates":[12.443478,55.719165]},"properties":{"line":"165","mode":"bus","color":"#0059a9","colorDark":"#00294f","band":4,"off":[0,1.1]}},{"type":"Feature","geometry":{"type":"Point","coordinates":[12.438798,55.757275]},"properties":{"name":"Værebroparken (Værebrovej)","band":4,"modes":"bus","arr":["166"],"off":[0,-0.8]}},{"type":"Feature","geometry":{"type":"Point","coordinates":[12.438798,55.757275]},"properties":{"line":"166","mode":"bus","color":"#0059a9","colorDark":"#00294f","band":4,"off":[0,1.1]}},{"type":"Feature","geometry":{"type":"Point","coordinates":[12.415255,55.697072]},"properties":{"name":"Glostrup Ejby St. (Ejby Industrivej)","band":4,"modes":"bus","arr":["166"],"off":[0,-0.8]}},{"type":"Feature","geometry":{"type":"Point","coordinates":[12.415255,55.697072]},"properties":{"line":"166","mode":"bus","color":"#0059a9","colorDark":"#00294f","band":4,"off":[0,1.1]}},{"type":"Feature","geometry":{"type":"Point","coordinates":[12.385812,55.724154]},"properties":{"name":"Malmparken St. (Malmparken)","band":4,"modes":"bus","arr":["168"],"off":[0,-0.8]}},{"type":"Feature","geometry":{"type":"Point","coordinates":[12.385812,55.724154]},"properties":{"line":"168","mode":"bus","color":"#0059a9","colorDark":"#00294f","band":4,"off":[0,1.1]}},{"type":"Feature","geometry":{"type":"Point","coordinates":[12.596358,55.763055]},"properties":{"name":"Skovshoved, Strandvejen (Teglgårdsvej)","band":4,"modes":"bus","arr":["179"],"off":[0,-0.8]}},{"type":"Feature","geometry":{"type":"Point","coordinates":[12.596358,55.763055]},"properties":{"line":"179","mode":"bus","color":"#0059a9","colorDark":"#00294f","band":4,"off":[0,1.1]}},{"type":"Feature","geometry":{"type":"Point","coordinates":[12.494548,55.800905]},"properties":{"name":"Teknikerbyen (Skodsborgvej)","band":4,"modes":"bus","arr":["194"],"off":[0,-0.8]}},{"type":"Feature","geometry":{"type":"Point","coordinates":[12.494548,55.800905]},"properties":{"line":"194","mode":"bus","color":"#0059a9","colorDark":"#00294f","band":4,"off":[0,1.1]}},{"type":"Feature","geometry":{"type":"Point","coordinates":[12.536824,55.777514]},"properties":{"name":"Trongårdsvej (Hjortekærsvej)","band":4,"modes":"bus","arr":["183"],"off":[0,-0.8]}},{"type":"Feature","geometry":{"type":"Point","coordinates":[12.536824,55.777514]},"properties":{"line":"183","mode":"bus","color":"#0059a9","colorDark":"#00294f","band":4,"off":[0,1.1]}},{"type":"Feature","geometry":{"type":"Point","coordinates":[12.563255,55.8526]},"properties":{"name":"Vedbæk St.","band":4,"modes":"bus","arr":["184","193"],"off":[0,-0.8]}},{"type":"Feature","geometry":{"type":"Point","coordinates":[12.563255,55.8526]},"properties":{"line":"184","mode":"bus","color":"#0059a9","colorDark":"#00294f","band":4,"off":[-1.7,1.1]}},{"type":"Feature","geometry":{"type":"Point","coordinates":[12.563255,55.8526]},"properties":{"line":"193","mode":"bus","color":"#0059a9","colorDark":"#00294f","band":4,"off":[1.7,1.1]}},{"type":"Feature","geometry":{"type":"Point","coordinates":[12.469376,55.808423]},"properties":{"name":"Holte St.","band":4,"modes":"bus","arr":["385"],"off":[0,-0.8]}},{"type":"Feature","geometry":{"type":"Point","coordinates":[12.469376,55.808423]},"properties":{"line":"385","mode":"bus","color":"#0059a9","colorDark":"#00294f","band":4,"off":[0,1.1]}},{"type":"Feature","geometry":{"type":"Point","coordinates":[12.529398,55.794034]},"properties":{"name":"Lundtofte, Lundtofteparken (Lundtoftegårdsvej)","band":4,"modes":"bus","arr":["300S"],"off":[0,-0.8]}},{"type":"Feature","geometry":{"type":"Point","coordinates":[12.529398,55.794034]},"properties":{"line":"300S","mode":"bus","color":"#0059a9","colorDark":"#00294f","band":4,"off":[0,1.1]}},{"type":"Feature","geometry":{"type":"Point","coordinates":[12.356028,55.871154]},"properties":{"name":"Allerød St.","band":4,"modes":"bus","arr":["385"],"off":[0,-0.8]}},{"type":"Feature","geometry":{"type":"Point","coordinates":[12.356028,55.871154]},"properties":{"line":"385","mode":"bus","color":"#0059a9","colorDark":"#00294f","band":4,"off":[0,1.1]}},{"type":"Feature","geometry":{"type":"Point","coordinates":[12.359213,55.613373]},"properties":{"name":"Ishøj St.","band":4,"modes":"bus","arr":["400S"],"off":[0,-0.8]}},{"type":"Feature","geometry":{"type":"Point","coordinates":[12.359213,55.613373]},"properties":{"line":"400S","mode":"bus","color":"#0059a9","colorDark":"#00294f","band":4,"off":[0,1.1]}},{"type":"Feature","geometry":{"type":"Point","coordinates":[12.579154,55.629287]},"properties":{"name":"Ørestad St. (Ørestads Boulevard)","band":4,"modes":"bus","arr":["500S"],"off":[0,-0.8]}},{"type":"Feature","geometry":{"type":"Point","coordinates":[12.579154,55.629287]},"properties":{"line":"500S","mode":"bus","color":"#0059a9","colorDark":"#00294f","band":4,"off":[0,1.1]}},{"type":"Feature","geometry":{"type":"Point","coordinates":[12.527709,55.814144]},"properties":{"name":"Nærum St.","band":4,"modes":"bus","arr":["910"],"off":[0,-0.8]}},{"type":"Feature","geometry":{"type":"Point","coordinates":[12.527709,55.814144]},"properties":{"line":"910","mode":"bus","color":"#0059a9","colorDark":"#00294f","band":4,"off":[0,1.1]}},{"type":"Feature","geometry":{"type":"Point","coordinates":[12.530391,55.794647]},"properties":{"name":"Lundtofte St.","band":4,"modes":"tram","arr":["L"],"off":[0,-0.8]}},{"type":"Feature","geometry":{"type":"Point","coordinates":[12.530391,55.794647]},"properties":{"line":"L","mode":"tram","color":"#d6212b","colorDark":"#7c1116","band":4,"off":[0,1.1]}},{"type":"Feature","geometry":{"type":"Point","coordinates":[12.359088,55.613574]},"properties":{"name":"Ishøj St.","band":4,"modes":"tram","arr":["L"],"off":[0,-0.8]}},{"type":"Feature","geometry":{"type":"Point","coordinates":[12.359088,55.613574]},"properties":{"line":"L","mode":"tram","color":"#d6212b","colorDark":"#7c1116","band":4,"off":[0,1.1]}},{"type":"Feature","geometry":{"type":"Point","coordinates":[12.491639,55.687255]},"properties":{"name":"Vanløse St.","band":4,"modes":"metro","arr":["M1","M2"],"off":[0,-0.8]}},{"type":"Feature","geometry":{"type":"Point","coordinates":[12.491639,55.687255]},"properties":{"line":"M1","mode":"tram","color":"#007756","colorDark":"#00412f","band":4,"metro":1,"off":[-1.7,1.1]}},{"type":"Feature","geometry":{"type":"Point","coordinates":[12.491639,55.687255]},"properties":{"line":"M2","mode":"tram","color":"#FFCC00","colorDark":"#8c7000","band":4,"metro":1,"off":[1.7,1.1]}},{"type":"Feature","geometry":{"type":"Point","coordinates":[12.575672,55.619347]},"properties":{"name":"Vestamager St.","band":4,"modes":"metro","arr":["M1"],"off":[0,-0.8]}},{"type":"Feature","geometry":{"type":"Point","coordinates":[12.575672,55.619347]},"properties":{"line":"M1","mode":"tram","color":"#007756","colorDark":"#00412f","band":4,"metro":1,"off":[0,1.1]}},{"type":"Feature","geometry":{"type":"Point","coordinates":[12.649356,55.630269]},"properties":{"name":"Københavns Lufthavn St.","band":4,"modes":"metro","arr":["M2"],"off":[0,-0.8]}},{"type":"Feature","geometry":{"type":"Point","coordinates":[12.649356,55.630269]},"properties":{"line":"M2","mode":"tram","color":"#FFCC00","colorDark":"#8c7000","band":4,"metro":1,"off":[0,1.1]}},{"type":"Feature","geometry":{"type":"Point","coordinates":[12.564534,55.671557]},"properties":{"name":"København H","band":4,"modes":"metro","arr":["M3"],"off":[0,-0.8]}},{"type":"Feature","geometry":{"type":"Point","coordinates":[12.564534,55.671557]},"properties":{"line":"M3","mode":"tram","color":"#E40037","colorDark":"#7d001e","band":4,"metro":1,"off":[0,1.1]}},{"type":"Feature","geometry":{"type":"Point","coordinates":[12.516551,55.65259]},"properties":{"name":"København Syd St.","band":4,"modes":"metro","arr":["M4"],"off":[0,-0.8]}},{"type":"Feature","geometry":{"type":"Point","coordinates":[12.516551,55.65259]},"properties":{"line":"M4","mode":"tram","color":"#009CD3","colorDark":"#005674","band":4,"metro":1,"off":[0,1.1]}},{"type":"Feature","geometry":{"type":"Point","coordinates":[12.595153,55.711637]},"properties":{"name":"Orientkaj St.","band":4,"modes":"metro","arr":["M4"],"off":[0,-0.8]}},{"type":"Feature","geometry":{"type":"Point","coordinates":[12.595153,55.711637]},"properties":{"line":"M4","mode":"tram","color":"#009CD3","colorDark":"#005674","band":4,"metro":1,"off":[0,1.1]}},{"type":"Feature","geometry":{"type":"Point","coordinates":[12.311259,55.926875]},"properties":{"name":"Hillerød St.","band":4,"modes":"metro","arr":["A"],"off":[0,-0.8]}},{"type":"Feature","geometry":{"type":"Point","coordinates":[12.311259,55.926875]},"properties":{"line":"A","mode":"tram","color":"#00A7E3","colorDark":"#005c7d","band":4,"metro":1,"off":[0,1.1]}},{"type":"Feature","geometry":{"type":"Point","coordinates":[12.46863,55.807696]},"properties":{"name":"Holte St.","band":4,"modes":"metro","arr":["E"],"off":[0,-0.8]}},{"type":"Feature","geometry":{"type":"Point","coordinates":[12.46863,55.807696]},"properties":{"line":"E","mode":"tram","color":"#857AB3","colorDark":"#494362","band":4,"metro":1,"off":[0,1.1]}},{"type":"Feature","geometry":{"type":"Point","coordinates":[12.587541,55.692625]},"properties":{"name":"Østerport St.","band":4,"modes":"metro","arr":["H"],"off":[0,-0.8]}},{"type":"Feature","geometry":{"type":"Point","coordinates":[12.587541,55.692625]},"properties":{"line":"H","mode":"tram","color":"#E64215","colorDark":"#7f240c","band":4,"metro":1,"off":[0,1.1]}},{"type":"Feature","geometry":{"type":"Point","coordinates":[12.516778,55.652343]},"properties":{"name":"København Syd St.","band":4,"modes":"metro","arr":["F"],"off":[0,-0.8]}},{"type":"Feature","geometry":{"type":"Point","coordinates":[12.516778,55.652343]},"properties":{"line":"F","mode":"tram","color":"#FCC300","colorDark":"#8b6b00","band":4,"metro":1,"off":[0,1.1]}},{"type":"Feature","geometry":{"type":"Point","coordinates":[12.186455,55.457761]},"properties":{"name":"Køge St.","band":4,"modes":"metro","arr":["A","E"],"off":[0,-0.8]}},{"type":"Feature","geometry":{"type":"Point","coordinates":[12.186455,55.457761]},"properties":{"line":"A","mode":"tram","color":"#00A7E3","colorDark":"#005c7d","band":4,"metro":1,"off":[-1.7,1.1]}},{"type":"Feature","geometry":{"type":"Point","coordinates":[12.186455,55.457761]},"properties":{"line":"E","mode":"tram","color":"#857AB3","colorDark":"#494362","band":4,"metro":1,"off":[1.7,1.1]}},{"type":"Feature","geometry":{"type":"Point","coordinates":[12.373693,55.812079]},"properties":{"name":"Farum St.","band":4,"modes":"metro","arr":["B"],"off":[0,-0.8]}},{"type":"Feature","geometry":{"type":"Point","coordinates":[12.373693,55.812079]},"properties":{"line":"B","mode":"tram","color":"#55AB26","colorDark":"#2f5e15","band":4,"metro":1,"off":[0,1.1]}},{"type":"Feature","geometry":{"type":"Point","coordinates":[12.493992,55.747248]},"properties":{"name":"Buddinge St.","band":4,"modes":"metro","arr":["Bx"],"off":[0,-0.8]}},{"type":"Feature","geometry":{"type":"Point","coordinates":[12.493992,55.747248]},"properties":{"line":"Bx","mode":"tram","color":"#AECD6B","colorDark":"#60713b","band":4,"metro":1,"off":[0,1.1]}},{"type":"Feature","geometry":{"type":"Point","coordinates":[12.269617,55.648767]},"properties":{"name":"Høje Taastrup St.","band":4,"modes":"metro","arr":["B","Bx"],"off":[0,-0.8]}},{"type":"Feature","geometry":{"type":"Point","coordinates":[12.269617,55.648767]},"properties":{"line":"B","mode":"tram","color":"#55AB26","colorDark":"#2f5e15","band":4,"metro":1,"off":[-1.7,1.1]}},{"type":"Feature","geometry":{"type":"Point","coordinates":[12.269617,55.648767]},"properties":{"line":"Bx","mode":"tram","color":"#AECD6B","colorDark":"#60713b","band":4,"metro":1,"off":[1.7,1.1]}},{"type":"Feature","geometry":{"type":"Point","coordinates":[12.587785,55.77739]},"properties":{"name":"Klampenborg St.","band":4,"modes":"metro","arr":["C","F"],"off":[0,-0.8]}},{"type":"Feature","geometry":{"type":"Point","coordinates":[12.587785,55.77739]},"properties":{"line":"C","mode":"tram","color":"#F29400","colorDark":"#855100","band":4,"metro":1,"off":[-1.7,1.1]}},{"type":"Feature","geometry":{"type":"Point","coordinates":[12.587785,55.77739]},"properties":{"line":"F","mode":"tram","color":"#FCC300","colorDark":"#8b6b00","band":4,"metro":1,"off":[1.7,1.1]}},{"type":"Feature","geometry":{"type":"Point","coordinates":[12.358257,55.729805]},"properties":{"name":"Ballerup St.","band":4,"modes":"metro","arr":["H"],"off":[0,-0.8]}},{"type":"Feature","geometry":{"type":"Point","coordinates":[12.358257,55.729805]},"properties":{"line":"H","mode":"tram","color":"#E64215","colorDark":"#7f240c","band":4,"metro":1,"off":[0,1.1]}},{"type":"Feature","geometry":{"type":"Point","coordinates":[12.065426,55.835752]},"properties":{"name":"Frederikssund St.","band":4,"modes":"metro","arr":["C"],"off":[0,-0.8]}},{"type":"Feature","geometry":{"type":"Point","coordinates":[12.065426,55.835752]},"properties":{"line":"C","mode":"tram","color":"#F29400","colorDark":"#855100","band":4,"metro":1,"off":[0,1.1]}}]}