{"type":"FeatureCollection","features":[{"type":"Feature","geometry":{"type":"Point","coordinates":[12.455147,55.625309]},"properties":{"name":"Avedøre St.","lines":"1A","arr":["1A"],"terminus":1,"mode":"bus","color":"#0059a9","colorDark":"#00294f","angle":344.5,"snapDist":2,"label":1}},{"type":"Feature","geometry":{"type":"Point","coordinates":[12.453234,55.628022]},"properties":{"name":"Enghøj Gymnasium (Naverporten)","lines":"1A","arr":["1A"],"terminus":0,"mode":"bus","color":"#0059a9","colorDark":"#00294f","angle":1.6,"snapDist":1,"label":1}},{"type":"Feature","geometry":{"type":"Point","coordinates":[12.444569,55.628168]},"properties":{"name":"Pottemagerporten (Naverporten)","lines":"1A","arr":["1A"],"terminus":0,"mode":"bus","color":"#0059a9","colorDark":"#00294f","angle":1.6,"snapDist":1,"label":1}},{"type":"Feature","geometry":{"type":"Point","coordinates":[12.443506,55.628884]},"properties":{"name":"Naverporten (Rebslagerporten)","lines":"1A","arr":["1A"],"terminus":0,"mode":"bus","color":"#0059a9","colorDark":"#00294f","angle":92.5,"snapDist":0,"label":1}},{"type":"Feature","geometry":{"type":"Point","coordinates":[12.449636,55.631764]},"properties":{"name":"Avedørelejren (Avedøre Tværvej)","lines":"1A","arr":["1A"],"terminus":0,"mode":"bus","color":"#0059a9","colorDark":"#00294f","angle":161.9,"snapDist":0,"label":1}},{"type":"Feature","geometry":{"type":"Point","coordinates":[12.456788,55.633083]},"properties":{"name":"Avedøre Skole (Brostykkevej)","lines":"1A","arr":["1A"],"terminus":0,"mode":"bus","color":"#0059a9","colorDark":"#00294f","angle":161.9,"snapDist":2,"label":1}},{"type":"Feature","geometry":{"type":"Point","coordinates":[12.461981,55.634047]},"properties":{"name":"Bredholtvej (Brostykkevej)","lines":"1A","arr":["1A"],"terminus":0,"mode":"bus","color":"#0059a9","colorDark":"#00294f","angle":161.2,"snapDist":0,"label":1}},{"type":"Feature","geometry":{"type":"Point","coordinates":[12.466984,55.635504]},"properties":{"name":"Brostykkevej (Avedøre Havnevej)","lines":"1A","arr":["1A"],"terminus":0,"mode":"bus","color":"#0059a9","colorDark":"#00294f","angle":72.2,"snapDist":0,"label":1}},{"type":"Feature","geometry":{"type":"Point","coordinates":[12.46214,55.645403]},"properties":{"name":"Hvidovre Hospital, Kollegiet (Kettevej)","lines":"1A, 11, 22, 200S","arr":["1A","11","22","200S"],"terminus":0,"mode":"bus","color":"#0059a9","colorDark":"#00294f","angle":167.3,"snapDist":1,"label":1}},{"type":"Feature","geometry":{"type":"Point","coordinates":[12.464076,55.646977]},"properties":{"name":"Hvidovre Hospital, Hovedindgangen (Kettegård Allé)","lines":"1A, 11, 22, 200S","arr":["1A","11","22","200S"],"terminus":0,"mode":"bus","color":"#0059a9","colorDark":"#00294f","angle":166.4,"snapDist":4,"label":1}},{"type":"Feature","geometry":{"type":"Point","coordinates":[12.472037,55.647987]},"properties":{"name":"Hvidovre Hospital, Indgang Øst (Kettegård Allé)","lines":"1A, 11, 22, 200S","arr":["1A","11","22","200S"],"terminus":0,"mode":"bus","color":"#0059a9","colorDark":"#00294f","angle":166.8,"snapDist":0,"label":1}},{"type":"Feature","geometry":{"type":"Point","coordinates":[12.477219,55.648156]},"properties":{"name":"Arnold Nielsens Boulevard (Kettegård Allé)","lines":"1A, 11, 22","arr":["1A","11","22"],"terminus":0,"mode":"bus","color":"#0059a9","colorDark":"#00294f","angle":161.4,"snapDist":0,"label":1}},{"type":"Feature","geometry":{"type":"Point","coordinates":[12.476064,55.651267]},"properties":{"name":"Rosenhøj (Hvidovrevej)","lines":"1A, 11, 22, 132","arr":["1A","11","22","132"],"terminus":0,"mode":"bus","color":"#0059a9","colorDark":"#00294f","angle":59.2,"snapDist":1,"label":1}},{"type":"Feature","geometry":{"type":"Point","coordinates":[12.479347,55.652611]},"properties":{"name":"Hvidovregade (Vigerslev Allé)","lines":"1A, 11","arr":["1A","11"],"terminus":0,"mode":"bus","color":"#0059a9","colorDark":"#00294f","angle":170.8,"snapDist":6,"label":1}},{"type":"Feature","geometry":{"type":"Point","coordinates":[12.485552,55.654524]},"properties":{"name":"Vigerslevvej (Vigerslev Allé)","lines":"1A, 11","arr":["1A","11"],"terminus":0,"mode":"bus","color":"#0059a9","colorDark":"#00294f","angle":129.2,"snapDist":0,"label":1}},{"type":"Feature","geometry":{"type":"Point","coordinates":[12.489274,55.652631]},"properties":{"name":"Søndervangs Allé (Folehaven)","lines":"1A","arr":["1A"],"terminus":0,"mode":"bus","color":"#0059a9","colorDark":"#00294f","angle":184.5,"snapDist":1,"label":1}},{"type":"Feature","geometry":{"type":"Point","coordinates":[12.493593,55.652367]},"properties":{"name":"Danhaven (Folehaven)","lines":"1A","arr":["1A"],"terminus":0,"mode":"bus","color":"#0059a9","colorDark":"#00294f","angle":189.4,"snapDist":0,"label":1}},{"type":"Feature","geometry":{"type":"Point","coordinates":[12.499068,55.651512]},"properties":{"name":"Hestehaven (Folehaven)","lines":"1A","arr":["1A"],"terminus":0,"mode":"bus","color":"#0059a9","colorDark":"#00294f","angle":198.2,"snapDist":1,"label":1}},{"type":"Feature","geometry":{"type":"Point","coordinates":[12.50369,55.650938]},"properties":{"name":"Retortvej (Folehaven)","lines":"1A, 23","arr":["1A","23"],"terminus":0,"mode":"bus","color":"#0059a9","colorDark":"#00294f","angle":188.3,"snapDist":0,"label":1}},{"type":"Feature","geometry":{"type":"Point","coordinates":[12.508396,55.651163]},"properties":{"name":"Folehaven (Gammel Køge Landevej)","lines":"1A, 4A, 87","arr":["1A","4A","87"],"terminus":0,"mode":"bus","color":"#0059a9","colorDark":"#00294f","angle":113.1,"snapDist":1,"label":1}},{"type":"Feature","geometry":{"type":"Point","coordinates":[12.510927,55.654341]},"properties":{"name":"København Syd St., Grønttorvet","lines":"1A, 4A, 87","arr":["1A","4A","87"],"terminus":0,"mode":"bus","color":"#0059a9","colorDark":"#00294f","angle":115.8,"snapDist":0,"label":1}},{"type":"Feature","geometry":{"type":"Point","coordinates":[12.51298,55.655533]},"properties":{"name":"Gl. Køge Landevej (Carl Jacobsens Vej)","lines":"1A, 87","arr":["1A","87"],"terminus":0,"mode":"bus","color":"#0059a9","colorDark":"#00294f","angle":215.5,"snapDist":1,"label":1}},{"type":"Feature","geometry":{"type":"Point","coordinates":[12.51762,55.652512]},"properties":{"name":"København Syd St. (Carl Jacobsens Vej)","lines":"1A","arr":["1A"],"terminus":0,"mode":"bus","color":"#0059a9","colorDark":"#00294f","angle":185.7,"snapDist":4,"label":0}},{"type":"Feature","geometry":{"type":"Point","coordinates":[12.526779,55.652213]},"properties":{"name":"Sjælør St. (Carl Jacobsens Vej)","lines":"1A","arr":["1A"],"terminus":0,"mode":"bus","color":"#0059a9","colorDark":"#00294f","angle":169,"snapDist":1,"label":1}},{"type":"Feature","geometry":{"type":"Point","coordinates":[12.526025,55.657028]},"properties":{"name":"Sankt Annæ Gymnasium (Sjælør Boulevard)","lines":"1A, 8A","arr":["1A","8A"],"terminus":0,"mode":"bus","color":"#0059a9","colorDark":"#00294f","angle":80.6,"snapDist":0,"label":1}},{"type":"Feature","geometry":{"type":"Point","coordinates":[12.525106,55.662597]},"properties":{"name":"Sjælør Boulevard (Vigerslev Allé)","lines":"1A, 11","arr":["1A","11"],"terminus":0,"mode":"bus","color":"#0059a9","colorDark":"#00294f","angle":160.1,"snapDist":0,"label":1}},{"type":"Feature","geometry":{"type":"Point","coordinates":[12.537097,55.663044]},"properties":{"name":"Carlsberg St. (Vigerslev Allé)","lines":"1A, 11","arr":["1A","11"],"terminus":0,"mode":"bus","color":"#0059a9","colorDark":"#00294f","angle":185.9,"snapDist":2,"label":1}},{"type":"Feature","geometry":{"type":"Point","coordinates":[12.542122,55.663766]},"properties":{"name":"Sønder Boulevard (Enghavevej)","lines":"1A, 23","arr":["1A","23"],"terminus":0,"mode":"bus","color":"#0059a9","colorDark":"#00294f","angle":107.9,"snapDist":0,"label":1}},{"type":"Feature","geometry":{"type":"Point","coordinates":[12.543668,55.666396]},"properties":{"name":"Enghave Plads St. (Enghavevej)","lines":"1A, 23","arr":["1A","23"],"terminus":0,"mode":"bus","color":"#0059a9","colorDark":"#00294f","angle":107.3,"snapDist":2,"label":1}},{"type":"Feature","geometry":{"type":"Point","coordinates":[12.545382,55.669416]},"properties":{"name":"Tove Ditlevsens Plads (Enghavevej)","lines":"1A","arr":["1A"],"terminus":0,"mode":"bus","color":"#0059a9","colorDark":"#00294f","angle":108.4,"snapDist":1,"label":1}},{"type":"Feature","geometry":{"type":"Point","coordinates":[12.545966,55.671174]},"properties":{"name":"Vesterbrogade (Enghavevej)","lines":"1A","arr":["1A"],"terminus":0,"mode":"bus","color":"#0059a9","colorDark":"#00294f","angle":72.3,"snapDist":0,"label":1}},{"type":"Feature","geometry":{"type":"Point","coordinates":[12.544127,55.674011]},"properties":{"name":"Frederiksberg Allé (Alhambravej)","lines":"1A","arr":["1A"],"terminus":0,"mode":"bus","color":"#0059a9","colorDark":"#00294f","angle":108,"snapDist":1,"label":1}},{"type":"Feature","geometry":{"type":"Point","coordinates":[12.545547,55.676017]},"properties":{"name":"Gammel Kongevej (H.C. Ørsteds Vej)","lines":"1A","arr":["1A"],"terminus":0,"mode":"bus","color":"#0059a9","colorDark":"#00294f","angle":114.4,"snapDist":2,"label":1}},{"type":"Feature","geometry":{"type":"Point","coordinates":[12.547027,55.67809]},"properties":{"name":"Kastanievej (H.C. Ørsteds Vej)","lines":"1A","arr":["1A"],"terminus":0,"mode":"bus","color":"#0059a9","colorDark":"#00294f","angle":111.2,"snapDist":1,"label":1}},{"type":"Feature","geometry":{"type":"Point","coordinates":[12.548283,55.679895]},"properties":{"name":"Thorvaldsensvej (H.C. Ørsteds Vej)","lines":"1A","arr":["1A"],"terminus":0,"mode":"bus","color":"#0059a9","colorDark":"#00294f","angle":111.4,"snapDist":2,"label":1}},{"type":"Feature","geometry":{"type":"Point","coordinates":[12.550242,55.682783]},"properties":{"name":"Rosenørns Allé (H.C. Ørsteds Vej)","lines":"1A","arr":["1A"],"terminus":0,"mode":"bus","color":"#0059a9","colorDark":"#00294f","angle":111.1,"snapDist":0,"label":1}},{"type":"Feature","geometry":{"type":"Point","coordinates":[12.551516,55.684575]},"properties":{"name":"Åboulevard (H.C. Ørsteds Vej)","lines":"1A","arr":["1A"],"terminus":0,"mode":"bus","color":"#0059a9","colorDark":"#00294f","angle":111.4,"snapDist":1,"label":1}},{"type":"Feature","geometry":{"type":"Point","coordinates":[12.552657,55.686094]},"properties":{"name":"Rantzausgade (Griffenfeldsgade)","lines":"1A","arr":["1A"],"terminus":0,"mode":"bus","color":"#0059a9","colorDark":"#00294f","angle":115.6,"snapDist":0,"label":1}},{"type":"Feature","geometry":{"type":"Point","coordinates":[12.555187,55.687274]},"properties":{"name":"Prins Jørgens Gade (Stengade)","lines":"1A","arr":["1A"],"terminus":0,"mode":"bus","color":"#0059a9","colorDark":"#00294f","angle":121.4,"snapDist":1,"label":1}},{"type":"Feature","geometry":{"type":"Point","coordinates":[12.558932,55.688537]},"properties":{"name":"Elmegade (Nørrebrogade)","lines":"1A, 5C, 350S","arr":["1A","5C","350S"],"terminus":0,"mode":"bus","color":"#0059a9","colorDark":"#00294f","angle":214.6,"snapDist":2,"label":1}},{"type":"Feature","geometry":{"type":"Point","coordinates":[12.561964,55.69133]},"properties":{"name":"Skt. Hans Torv (Blegdamsvej)","lines":"1A","arr":["1A"],"terminus":0,"mode":"bus","color":"#0059a9","colorDark":"#00294f","angle":135.8,"snapDist":1,"label":1}},{"type":"Feature","geometry":{"type":"Point","coordinates":[12.567068,55.694118]},"properties":{"name":"Rigshospitalet Syd (Blegdamsvej)","lines":"1A","arr":["1A"],"terminus":0,"mode":"bus","color":"#0059a9","colorDark":"#00294f","angle":139.5,"snapDist":4,"label":1}},{"type":"Feature","geometry":{"type":"Point","coordinates":[12.569294,55.695272]},"properties":{"name":"Rigshospitalet Hovedindgang (Blegdamsvej)","lines":"1A","arr":["1A"],"terminus":0,"mode":"bus","color":"#0059a9","colorDark":"#00294f","angle":137,"snapDist":1,"label":1}},{"type":"Feature","geometry":{"type":"Point","coordinates":[12.572559,55.696991]},"properties":{"name":"Irmingersgade (Blegdamsvej)","lines":"1A","arr":["1A"],"terminus":0,"mode":"bus","color":"#0059a9","colorDark":"#00294f","angle":136.2,"snapDist":0,"label":1}},{"type":"Feature","geometry":{"type":"Point","coordinates":[12.576291,55.69894]},"properties":{"name":"Trianglen St. (Blegdamsvej)","lines":"1A","arr":["1A"],"terminus":0,"mode":"bus","color":"#0059a9","colorDark":"#00294f","angle":135.7,"snapDist":3,"label":1}},{"type":"Feature","geometry":{"type":"Point","coordinates":[12.577494,55.702826]},"properties":{"name":"Gustav Adolfs Gade (Østerbrogade)","lines":"1A","arr":["1A"],"terminus":0,"mode":"bus","color":"#0059a9","colorDark":"#00294f","angle":89.6,"snapDist":3,"label":1}},{"type":"Feature","geometry":{"type":"Point","coordinates":[12.577477,55.706746]},"properties":{"name":"Århusgade (Østerbrogade)","lines":"1A","arr":["1A"],"terminus":0,"mode":"bus","color":"#0059a9","colorDark":"#00294f","angle":89.2,"snapDist":1,"label":1}},{"type":"Feature","geometry":{"type":"Point","coordinates":[12.577626,55.709664]},"properties":{"name":"Poul Henningsens Plads St. (Østerbrogade)","lines":"1A, 23","arr":["1A","23"],"terminus":0,"mode":"bus","color":"#0059a9","colorDark":"#00294f","angle":92.9,"snapDist":0,"label":1}},{"type":"Feature","geometry":{"type":"Point","coordinates":[12.577523,55.713398]},"properties":{"name":"Nygårdsvej (Østerbrogade)","lines":"1A, 23","arr":["1A","23"],"terminus":0,"mode":"bus","color":"#0059a9","colorDark":"#00294f","angle":89.9,"snapDist":0,"label":1}},{"type":"Feature","geometry":{"type":"Point","coordinates":[12.577492,55.71535]},"properties":{"name":"Svanemøllen St. (Østerbrogade)","lines":"1A, 23","arr":["1A","23"],"terminus":0,"mode":"bus","color":"#0059a9","colorDark":"#00294f","angle":86.6,"snapDist":1,"label":1}},{"type":"Feature","geometry":{"type":"Point","coordinates":[12.577285,55.717209]},"properties":{"name":"Strandvænget (Strandvejen)","lines":"1A, 23, 164","arr":["1A","23","164"],"terminus":0,"mode":"bus","color":"#0059a9","colorDark":"#00294f","angle":84.6,"snapDist":0,"label":1}},{"type":"Feature","geometry":{"type":"Point","coordinates":[12.577343,55.721262]},"properties":{"name":"Strandøre (Strandvejen)","lines":"1A, 23, 164","arr":["1A","23","164"],"terminus":0,"mode":"bus","color":"#0059a9","colorDark":"#00294f","angle":94.5,"snapDist":5,"label":1}},{"type":"Feature","geometry":{"type":"Point","coordinates":[12.577421,55.723843]},"properties":{"name":"Gl. Vartov Vej (Strandvejen)","lines":"1A, 23","arr":["1A","23"],"terminus":0,"mode":"bus","color":"#0059a9","colorDark":"#00294f","angle":79.1,"snapDist":1,"label":1}},{"type":"Feature","geometry":{"type":"Point","coordinates":[12.576096,55.727101]},"properties":{"name":"Tuborg Boulevard (Strandvejen)","lines":"1A, 21, 23, 164, 171","arr":["1A","21","23","164","171"],"terminus":0,"mode":"bus","color":"#0059a9","colorDark":"#00294f","angle":74.2,"snapDist":2,"label":1}},{"type":"Feature","geometry":{"type":"Point","coordinates":[12.576607,55.729872]},"properties":{"name":"Callisensvej (Strandvejen)","lines":"1A, 21, 23, 164, 171","arr":["1A","21","23","164","171"],"terminus":0,"mode":"bus","color":"#0059a9","colorDark":"#00294f","angle":85.3,"snapDist":1,"label":1}},{"type":"Feature","geometry":{"type":"Point","coordinates":[12.574889,55.731504]},"properties":{"name":"Strandvejen (Hellerupvej)","lines":"1A, 21, 23, 164, 171","arr":["1A","21","23","164","171"],"terminus":0,"mode":"bus","color":"#0059a9","colorDark":"#00294f","angle":7.9,"snapDist":0,"label":1}},{"type":"Feature","geometry":{"type":"Point","coordinates":[12.567972,55.730976]},"properties":{"name":"Hellerup St.","lines":"1A","arr":["1A"],"terminus":1,"mode":"bus","color":"#0059a9","colorDark":"#00294f","angle":304.8,"snapDist":0,"label":1}},{"type":"Feature","geometry":{"type":"Point","coordinates":[12.576383,55.729219]},"properties":{"name":"Callisensvej (Strandvejen)","lines":"1A, 21, 23, 164, 172","arr":["1A","21","23","164","172"],"terminus":0,"mode":"bus","color":"#0059a9","colorDark":"#00294f","angle":281.6,"snapDist":1,"label":0}},{"type":"Feature","geometry":{"type":"Point","coordinates":[12.575859,55.72725]},"properties":{"name":"Tuborg Boulevard (Strandvejen)","lines":"1A, 21, 23, 172","arr":["1A","21","23","172"],"terminus":0,"mode":"bus","color":"#0059a9","colorDark":"#00294f","angle":257.3,"snapDist":0,"label":0}},{"type":"Feature","geometry":{"type":"Point","coordinates":[12.577678,55.723024]},"properties":{"name":"Gl. Vartov Vej (Strandvejen)","lines":"1A, 23","arr":["1A","23"],"terminus":0,"mode":"bus","color":"#0059a9","colorDark":"#00294f","angle":265.1,"snapDist":0,"label":0}},{"type":"Feature","geometry":{"type":"Point","coordinates":[12.577162,55.721043]},"properties":{"name":"Strandøre (Strandvejen)","lines":"1A, 23, 164","arr":["1A","23","164"],"terminus":0,"mode":"bus","color":"#0059a9","colorDark":"#00294f","angle":272.9,"snapDist":4,"label":0}},{"type":"Feature","geometry":{"type":"Point","coordinates":[12.577254,55.717426]},"properties":{"name":"Strandvænget (Strandvejen)","lines":"1A, 23, 164","arr":["1A","23","164"],"terminus":0,"mode":"bus","color":"#0059a9","colorDark":"#00294f","angle":265.6,"snapDist":0,"label":0}},{"type":"Feature","geometry":{"type":"Point","coordinates":[12.577508,55.715197]},"properties":{"name":"Svanemøllen St. (Østerbrogade)","lines":"1A, 23","arr":["1A","23"],"terminus":0,"mode":"bus","color":"#0059a9","colorDark":"#00294f","angle":266.6,"snapDist":1,"label":0}},{"type":"Feature","geometry":{"type":"Point","coordinates":[12.577533,55.712625]},"properties":{"name":"Nygårdsvej (Østerbrogade)","lines":"1A, 23","arr":["1A","23"],"terminus":0,"mode":"bus","color":"#0059a9","colorDark":"#00294f","angle":269.6,"snapDist":0,"label":0}},{"type":"Feature","geometry":{"type":"Point","coordinates":[12.577476,55.709876]},"properties":{"name":"Poul Henningsens Plads St. (Østerbrogade)","lines":"1A, 23","arr":["1A","23"],"terminus":0,"mode":"bus","color":"#0059a9","colorDark":"#00294f","angle":282.2,"snapDist":0,"label":0}},{"type":"Feature","geometry":{"type":"Point","coordinates":[12.577363,55.706183]},"properties":{"name":"Århusgade (Østerbrogade)","lines":"1A, 14, 23","arr":["1A","14","23"],"terminus":0,"mode":"bus","color":"#0059a9","colorDark":"#00294f","angle":269.8,"snapDist":2,"label":0}},{"type":"Feature","geometry":{"type":"Point","coordinates":[12.577397,55.702089]},"properties":{"name":"Gustav Adolfs Gade (Østerbrogade)","lines":"1A, 14","arr":["1A","14"],"terminus":0,"mode":"bus","color":"#0059a9","colorDark":"#00294f","angle":269.6,"snapDist":3,"label":0}},{"type":"Feature","geometry":{"type":"Point","coordinates":[12.576062,55.698811]},"properties":{"name":"Trianglen St. (Blegdamsvej)","lines":"1A","arr":["1A"],"terminus":0,"mode":"bus","color":"#0059a9","colorDark":"#00294f","angle":312.8,"snapDist":3,"label":0}},{"type":"Feature","geometry":{"type":"Point","coordinates":[12.572615,55.697022]},"properties":{"name":"Irmingersgade (Blegdamsvej)","lines":"1A","arr":["1A"],"terminus":0,"mode":"bus","color":"#0059a9","colorDark":"#00294f","angle":316.1,"snapDist":0,"label":0}},{"type":"Feature","geometry":{"type":"Point","coordinates":[12.569367,55.69531]},"properties":{"name":"Rigshospitalet Hovedindgang (Blegdamsvej)","lines":"1A","arr":["1A"],"terminus":0,"mode":"bus","color":"#0059a9","colorDark":"#00294f","angle":317,"snapDist":1,"label":0}},{"type":"Feature","geometry":{"type":"Point","coordinates":[12.565718,55.693357]},"properties":{"name":"Rigshospitalet Syd (Blegdamsvej)","lines":"1A","arr":["1A"],"terminus":0,"mode":"bus","color":"#0059a9","colorDark":"#00294f","angle":316.3,"snapDist":4,"label":0}},{"type":"Feature","geometry":{"type":"Point","coordinates":[12.561584,55.691122]},"properties":{"name":"Skt. Hans Torv (Blegdamsvej)","lines":"1A","arr":["1A"],"terminus":0,"mode":"bus","color":"#0059a9","colorDark":"#00294f","angle":315.8,"snapDist":0,"label":0}},{"type":"Feature","geometry":{"type":"Point","coordinates":[12.557595,55.689048]},"properties":{"name":"Elmegade (Nørrebrogade)","lines":"1A, 5C, 350S","arr":["1A","5C","350S"],"terminus":0,"mode":"bus","color":"#0059a9","colorDark":"#00294f","angle":33.7,"snapDist":1,"label":0}},{"type":"Feature","geometry":{"type":"Point","coordinates":[12.555083,55.687178]},"properties":{"name":"Prins Jørgens Gade (Stengade)","lines":"1A","arr":["1A"],"terminus":0,"mode":"bus","color":"#0059a9","colorDark":"#00294f","angle":301.1,"snapDist":1,"label":0}},{"type":"Feature","geometry":{"type":"Point","coordinates":[12.552672,55.686112]},"properties":{"name":"Rantzausgade (Griffenfeldsgade)","lines":"1A","arr":["1A"],"terminus":0,"mode":"bus","color":"#0059a9","colorDark":"#00294f","angle":295.6,"snapDist":0,"label":0}},{"type":"Feature","geometry":{"type":"Point","coordinates":[12.551439,55.684466]},"properties":{"name":"Åboulevard (H.C. Ørsteds Vej)","lines":"1A","arr":["1A"],"terminus":0,"mode":"bus","color":"#0059a9","colorDark":"#00294f","angle":291.8,"snapDist":0,"label":0}},{"type":"Feature","geometry":{"type":"Point","coordinates":[12.549928,55.682333]},"properties":{"name":"Rosenørns Allé (H.C. Ørsteds Vej)","lines":"1A","arr":["1A"],"terminus":0,"mode":"bus","color":"#0059a9","colorDark":"#00294f","angle":291.9,"snapDist":0,"label":0}},{"type":"Feature","geometry":{"type":"Point","coordinates":[12.54816,55.679727]},"properties":{"name":"Thorvaldsensvej (H.C. Ørsteds Vej)","lines":"1A","arr":["1A"],"terminus":0,"mode":"bus","color":"#0059a9","colorDark":"#00294f","angle":294.3,"snapDist":2,"label":0}},{"type":"Feature","geometry":{"type":"Point","coordinates":[12.546486,55.677304]},"properties":{"name":"Kastanievej (H.C. Ørsteds Vej)","lines":"1A","arr":["1A"],"terminus":0,"mode":"bus","color":"#0059a9","colorDark":"#00294f","angle":291.2,"snapDist":1,"label":0}},{"type":"Feature","geometry":{"type":"Point","coordinates":[12.544778,55.675206]},"properties":{"name":"Gammel Kongevej (Alhambravej)","lines":"1A","arr":["1A"],"terminus":0,"mode":"bus","color":"#0059a9","colorDark":"#00294f","angle":286.1,"snapDist":1,"label":1}},{"type":"Feature","geometry":{"type":"Point","coordinates":[12.544659,55.672831]},"properties":{"name":"Frederiksberg Allé (Kingosgade)","lines":"1A","arr":["1A"],"terminus":0,"mode":"bus","color":"#0059a9","colorDark":"#00294f","angle":256.5,"snapDist":1,"label":1}},{"type":"Feature","geometry":{"type":"Point","coordinates":[12.546074,55.670982]},"properties":{"name":"Vesterbrogade (Enghavevej)","lines":"1A","arr":["1A"],"terminus":0,"mode":"bus","color":"#0059a9","colorDark":"#00294f","angle":253.9,"snapDist":0,"label":0}},{"type":"Feature","geometry":{"type":"Point","coordinates":[12.545222,55.669152]},"properties":{"name":"Tove Ditlevsens Plads (Enghavevej)","lines":"1A","arr":["1A"],"terminus":0,"mode":"bus","color":"#0059a9","colorDark":"#00294f","angle":289.2,"snapDist":0,"label":0}},{"type":"Feature","geometry":{"type":"Point","coordinates":[12.543644,55.666353]},"properties":{"name":"Enghave Plads St. (Enghavevej)","lines":"1A, 23","arr":["1A","23"],"terminus":0,"mode":"bus","color":"#0059a9","colorDark":"#00294f","angle":287.6,"snapDist":2,"label":0}},{"type":"Feature","geometry":{"type":"Point","coordinates":[12.541968,55.663492]},"properties":{"name":"Sønder Boulevard (Enghavevej)","lines":"1A, 23","arr":["1A","23"],"terminus":0,"mode":"bus","color":"#0059a9","colorDark":"#00294f","angle":287.4,"snapDist":4,"label":0}},{"type":"Feature","geometry":{"type":"Point","coordinates":[12.536764,55.663063]},"properties":{"name":"Carlsberg St. (Vigerslev Allé)","lines":"1A, 11","arr":["1A","11"],"terminus":0,"mode":"bus","color":"#0059a9","colorDark":"#00294f","angle":5.9,"snapDist":2,"label":0}},{"type":"Feature","geometry":{"type":"Point","coordinates":[12.524664,55.661915]},"properties":{"name":"Vigerslev Allé (Sjælør Boulevard)","lines":"1A, 8A","arr":["1A","8A"],"terminus":0,"mode":"bus","color":"#0059a9","colorDark":"#00294f","angle":269.1,"snapDist":3,"label":1}},{"type":"Feature","geometry":{"type":"Point","coordinates":[12.526329,55.655985]},"properties":{"name":"Sankt Annæ Gymnasium (Sjælør Boulevard)","lines":"1A, 8A","arr":["1A","8A"],"terminus":0,"mode":"bus","color":"#0059a9","colorDark":"#00294f","angle":261.6,"snapDist":0,"label":0}},{"type":"Feature","geometry":{"type":"Point","coordinates":[12.526385,55.652171]},"properties":{"name":"Sjælør St. (Carl Jacobsens Vej)","lines":"1A","arr":["1A"],"terminus":0,"mode":"bus","color":"#0059a9","colorDark":"#00294f","angle":349.6,"snapDist":1,"label":0}},{"type":"Feature","geometry":{"type":"Point","coordinates":[12.517325,55.652545]},"properties":{"name":"København Syd St. (Carl Jacobsens Vej)","lines":"1A","arr":["1A"],"terminus":0,"mode":"bus","color":"#0059a9","colorDark":"#00294f","angle":192.8,"snapDist":3,"label":0}},{"type":"Feature","geometry":{"type":"Point","coordinates":[12.511858,55.655474]},"properties":{"name":"Carl Jacobsens Vej (Gammel Køge Landevej)","lines":"1A, 4A, 87","arr":["1A","4A","87"],"terminus":0,"mode":"bus","color":"#0059a9","colorDark":"#00294f","angle":294.4,"snapDist":0,"label":1}},{"type":"Feature","geometry":{"type":"Point","coordinates":[12.509837,55.653048]},"properties":{"name":"København Syd St., Grønttorvet","lines":"1A, 4A, 87","arr":["1A","4A","87"],"terminus":0,"mode":"bus","color":"#0059a9","colorDark":"#00294f","angle":294.7,"snapDist":1,"label":0}},{"type":"Feature","geometry":{"type":"Point","coordinates":[12.507029,55.650761]},"properties":{"name":"Gl.Køge Landevej (Folehaven)","lines":"1A, 23","arr":["1A","23"],"terminus":0,"mode":"bus","color":"#0059a9","colorDark":"#00294f","angle":3.3,"snapDist":0,"label":1}},{"type":"Feature","geometry":{"type":"Point","coordinates":[12.501133,55.651305]},"properties":{"name":"Retortvej (Folehaven)","lines":"1A","arr":["1A"],"terminus":0,"mode":"bus","color":"#0059a9","colorDark":"#00294f","angle":11.7,"snapDist":1,"label":0}},{"type":"Feature","geometry":{"type":"Point","coordinates":[12.498664,55.651668]},"properties":{"name":"Hestehaven (Folehaven)","lines":"1A","arr":["1A"],"terminus":0,"mode":"bus","color":"#0059a9","colorDark":"#00294f","angle":17.9,"snapDist":0,"label":0}},{"type":"Feature","geometry":{"type":"Point","coordinates":[12.491957,55.652577]},"properties":{"name":"Danhaven (Folehaven)","lines":"1A","arr":["1A"],"terminus":0,"mode":"bus","color":"#0059a9","colorDark":"#00294f","angle":5,"snapDist":1,"label":0}},{"type":"Feature","geometry":{"type":"Point","coordinates":[12.487945,55.653342]},"properties":{"name":"Folehaven (Vigerslevvej)","lines":"1A, 133","arr":["1A","133"],"terminus":0,"mode":"bus","color":"#0059a9","colorDark":"#00294f","angle":-114.7,"snapDist":6,"label":1}},{"type":"Feature","geometry":{"type":"Point","coordinates":[12.485901,55.654761]},"properties":{"name":"Vigerslevvej (Vigerslev Allé)","lines":"1A, 11","arr":["1A","11"],"terminus":0,"mode":"bus","color":"#0059a9","colorDark":"#00294f","angle":310,"snapDist":1,"label":0}},{"type":"Feature","geometry":{"type":"Point","coordinates":[12.479199,55.652598]},"properties":{"name":"Hvidovregade (Vigerslev Allé)","lines":"1A, 11","arr":["1A","11"],"terminus":0,"mode":"bus","color":"#0059a9","colorDark":"#00294f","angle":170.8,"snapDist":7,"label":0}},{"type":"Feature","geometry":{"type":"Point","coordinates":[12.476206,55.650982]},"properties":{"name":"Rosenhøj (Hvidovrevej)","lines":"1A, 11, 22, 132","arr":["1A","11","22","132"],"terminus":0,"mode":"bus","color":"#0059a9","colorDark":"#00294f","angle":232.8,"snapDist":1,"label":0}},{"type":"Feature","geometry":{"type":"Point","coordinates":[12.477219,55.648156]},"properties":{"name":"Arnold Nielsens Boulevard (Kettegård Allé)","lines":"1A, 11, 22, 200S","arr":["1A","11","22","200S"],"terminus":0,"mode":"bus","color":"#0059a9","colorDark":"#00294f","angle":341.4,"snapDist":0,"label":0}},{"type":"Feature","geometry":{"type":"Point","coordinates":[12.469962,55.647714]},"properties":{"name":"Hvidovre Hospital, Indgang Øst (Kettegård Allé)","lines":"1A, 11, 22, 200S","arr":["1A","11","22","200S"],"terminus":0,"mode":"bus","color":"#0059a9","colorDark":"#00294f","angle":347.4,"snapDist":0,"label":0}},{"type":"Feature","geometry":{"type":"Point","coordinates":[12.463481,55.646896]},"properties":{"name":"Hvidovre Hospital, Hovedindgangen (Kettegård Allé)","lines":"1A, 11, 22, 200S","arr":["1A","11","22","200S"],"terminus":0,"mode":"bus","color":"#0059a9","colorDark":"#00294f","angle":341.5,"snapDist":3,"label":0}},{"type":"Feature","geometry":{"type":"Point","coordinates":[12.461263,55.644907]},"properties":{"name":"Hvidovre Hospital. Kollegiet (Avedøre Havnevej)","lines":"1A","arr":["1A"],"terminus":0,"mode":"bus","color":"#0059a9","colorDark":"#00294f","angle":250.2,"snapDist":2,"label":1}},{"type":"Feature","geometry":{"type":"Point","coordinates":[12.466075,55.634878]},"properties":{"name":"Avedøre Havnevej (Brostykkevej)","lines":"1A","arr":["1A"],"terminus":0,"mode":"bus","color":"#0059a9","colorDark":"#00294f","angle":340.6,"snapDist":0,"label":1}},{"type":"Feature","geometry":{"type":"Point","coordinates":[12.460422,55.633757]},"properties":{"name":"Bredholtvej (Brostykkevej)","lines":"1A","arr":["1A"],"terminus":0,"mode":"bus","color":"#0059a9","colorDark":"#00294f","angle":341.7,"snapDist":1,"label":0}},{"type":"Feature","geometry":{"type":"Point","coordinates":[12.45302,55.632406]},"properties":{"name":"Avedøre Skole (Brostykkevej)","lines":"1A","arr":["1A"],"terminus":0,"mode":"bus","color":"#0059a9","colorDark":"#00294f","angle":342,"snapDist":1,"label":1}},{"type":"Feature","geometry":{"type":"Point","coordinates":[12.448968,55.631646]},"properties":{"name":"Avedørelejren (Avedøre Tværvej)","lines":"1A","arr":["1A"],"terminus":0,"mode":"bus","color":"#0059a9","colorDark":"#00294f","angle":342.2,"snapDist":1,"label":0}},{"type":"Feature","geometry":{"type":"Point","coordinates":[12.443512,55.628956]},"properties":{"name":"Naverporten (Rebslagerporten)","lines":"1A","arr":["1A"],"terminus":0,"mode":"bus","color":"#0059a9","colorDark":"#00294f","angle":272.7,"snapDist":0,"label":0}},{"type":"Feature","geometry":{"type":"Point","coordinates":[12.445751,55.628051]},"properties":{"name":"Pottemagerporten (Naverporten)","lines":"1A","arr":["1A"],"terminus":0,"mode":"bus","color":"#0059a9","colorDark":"#00294f","angle":180.8,"snapDist":0,"label":0}},{"type":"Feature","geometry":{"type":"Point","coordinates":[12.45351,55.627911]},"properties":{"name":"Enghøj Gymnasium (Naverporten)","lines":"1A","arr":["1A"],"terminus":0,"mode":"bus","color":"#0059a9","colorDark":"#00294f","angle":183.1,"snapDist":1,"label":0}},{"type":"Feature","geometry":{"type":"Point","coordinates":[12.490038,55.721063]},"properties":{"name":"Tingbjerg, Gavlhusvej (Terrasserne)","lines":"2A","arr":["2A"],"terminus":1,"mode":"bus","color":"#0059a9","colorDark":"#00294f","angle":31.8,"snapDist":1,"label":1}},{"type":"Feature","geometry":{"type":"Point","coordinates":[12.488555,55.716545]},"properties":{"name":"Terrasserne (Åkandevej)","lines":"2A, 131","arr":["2A","131"],"terminus":0,"mode":"bus","color":"#0059a9","colorDark":"#00294f","angle":293.2,"snapDist":0,"label":1}},{"type":"Feature","geometry":{"type":"Point","coordinates":[12.485757,55.712443]},"properties":{"name":"Energicenter Voldparken (Åkandevej)","lines":"2A, 131","arr":["2A","131"],"terminus":0,"mode":"bus","color":"#0059a9","colorDark":"#00294f","angle":279.6,"snapDist":0,"label":1}},{"type":"Feature","geometry":{"type":"Point","coordinates":[12.485573,55.709624]},"properties":{"name":"Husumvold Kirke (Åkandevej)","lines":"2A","arr":["2A"],"terminus":0,"mode":"bus","color":"#0059a9","colorDark":"#00294f","angle":264.8,"snapDist":1,"label":1}},{"type":"Feature","geometry":{"type":"Point","coordinates":[12.488337,55.706587]},"properties":{"name":"Veksøvej (Frederikssundsvej)","lines":"2A","arr":["2A"],"terminus":0,"mode":"bus","color":"#0059a9","colorDark":"#00294f","angle":212.8,"snapDist":0,"label":1}},{"type":"Feature","geometry":{"type":"Point","coordinates":[12.49402,55.705133]},"properties":{"name":"Astrupvej (Frederikssundsvej)","lines":"2A, 5C","arr":["2A","5C"],"terminus":0,"mode":"bus","color":"#0059a9","colorDark":"#00294f","angle":197.1,"snapDist":0,"label":1}},{"type":"Feature","geometry":{"type":"Point","coordinates":[12.497735,55.70419]},"properties":{"name":"Brønshøj Torv (Brønshøjvej)","lines":"2A, 10","arr":["2A","10"],"terminus":0,"mode":"bus","color":"#0059a9","colorDark":"#00294f","angle":270.3,"snapDist":1,"label":1}},{"type":"Feature","geometry":{"type":"Point","coordinates":[12.497769,55.701959]},"properties":{"name":"Valløvej (Brønshøjvej)","lines":"2A, 10","arr":["2A","10"],"terminus":0,"mode":"bus","color":"#0059a9","colorDark":"#00294f","angle":264.9,"snapDist":0,"label":1}},{"type":"Feature","geometry":{"type":"Point","coordinates":[12.500979,55.697839]},"properties":{"name":"Fuglsang Allé (Annebergvej)","lines":"2A, 10","arr":["2A","10"],"terminus":0,"mode":"bus","color":"#0059a9","colorDark":"#00294f","angle":247.5,"snapDist":0,"label":1}},{"type":"Feature","geometry":{"type":"Point","coordinates":[12.504627,55.695911]},"properties":{"name":"Bellahøjvej (Primulavej)","lines":"2A, 10","arr":["2A","10"],"terminus":0,"mode":"bus","color":"#0059a9","colorDark":"#00294f","angle":181.9,"snapDist":1,"label":1}},{"type":"Feature","geometry":{"type":"Point","coordinates":[12.508729,55.695521]},"properties":{"name":"Rødkildevej (Godthåbsvej)","lines":"2A, 10","arr":["2A","10"],"terminus":0,"mode":"bus","color":"#0059a9","colorDark":"#00294f","angle":228.4,"snapDist":1,"label":1}},{"type":"Feature","geometry":{"type":"Point","coordinates":[12.510634,55.694319]},"properties":{"name":"Hulgårdsvej (Godthåbsvej)","lines":"2A","arr":["2A"],"terminus":0,"mode":"bus","color":"#0059a9","colorDark":"#00294f","angle":229.4,"snapDist":0,"label":1}},{"type":"Feature","geometry":{"type":"Point","coordinates":[12.512887,55.692981]},"properties":{"name":"Rønnebærvej (Godthåbsvej)","lines":"2A","arr":["2A"],"terminus":0,"mode":"bus","color":"#0059a9","colorDark":"#00294f","angle":213.9,"snapDist":1,"label":1}},{"type":"Feature","geometry":{"type":"Point","coordinates":[12.516303,55.690606]},"properties":{"name":"Grøndal St. (Godthåbsvej)","lines":"2A","arr":["2A"],"terminus":0,"mode":"bus","color":"#0059a9","colorDark":"#00294f","angle":232.3,"snapDist":1,"label":1}},{"type":"Feature","geometry":{"type":"Point","coordinates":[12.52087,55.689379]},"properties":{"name":"C.F. Richs Vej (Godthåbsvej)","lines":"2A","arr":["2A"],"terminus":0,"mode":"bus","color":"#0059a9","colorDark":"#00294f","angle":201.5,"snapDist":1,"label":1}},{"type":"Feature","geometry":{"type":"Point","coordinates":[12.525022,55.688439]},"properties":{"name":"Tesdorpfsvej (Godthåbsvej)","lines":"2A, 74","arr":["2A","74"],"terminus":0,"mode":"bus","color":"#0059a9","colorDark":"#00294f","angle":202.1,"snapDist":1,"label":1}},{"type":"Feature","geometry":{"type":"Point","coordinates":[12.528265,55.687687]},"properties":{"name":"Ndr. Fasanvej (Godthåbsvej)","lines":"2A","arr":["2A"],"terminus":0,"mode":"bus","color":"#0059a9","colorDark":"#00294f","angle":202.2,"snapDist":1,"label":1}},{"type":"Feature","geometry":{"type":"Point","coordinates":[12.533757,55.686429]},"properties":{"name":"Aksel Møllers Have St. (Godthåbsvej)","lines":"2A, 71","arr":["2A","71"],"terminus":0,"mode":"bus","color":"#0059a9","colorDark":"#00294f","angle":201.8,"snapDist":2,"label":1}},{"type":"Feature","geometry":{"type":"Point","coordinates":[12.539228,55.685148]},"properties":{"name":"Falkoner Allé (Rolighedsvej)","lines":"2A","arr":["2A"],"terminus":0,"mode":"bus","color":"#0059a9","colorDark":"#00294f","angle":201.5,"snapDist":1,"label":1}},{"type":"Feature","geometry":{"type":"Point","coordinates":[12.545362,55.683725]},"properties":{"name":"Det Biovidenskabelige Fakultet (Rolighedsvej)","lines":"2A","arr":["2A"],"terminus":0,"mode":"bus","color":"#0059a9","colorDark":"#00294f","angle":206.1,"snapDist":0,"label":1}},{"type":"Feature","geometry":{"type":"Point","coordinates":[12.550725,55.68242]},"properties":{"name":"H.C. Ørsteds Vej (Rosenørns Allé)","lines":"2A","arr":["2A"],"terminus":0,"mode":"bus","color":"#0059a9","colorDark":"#00294f","angle":202.8,"snapDist":1,"label":1}},{"type":"Feature","geometry":{"type":"Point","coordinates":[12.552772,55.68194]},"properties":{"name":"Forum St. (Rosenørns Allé)","lines":"2A, 250S","arr":["2A","250S"],"terminus":0,"mode":"bus","color":"#0059a9","colorDark":"#00294f","angle":202.5,"snapDist":2,"label":1}},{"type":"Feature","geometry":{"type":"Point","coordinates":[12.563292,55.679728]},"properties":{"name":"Vester Farimagsgade (Gyldenløvesgade)","lines":"2A","arr":["2A"],"terminus":0,"mode":"bus","color":"#0059a9","colorDark":"#00294f","angle":234.2,"snapDist":1,"label":1}},{"type":"Feature","geometry":{"type":"Point","coordinates":[12.566923,55.675431]},"properties":{"name":"Rådhuspladsen St. (Vesterbrogade)","lines":"2A, 5C","arr":["2A","5C"],"terminus":0,"mode":"bus","color":"#0059a9","colorDark":"#00294f","angle":326.9,"snapDist":7,"label":1}},{"type":"Feature","geometry":{"type":"Point","coordinates":[12.567021,55.672326]},"properties":{"name":"Hovedbanegården, Tivoli (Bernstorffsgade)","lines":"2A, 5C, 17, 250S","arr":["2A","5C","17","250S"],"terminus":0,"mode":"bus","color":"#0059a9","colorDark":"#00294f","angle":250.4,"snapDist":2,"label":1}},{"type":"Feature","geometry":{"type":"Point","coordinates":[12.571524,55.673084]},"properties":{"name":"Glyptoteket (Tietgensgade)","lines":"2A, 31, 37","arr":["2A","31","37"],"terminus":0,"mode":"bus","color":"#0059a9","colorDark":"#00294f","angle":130.9,"snapDist":0,"label":1}},{"type":"Feature","geometry":{"type":"Point","coordinates":[12.576516,55.675947]},"properties":{"name":"Stormbroen, Nationalmuseet (Vindebrogade)","lines":"2A, 23, 26, 31, 37","arr":["2A","23","26","31","37"],"terminus":0,"mode":"bus","color":"#0059a9","colorDark":"#00294f","angle":123.7,"snapDist":3,"label":1}},{"type":"Feature","geometry":{"type":"Point","coordinates":[12.579218,55.677328]},"properties":{"name":"Gammel Strand St. Christiansborg (Vindebrogade)","lines":"2A, 23, 26, 31, 37","arr":["2A","23","26","31","37"],"terminus":0,"mode":"bus","color":"#0059a9","colorDark":"#00294f","angle":157.8,"snapDist":2,"label":1}},{"type":"Feature","geometry":{"type":"Point","coordinates":[12.58649,55.675198]},"properties":{"name":"Børsen (Børsgade)","lines":"2A, 31, 37","arr":["2A","31","37"],"terminus":0,"mode":"bus","color":"#0059a9","colorDark":"#00294f","angle":243.3,"snapDist":1,"label":1}},{"type":"Feature","geometry":{"type":"Point","coordinates":[12.589706,55.673323]},"properties":{"name":"Knippelsbro (Torvegade)","lines":"2A, 31, 37","arr":["2A","31","37"],"terminus":0,"mode":"bus","color":"#0059a9","colorDark":"#00294f","angle":222.1,"snapDist":3,"label":1}},{"type":"Feature","geometry":{"type":"Point","coordinates":[12.591804,55.672182]},"properties":{"name":"Christianshavn St. (Torvegade)","lines":"2A, 31, 37","arr":["2A","31","37"],"terminus":0,"mode":"bus","color":"#0059a9","colorDark":"#00294f","angle":223.2,"snapDist":1,"label":1}},{"type":"Feature","geometry":{"type":"Point","coordinates":[12.593874,55.672142]},"properties":{"name":"Skt. Annæ Gade (Prinsessegade)","lines":"2A","arr":["2A"],"terminus":0,"mode":"bus","color":"#0059a9","colorDark":"#00294f","angle":133.6,"snapDist":0,"label":1}},{"type":"Feature","geometry":{"type":"Point","coordinates":[12.599354,55.675063]},"properties":{"name":"Bodenhoffs Plads (Prinsessegade)","lines":"2A","arr":["2A"],"terminus":0,"mode":"bus","color":"#0059a9","colorDark":"#00294f","angle":124.9,"snapDist":1,"label":1}},{"type":"Feature","geometry":{"type":"Point","coordinates":[12.601998,55.677741]},"properties":{"name":"Arsenaløen","lines":"2A","arr":["2A"],"terminus":0,"mode":"bus","color":"#0059a9","colorDark":"#00294f","angle":85.7,"snapDist":1,"label":1}},{"type":"Feature","geometry":{"type":"Point","coordinates":[12.603262,55.6796]},"properties":{"name":"Galionsvej (Danneskiold-Samsøes Allé)","lines":"2A","arr":["2A"],"terminus":0,"mode":"bus","color":"#0059a9","colorDark":"#00294f","angle":116.2,"snapDist":0,"label":1}},{"type":"Feature","geometry":{"type":"Point","coordinates":[12.605579,55.682299]},"properties":{"name":"Fabrikmestervej, Operaen","lines":"2A","arr":["2A"],"terminus":0,"mode":"bus","color":"#0059a9","colorDark":"#00294f","angle":115.9,"snapDist":1,"label":1}},{"type":"Feature","geometry":{"type":"Point","coordinates":[12.612779,55.685187]},"properties":{"name":"Margretheholm (Refshalevej)","lines":"2A","arr":["2A"],"terminus":0,"mode":"bus","color":"#0059a9","colorDark":"#00294f","angle":72.3,"snapDist":2,"label":1}},{"type":"Feature","geometry":{"type":"Point","coordinates":[12.61186,55.689811]},"properties":{"name":"Refshaleøen (Refshalevej)","lines":"2A","arr":["2A"],"terminus":1,"mode":"bus","color":"#0059a9","colorDark":"#00294f","angle":288.9,"snapDist":1,"label":1}},{"type":"Feature","geometry":{"type":"Point","coordinates":[12.612537,55.685615]},"properties":{"name":"Margretheholm (Refshalevej)","lines":"2A","arr":["2A"],"terminus":0,"mode":"bus","color":"#0059a9","colorDark":"#00294f","angle":252.3,"snapDist":1,"label":0}},{"type":"Feature","geometry":{"type":"Point","coordinates":[12.605253,55.681922]},"properties":{"name":"Fabrikmestervej, Operaen","lines":"2A","arr":["2A"],"terminus":0,"mode":"bus","color":"#0059a9","colorDark":"#00294f","angle":295.9,"snapDist":1,"label":0}},{"type":"Feature","geometry":{"type":"Point","coordinates":[12.603163,55.679485]},"properties":{"name":"Galionsvej (Danneskiold-Samsøes Allé)","lines":"2A","arr":["2A"],"terminus":0,"mode":"bus","color":"#0059a9","colorDark":"#00294f","angle":295.1,"snapDist":0,"label":0}},{"type":"Feature","geometry":{"type":"Point","coordinates":[12.602006,55.677433]},"properties":{"name":"Arsenaløen","lines":"2A","arr":["2A"],"terminus":0,"mode":"bus","color":"#0059a9","colorDark":"#00294f","angle":275.5,"snapDist":1,"label":0}},{"type":"Feature","geometry":{"type":"Point","coordinates":[12.599379,55.675083]},"properties":{"name":"Bodenhoffs Plads (Prinsessegade)","lines":"2A","arr":["2A"],"terminus":0,"mode":"bus","color":"#0059a9","colorDark":"#00294f","angle":304.9,"snapDist":0,"label":0}},{"type":"Feature","geometry":{"type":"Point","coordinates":[12.59382,55.67211]},"properties":{"name":"Skt. Annæ Gade (Prinsessegade)","lines":"2A","arr":["2A"],"terminus":0,"mode":"bus","color":"#0059a9","colorDark":"#00294f","angle":313.6,"snapDist":0,"label":0}},{"type":"Feature","geometry":{"type":"Point","coordinates":[12.591357,55.672419]},"properties":{"name":"Christianshavn St. (Torvegade)","lines":"2A, 31, 37","arr":["2A","31","37"],"terminus":0,"mode":"bus","color":"#0059a9","colorDark":"#00294f","angle":43.3,"snapDist":3,"label":0}},{"type":"Feature","geometry":{"type":"Point","coordinates":[12.590099,55.673121]},"properties":{"name":"Knippelsbro (Torvegade)","lines":"2A, 31, 37","arr":["2A","31","37"],"terminus":0,"mode":"bus","color":"#0059a9","colorDark":"#00294f","angle":43.9,"snapDist":5,"label":0}},{"type":"Feature","geometry":{"type":"Point","coordinates":[12.58245,55.676193]},"properties":{"name":"Børsen (Børsgade)","lines":"2A, 31, 37","arr":["2A","31","37"],"terminus":0,"mode":"bus","color":"#0059a9","colorDark":"#00294f","angle":38,"snapDist":6,"label":1}},{"type":"Feature","geometry":{"type":"Point","coordinates":[12.580489,55.677143]},"properties":{"name":"Gammel Strand St. Christiansborg (Vindebrogade)","lines":"2A, 23, 26, 31, 37","arr":["2A","23","26","31","37"],"terminus":0,"mode":"bus","color":"#0059a9","colorDark":"#00294f","angle":34.8,"snapDist":2,"label":0}},{"type":"Feature","geometry":{"type":"Point","coordinates":[12.576342,55.675802]},"properties":{"name":"Stormbroen, Nationalmuseet (Vindebrogade)","lines":"2A, 23, 26, 31, 37","arr":["2A","23","26","31","37"],"terminus":0,"mode":"bus","color":"#0059a9","colorDark":"#00294f","angle":305.2,"snapDist":4,"label":0}},{"type":"Feature","geometry":{"type":"Point","coordinates":[12.571591,55.673127]},"properties":{"name":"Glyptoteket (Tietgensgade)","lines":"2A, 11, 31, 37","arr":["2A","11","31","37"],"terminus":0,"mode":"bus","color":"#0059a9","colorDark":"#00294f","angle":310.9,"snapDist":0,"label":0}},{"type":"Feature","geometry":{"type":"Point","coordinates":[12.566191,55.672843]},"properties":{"name":"Hovedbanegården, Tivoli (Bernstorffsgade)","lines":"2A, 5C, 17, 250S","arr":["2A","5C","17","250S"],"terminus":0,"mode":"bus","color":"#0059a9","colorDark":"#00294f","angle":63.9,"snapDist":0,"label":0}},{"type":"Feature","geometry":{"type":"Point","coordinates":[12.567381,55.676339]},"properties":{"name":"Rådhuspladsen St. (H.C. Andersens Boulevard)","lines":"2A, 5C, 250S","arr":["2A","5C","250S"],"terminus":0,"mode":"bus","color":"#0059a9","colorDark":"#00294f","angle":51.7,"snapDist":1,"label":0}},{"type":"Feature","geometry":{"type":"Point","coordinates":[12.562919,55.680163]},"properties":{"name":"Vester Farimagsgade (Gyldenløvesgade)","lines":"2A","arr":["2A"],"terminus":0,"mode":"bus","color":"#0059a9","colorDark":"#00294f","angle":41.2,"snapDist":1,"label":0}},{"type":"Feature","geometry":{"type":"Point","coordinates":[12.5528,55.681933]},"properties":{"name":"Forum St. (Rosenørns Allé)","lines":"2A, 250S","arr":["2A","250S"],"terminus":0,"mode":"bus","color":"#0059a9","colorDark":"#00294f","angle":22.5,"snapDist":2,"label":0}},{"type":"Feature","geometry":{"type":"Point","coordinates":[12.549513,55.682703]},"properties":{"name":"H.C. Ørsteds Vej (Rosenørns Allé)","lines":"2A","arr":["2A"],"terminus":0,"mode":"bus","color":"#0059a9","colorDark":"#00294f","angle":23.2,"snapDist":2,"label":0}},{"type":"Feature","geometry":{"type":"Point","coordinates":[12.545285,55.683746]},"properties":{"name":"Det Biovidenskabelige Fakultet (Rolighedsvej)","lines":"2A","arr":["2A"],"terminus":0,"mode":"bus","color":"#0059a9","colorDark":"#00294f","angle":26.1,"snapDist":0,"label":0}},{"type":"Feature","geometry":{"type":"Point","coordinates":[12.537951,55.685449]},"properties":{"name":"Falkoner Allé (Godthåbsvej)","lines":"2A","arr":["2A"],"terminus":0,"mode":"bus","color":"#0059a9","colorDark":"#00294f","angle":23.9,"snapDist":1,"label":1}},{"type":"Feature","geometry":{"type":"Point","coordinates":[12.532777,55.686657]},"properties":{"name":"Aksel Møllers Have St. (Godthåbsvej)","lines":"2A","arr":["2A"],"terminus":0,"mode":"bus","color":"#0059a9","colorDark":"#00294f","angle":22.6,"snapDist":2,"label":0}},{"type":"Feature","geometry":{"type":"Point","coordinates":[12.526966,55.687994]},"properties":{"name":"Ndr. Fasanvej (Godthåbsvej)","lines":"2A","arr":["2A"],"terminus":0,"mode":"bus","color":"#0059a9","colorDark":"#00294f","angle":22.1,"snapDist":0,"label":0}},{"type":"Feature","geometry":{"type":"Point","coordinates":[12.523251,55.68885]},"properties":{"name":"Tesdorpfsvej (Godthåbsvej)","lines":"2A","arr":["2A"],"terminus":0,"mode":"bus","color":"#0059a9","colorDark":"#00294f","angle":22.2,"snapDist":2,"label":0}},{"type":"Feature","geometry":{"type":"Point","coordinates":[12.519936,55.689591]},"properties":{"name":"C.F. Richs Vej (Godthåbsvej)","lines":"2A","arr":["2A"],"terminus":0,"mode":"bus","color":"#0059a9","colorDark":"#00294f","angle":22,"snapDist":1,"label":0}},{"type":"Feature","geometry":{"type":"Point","coordinates":[12.515702,55.691034]},"properties":{"name":"Grøndal St. (Godthåbsvej)","lines":"2A","arr":["2A"],"terminus":0,"mode":"bus","color":"#0059a9","colorDark":"#00294f","angle":52,"snapDist":1,"label":0}},{"type":"Feature","geometry":{"type":"Point","coordinates":[12.51249,55.693131]},"properties":{"name":"Rønnebærvej (Godthåbsvej)","lines":"2A","arr":["2A"],"terminus":0,"mode":"bus","color":"#0059a9","colorDark":"#00294f","angle":33.9,"snapDist":1,"label":0}},{"type":"Feature","geometry":{"type":"Point","coordinates":[12.509329,55.695142]},"properties":{"name":"Hulgårdsvej (Godthåbsvej)","lines":"2A, 10","arr":["2A","10"],"terminus":0,"mode":"bus","color":"#0059a9","colorDark":"#00294f","angle":47.8,"snapDist":1,"label":0}},{"type":"Feature","geometry":{"type":"Point","coordinates":[12.506913,55.696078]},"properties":{"name":"Rødkildevej (Primulavej)","lines":"2A, 10","arr":["2A","10"],"terminus":0,"mode":"bus","color":"#0059a9","colorDark":"#00294f","angle":344.2,"snapDist":1,"label":1}},{"type":"Feature","geometry":{"type":"Point","coordinates":[12.502278,55.696559]},"properties":{"name":"Bellahøjvej (Annebergvej)","lines":"2A, 10","arr":["2A","10"],"terminus":0,"mode":"bus","color":"#0059a9","colorDark":"#00294f","angle":43.8,"snapDist":0,"label":1}},{"type":"Feature","geometry":{"type":"Point","coordinates":[12.500979,55.697839]},"properties":{"name":"Fuglsang Allé (Annebergvej)","lines":"2A, 10","arr":["2A","10"],"terminus":0,"mode":"bus","color":"#0059a9","colorDark":"#00294f","angle":67.5,"snapDist":0,"label":0}},{"type":"Feature","geometry":{"type":"Point","coordinates":[12.497745,55.702149]},"properties":{"name":"Valløvej (Brønshøjvej)","lines":"2A, 10","arr":["2A","10"],"terminus":0,"mode":"bus","color":"#0059a9","colorDark":"#00294f","angle":87.4,"snapDist":1,"label":0}},{"type":"Feature","geometry":{"type":"Point","coordinates":[12.498992,55.704263]},"properties":{"name":"Brønshøj Torv (Krabbesholmvej)","lines":"2A","arr":["2A"],"terminus":0,"mode":"bus","color":"#0059a9","colorDark":"#00294f","angle":84.2,"snapDist":1,"label":0}},{"type":"Feature","geometry":{"type":"Point","coordinates":[12.491467,55.705609]},"properties":{"name":"Astrupvej (Frederikssundsvej)","lines":"2A, 5C","arr":["2A","5C"],"terminus":0,"mode":"bus","color":"#0059a9","colorDark":"#00294f","angle":21.7,"snapDist":0,"label":0}},{"type":"Feature","geometry":{"type":"Point","coordinates":[12.486247,55.707367]},"properties":{"name":"Veksøvej (Frederikssundsvej)","lines":"2A, 5C, 350S","arr":["2A","5C","350S"],"terminus":0,"mode":"bus","color":"#0059a9","colorDark":"#00294f","angle":34.4,"snapDist":1,"label":0}},{"type":"Feature","geometry":{"type":"Point","coordinates":[12.485644,55.709235]},"properties":{"name":"Husumvold Kirke (Åkandevej)","lines":"2A","arr":["2A"],"terminus":0,"mode":"bus","color":"#0059a9","colorDark":"#00294f","angle":83.8,"snapDist":1,"label":0}},{"type":"Feature","geometry":{"type":"Point","coordinates":[12.486,55.713011]},"properties":{"name":"Energicenter Voldparken (Åkandevej)","lines":"2A, 131","arr":["2A","131"],"terminus":0,"mode":"bus","color":"#0059a9","colorDark":"#00294f","angle":105.5,"snapDist":0,"label":0}},{"type":"Feature","geometry":{"type":"Point","coordinates":[12.489299,55.717699]},"properties":{"name":"Ruten (Terrasserne)","lines":"2A, 131","arr":["2A","131"],"terminus":0,"mode":"bus","color":"#0059a9","colorDark":"#00294f","angle":107.4,"snapDist":1,"label":1}},{"type":"Feature","geometry":{"type":"Point","coordinates":[12.483245,55.62873]},"properties":{"name":"Friheden St.","lines":"4A","arr":["4A"],"terminus":1,"mode":"bus","color":"#0059a9","colorDark":"#00294f","angle":343.7,"snapDist":1,"label":1}},{"type":"Feature","geometry":{"type":"Point","coordinates":[12.486823,55.629889]},"properties":{"name":"Strandmarksvej (Gammel Køge Landevej)","lines":"4A, 87","arr":["4A","87"],"terminus":0,"mode":"bus","color":"#0059a9","colorDark":"#00294f","angle":128.7,"snapDist":0,"label":1}},{"type":"Feature","geometry":{"type":"Point","coordinates":[12.4922,55.634351]},"properties":{"name":"Michael Berings Vang (Gammel Køge Landevej)","lines":"4A, 87","arr":["4A","87"],"terminus":0,"mode":"bus","color":"#0059a9","colorDark":"#00294f","angle":123.2,"snapDist":1,"label":1}},{"type":"Feature","geometry":{"type":"Point","coordinates":[12.495736,55.637452]},"properties":{"name":"Hvidovregårds Allé (Gammel Køge Landevej)","lines":"4A, 87","arr":["4A","87"],"terminus":0,"mode":"bus","color":"#0059a9","colorDark":"#00294f","angle":125.8,"snapDist":1,"label":1}},{"type":"Feature","geometry":{"type":"Point","coordinates":[12.49968,55.640799]},"properties":{"name":"Åmarken St. (Gammel Køge Landevej)","lines":"4A, 10, 87","arr":["4A","10","87"],"terminus":0,"mode":"bus","color":"#0059a9","colorDark":"#00294f","angle":121.9,"snapDist":0,"label":1}},{"type":"Feature","geometry":{"type":"Point","coordinates":[12.501943,55.64315]},"properties":{"name":"Vigerslevvej (Gammel Køge Landevej)","lines":"4A, 87","arr":["4A","87"],"terminus":0,"mode":"bus","color":"#0059a9","colorDark":"#00294f","angle":112.6,"snapDist":1,"label":1}},{"type":"Feature","geometry":{"type":"Point","coordinates":[12.503684,55.645445]},"properties":{"name":"Gl. Køge Landev. Kollegiet (Gammel Køge Landevej)","lines":"4A, 87","arr":["4A","87"],"terminus":0,"mode":"bus","color":"#0059a9","colorDark":"#00294f","angle":111.4,"snapDist":2,"label":1}},{"type":"Feature","geometry":{"type":"Point","coordinates":[12.505766,55.647951]},"properties":{"name":"Blommehaven (Gammel Køge Landevej)","lines":"4A, 87","arr":["4A","87"],"terminus":0,"mode":"bus","color":"#0059a9","colorDark":"#00294f","angle":114.8,"snapDist":6,"label":1}},{"type":"Feature","geometry":{"type":"Point","coordinates":[12.512433,55.656195]},"properties":{"name":"Carl Jacobsens Vej (Gammel Køge Landevej)","lines":"4A","arr":["4A"],"terminus":0,"mode":"bus","color":"#0059a9","colorDark":"#00294f","angle":113.9,"snapDist":0,"label":0}},{"type":"Feature","geometry":{"type":"Point","coordinates":[12.514429,55.65871]},"properties":{"name":"Kirsten Walthers Vej (Gammel Køge Landevej)","lines":"4A","arr":["4A"],"terminus":0,"mode":"bus","color":"#0059a9","colorDark":"#00294f","angle":114.9,"snapDist":3,"label":1}},{"type":"Feature","geometry":{"type":"Point","coordinates":[12.516652,55.662164]},"properties":{"name":"Toftegårds Plads (Toftegårds Allé)","lines":"4A, 23, 133","arr":["4A","23","133"],"terminus":0,"mode":"bus","color":"#0059a9","colorDark":"#00294f","angle":76.3,"snapDist":1,"label":1}},{"type":"Feature","geometry":{"type":"Point","coordinates":[12.516237,55.663836]},"properties":{"name":"Valby St., broen (Toftegårds Allé)","lines":"4A, 18","arr":["4A","18"],"terminus":0,"mode":"bus","color":"#0059a9","colorDark":"#00294f","angle":81.8,"snapDist":4,"label":1}},{"type":"Feature","geometry":{"type":"Point","coordinates":[12.517251,55.666919]},"properties":{"name":"Valby Langgade (Søndre Fasanvej)","lines":"4A","arr":["4A"],"terminus":0,"mode":"bus","color":"#0059a9","colorDark":"#00294f","angle":88,"snapDist":1,"label":1}},{"type":"Feature","geometry":{"type":"Point","coordinates":[12.517119,55.669]},"properties":{"name":"Aurikelvej (Søndre Fasanvej)","lines":"4A","arr":["4A"],"terminus":0,"mode":"bus","color":"#0059a9","colorDark":"#00294f","angle":88.1,"snapDist":0,"label":1}},{"type":"Feature","geometry":{"type":"Point","coordinates":[12.517953,55.671522]},"properties":{"name":"Roskildevej, Zoologisk Have (Søndre Fasanvej)","lines":"4A","arr":["4A"],"terminus":0,"mode":"bus","color":"#0059a9","colorDark":"#00294f","angle":106.4,"snapDist":0,"label":1}},{"type":"Feature","geometry":{"type":"Point","coordinates":[12.519856,55.675763]},"properties":{"name":"Mathildevej (Søndre Fasanvej)","lines":"4A","arr":["4A"],"terminus":0,"mode":"bus","color":"#0059a9","colorDark":"#00294f","angle":105,"snapDist":0,"label":1}},{"type":"Feature","geometry":{"type":"Point","coordinates":[12.521139,55.678777]},"properties":{"name":"Peter Bangs Vej (Søndre Fasanvej)","lines":"4A","arr":["4A"],"terminus":0,"mode":"bus","color":"#0059a9","colorDark":"#00294f","angle":104.5,"snapDist":1,"label":1}},{"type":"Feature","geometry":{"type":"Point","coordinates":[12.522894,55.681846]},"properties":{"name":"Fasanvej St. (Nordre Fasanvej)","lines":"4A, 18, 19, 71","arr":["4A","18","19","71"],"terminus":0,"mode":"bus","color":"#0059a9","colorDark":"#00294f","angle":111.9,"snapDist":3,"label":1}},{"type":"Feature","geometry":{"type":"Point","coordinates":[12.524953,55.684647]},"properties":{"name":"Nyelandsvej, Frederiksberg Hospital","lines":"4A, 71","arr":["4A","71"],"terminus":0,"mode":"bus","color":"#0059a9","colorDark":"#00294f","angle":114,"snapDist":1,"label":1}},{"type":"Feature","geometry":{"type":"Point","coordinates":[12.52796,55.688291]},"properties":{"name":"Godthåbsvej (Nordre Fasanvej)","lines":"4A, 71","arr":["4A","71"],"terminus":0,"mode":"bus","color":"#0059a9","colorDark":"#00294f","angle":118,"snapDist":0,"label":1}},{"type":"Feature","geometry":{"type":"Point","coordinates":[12.531125,55.691649]},"properties":{"name":"Mariendalsvej (Nordre Fasanvej)","lines":"4A, 71","arr":["4A","71"],"terminus":0,"mode":"bus","color":"#0059a9","colorDark":"#00294f","angle":118.1,"snapDist":1,"label":1}},{"type":"Feature","geometry":{"type":"Point","coordinates":[12.533376,55.69409]},"properties":{"name":"Borups Allé (Nordre Fasanvej)","lines":"4A","arr":["4A"],"terminus":0,"mode":"bus","color":"#0059a9","colorDark":"#00294f","angle":117.9,"snapDist":1,"label":1}},{"type":"Feature","geometry":{"type":"Point","coordinates":[12.53845,55.697312]},"properties":{"name":"Hillerødgade (Lundtoftegade)","lines":"4A","arr":["4A"],"terminus":0,"mode":"bus","color":"#0059a9","colorDark":"#00294f","angle":92.2,"snapDist":1,"label":1}},{"type":"Feature","geometry":{"type":"Point","coordinates":[12.537494,55.70107]},"properties":{"name":"Nørrebro St. (Frederikssundsvej)","lines":"4A, 5C, 250S, 350S","arr":["4A","5C","250S","350S"],"terminus":0,"mode":"bus","color":"#0059a9","colorDark":"#00294f","angle":25.7,"snapDist":5,"label":1}},{"type":"Feature","geometry":{"type":"Point","coordinates":[12.533445,55.702476]},"properties":{"name":"Frederikssundsvej (Frederiksborgvej)","lines":"4A","arr":["4A"],"terminus":0,"mode":"bus","color":"#0059a9","colorDark":"#00294f","angle":74.6,"snapDist":1,"label":1}},{"type":"Feature","geometry":{"type":"Point","coordinates":[12.53215,55.705447]},"properties":{"name":"Bispevej (Frederiksborgvej)","lines":"4A","arr":["4A"],"terminus":0,"mode":"bus","color":"#0059a9","colorDark":"#00294f","angle":84.3,"snapDist":4,"label":1}},{"type":"Feature","geometry":{"type":"Point","coordinates":[12.532093,55.709055]},"properties":{"name":"Landsdommervej (Frederiksborgvej)","lines":"4A","arr":["4A"],"terminus":0,"mode":"bus","color":"#0059a9","colorDark":"#00294f","angle":77.1,"snapDist":2,"label":1}},{"type":"Feature","geometry":{"type":"Point","coordinates":[12.533006,55.711987]},"properties":{"name":"Frederiksborgvej (Tuborgvej)","lines":"4A, 21","arr":["4A","21"],"terminus":0,"mode":"bus","color":"#0059a9","colorDark":"#00294f","angle":160.8,"snapDist":2,"label":1}},{"type":"Feature","geometry":{"type":"Point","coordinates":[12.534536,55.714053]},"properties":{"name":"Tuborgvej (Tagensvej)","lines":"4A, 6A","arr":["4A","6A"],"terminus":0,"mode":"bus","color":"#0059a9","colorDark":"#00294f","angle":69.8,"snapDist":1,"label":1}},{"type":"Feature","geometry":{"type":"Point","coordinates":[12.531617,55.716085]},"properties":{"name":"Bispebjerg Torv (Tagensvej)","lines":"4A, 6A","arr":["4A","6A"],"terminus":0,"mode":"bus","color":"#0059a9","colorDark":"#00294f","angle":33.2,"snapDist":0,"label":1}},{"type":"Feature","geometry":{"type":"Point","coordinates":[12.531497,55.720147]},"properties":{"name":"Bispebjerg Parkalle (Frederiksborgvej)","lines":"4A, 6A","arr":["4A","6A"],"terminus":0,"mode":"bus","color":"#0059a9","colorDark":"#00294f","angle":80,"snapDist":1,"label":1}},{"type":"Feature","geometry":{"type":"Point","coordinates":[12.528972,55.723511]},"properties":{"name":"Emdrup Torv (Frederiksborgvej)","lines":"4A, 6A","arr":["4A","6A"],"terminus":0,"mode":"bus","color":"#0059a9","colorDark":"#00294f","angle":75.1,"snapDist":1,"label":1}},{"type":"Feature","geometry":{"type":"Point","coordinates":[12.523861,55.727597]},"properties":{"name":"Søborg Hovedgade (Gladsaxevej)","lines":"4A","arr":["4A"],"terminus":0,"mode":"bus","color":"#0059a9","colorDark":"#00294f","angle":20.3,"snapDist":1,"label":1}},{"type":"Feature","geometry":{"type":"Point","coordinates":[12.519098,55.728819]},"properties":{"name":"Engkrogen (Gladsaxevej)","lines":"4A","arr":["4A"],"terminus":0,"mode":"bus","color":"#0059a9","colorDark":"#00294f","angle":12,"snapDist":0,"label":1}},{"type":"Feature","geometry":{"type":"Point","coordinates":[12.515171,55.729246]},"properties":{"name":"Lauggårds Allé (Gladsaxevej)","lines":"4A","arr":["4A"],"terminus":0,"mode":"bus","color":"#0059a9","colorDark":"#00294f","angle":12,"snapDist":1,"label":1}},{"type":"Feature","geometry":{"type":"Point","coordinates":[12.506831,55.73008]},"properties":{"name":"Mars Allé (Gladsaxevej)","lines":"4A, 68","arr":["4A","68"],"terminus":0,"mode":"bus","color":"#0059a9","colorDark":"#00294f","angle":9.2,"snapDist":0,"label":1}},{"type":"Feature","geometry":{"type":"Point","coordinates":[12.503925,55.730366]},"properties":{"name":"Dalen (Gladsaxevej)","lines":"4A, 68","arr":["4A","68"],"terminus":0,"mode":"bus","color":"#0059a9","colorDark":"#00294f","angle":10,"snapDist":0,"label":1}},{"type":"Feature","geometry":{"type":"Point","coordinates":[12.497234,55.73107]},"properties":{"name":"Høje Gladsaxe (Gladsaxevej)","lines":"4A, 68","arr":["4A","68"],"terminus":0,"mode":"bus","color":"#0059a9","colorDark":"#00294f","angle":10.8,"snapDist":1,"label":1}},{"type":"Feature","geometry":{"type":"Point","coordinates":[12.492577,55.731569]},"properties":{"name":"Isbanevej (Gladsaxevej)","lines":"4A, 68, 160, 164","arr":["4A","68","160","164"],"terminus":0,"mode":"bus","color":"#0059a9","colorDark":"#00294f","angle":10,"snapDist":1,"label":1}},{"type":"Feature","geometry":{"type":"Point","coordinates":[12.487545,55.733383]},"properties":{"name":"Gyngemosevej (Gladsaxevej)","lines":"4A, 68, 160, 164","arr":["4A","68","160","164"],"terminus":0,"mode":"bus","color":"#0059a9","colorDark":"#00294f","angle":70.2,"snapDist":1,"label":1}},{"type":"Feature","geometry":{"type":"Point","coordinates":[12.486582,55.736902]},"properties":{"name":"Vandtårnsvej (Gladsaxevej)","lines":"4A","arr":["4A"],"terminus":0,"mode":"bus","color":"#0059a9","colorDark":"#00294f","angle":88.4,"snapDist":2,"label":1}},{"type":"Feature","geometry":{"type":"Point","coordinates":[12.489315,55.740864]},"properties":{"name":"Gladsaxevej (Gladsaxe Ringvej)","lines":"4A, 200S, 300S","arr":["4A","200S","300S"],"terminus":0,"mode":"bus","color":"#0059a9","colorDark":"#00294f","angle":151.1,"snapDist":1,"label":1}},{"type":"Feature","geometry":{"type":"Point","coordinates":[12.493888,55.743327]},"properties":{"name":"Buddinge Torv (Buddingevej)","lines":"4A, 6A, 200S, 300S","arr":["4A","6A","200S","300S"],"terminus":0,"mode":"bus","color":"#0059a9","colorDark":"#00294f","angle":105.3,"snapDist":3,"label":1}},{"type":"Feature","geometry":{"type":"Point","coordinates":[12.493233,55.746738]},"properties":{"name":"Buddinge St.","lines":"4A, 200S","arr":["4A","200S"],"terminus":1,"mode":"bus","color":"#0059a9","colorDark":"#00294f","angle":100.9,"snapDist":1,"label":1}},{"type":"Feature","geometry":{"type":"Point","coordinates":[12.494226,55.746825]},"properties":{"name":"Buddinge St. (Buddingevej)","lines":"4A","arr":["4A"],"terminus":1,"mode":"bus","color":"#0059a9","colorDark":"#00294f","angle":191.7,"snapDist":4,"label":1}},{"type":"Feature","geometry":{"type":"Point","coordinates":[12.491757,55.741929]},"properties":{"name":"Buddinge Torv (Gladsaxe Ringvej)","lines":"4A, 200S, 300S","arr":["4A","200S","300S"],"terminus":0,"mode":"bus","color":"#0059a9","colorDark":"#00294f","angle":326.3,"snapDist":1,"label":1}},{"type":"Feature","geometry":{"type":"Point","coordinates":[12.486507,55.738371]},"properties":{"name":"Gladsaxe Ringvej (Gladsaxevej)","lines":"4A","arr":["4A"],"terminus":0,"mode":"bus","color":"#0059a9","colorDark":"#00294f","angle":268.4,"snapDist":1,"label":1}},{"type":"Feature","geometry":{"type":"Point","coordinates":[12.486872,55.735393]},"properties":{"name":"Vandtårnsvej (Gladsaxevej)","lines":"4A, 68, 160, 164","arr":["4A","68","160","164"],"terminus":0,"mode":"bus","color":"#0059a9","colorDark":"#00294f","angle":259.5,"snapDist":0,"label":0}},{"type":"Feature","geometry":{"type":"Point","coordinates":[12.489166,55.731947]},"properties":{"name":"Gyngemosevej (Gladsaxevej)","lines":"4A, 68, 160, 164","arr":["4A","68","160","164"],"terminus":0,"mode":"bus","color":"#0059a9","colorDark":"#00294f","angle":211.6,"snapDist":0,"label":0}},{"type":"Feature","geometry":{"type":"Point","coordinates":[12.494344,55.731306]},"properties":{"name":"Isbanevej (Gladsaxevej)","lines":"4A, 68","arr":["4A","68"],"terminus":0,"mode":"bus","color":"#0059a9","colorDark":"#00294f","angle":190.5,"snapDist":4,"label":0}},{"type":"Feature","geometry":{"type":"Point","coordinates":[12.497792,55.73092]},"properties":{"name":"Høje Gladsaxe (Gladsaxevej)","lines":"4A, 68","arr":["4A","68"],"terminus":0,"mode":"bus","color":"#0059a9","colorDark":"#00294f","angle":192.8,"snapDist":0,"label":0}},{"type":"Feature","geometry":{"type":"Point","coordinates":[12.503546,55.730403]},"properties":{"name":"Dalen (Gladsaxevej)","lines":"4A, 68","arr":["4A","68"],"terminus":0,"mode":"bus","color":"#0059a9","colorDark":"#00294f","angle":190,"snapDist":0,"label":0}},{"type":"Feature","geometry":{"type":"Point","coordinates":[12.507796,55.729985]},"properties":{"name":"Mars Allé (Gladsaxevej)","lines":"4A","arr":["4A"],"terminus":0,"mode":"bus","color":"#0059a9","colorDark":"#00294f","angle":190.3,"snapDist":1,"label":0}},{"type":"Feature","geometry":{"type":"Point","coordinates":[12.516212,55.729132]},"properties":{"name":"Lauggårds Allé (Gladsaxevej)","lines":"4A","arr":["4A"],"terminus":0,"mode":"bus","color":"#0059a9","colorDark":"#00294f","angle":190.8,"snapDist":1,"label":0}},{"type":"Feature","geometry":{"type":"Point","coordinates":[12.519019,55.728828]},"properties":{"name":"Engkrogen (Gladsaxevej)","lines":"4A","arr":["4A"],"terminus":0,"mode":"bus","color":"#0059a9","colorDark":"#00294f","angle":192,"snapDist":0,"label":0}},{"type":"Feature","geometry":{"type":"Point","coordinates":[12.525253,55.726876]},"properties":{"name":"Gladsaxevej (Frederiksborgvej)","lines":"4A, 6A, 176","arr":["4A","6A","176"],"terminus":0,"mode":"bus","color":"#0059a9","colorDark":"#00294f","angle":245.8,"snapDist":1,"label":1}},{"type":"Feature","geometry":{"type":"Point","coordinates":[12.529422,55.72257]},"properties":{"name":"Emdrup Torv (Frederiksborgvej)","lines":"4A, 6A","arr":["4A","6A"],"terminus":0,"mode":"bus","color":"#0059a9","colorDark":"#00294f","angle":255.2,"snapDist":0,"label":0}},{"type":"Feature","geometry":{"type":"Point","coordinates":[12.531564,55.719931]},"properties":{"name":"Bispebjerg Parkalle (Frederiksborgvej)","lines":"4A, 6A","arr":["4A","6A"],"terminus":0,"mode":"bus","color":"#0059a9","colorDark":"#00294f","angle":260.3,"snapDist":2,"label":0}},{"type":"Feature","geometry":{"type":"Point","coordinates":[12.531971,55.715936]},"properties":{"name":"Bispebjerg Torv (Tagensvej)","lines":"4A, 6A","arr":["4A","6A"],"terminus":0,"mode":"bus","color":"#0059a9","colorDark":"#00294f","angle":218.7,"snapDist":2,"label":0}},{"type":"Feature","geometry":{"type":"Point","coordinates":[12.534734,55.713108]},"properties":{"name":"Tagensvej (Tuborgvej)","lines":"4A, 21","arr":["4A","21"],"terminus":0,"mode":"bus","color":"#0059a9","colorDark":"#00294f","angle":291.2,"snapDist":1,"label":1}},{"type":"Feature","geometry":{"type":"Point","coordinates":[12.532087,55.711451]},"properties":{"name":"Tuborgvej (Frederiksborgvej)","lines":"4A","arr":["4A"],"terminus":0,"mode":"bus","color":"#0059a9","colorDark":"#00294f","angle":270.8,"snapDist":1,"label":1}},{"type":"Feature","geometry":{"type":"Point","coordinates":[12.532071,55.708475]},"properties":{"name":"Landsdommervej (Frederiksborgvej)","lines":"4A","arr":["4A"],"terminus":0,"mode":"bus","color":"#0059a9","colorDark":"#00294f","angle":269.5,"snapDist":1,"label":0}},{"type":"Feature","geometry":{"type":"Point","coordinates":[12.532173,55.705341]},"properties":{"name":"Bispevej (Frederiksborgvej)","lines":"4A","arr":["4A"],"terminus":0,"mode":"bus","color":"#0059a9","colorDark":"#00294f","angle":261.2,"snapDist":4,"label":0}},{"type":"Feature","geometry":{"type":"Point","coordinates":[12.533551,55.702249]},"properties":{"name":"Frederikssundsvej (Frederiksborgvej)","lines":"4A","arr":["4A"],"terminus":0,"mode":"bus","color":"#0059a9","colorDark":"#00294f","angle":257.5,"snapDist":1,"label":0}},{"type":"Feature","geometry":{"type":"Point","coordinates":[12.538078,55.700161]},"properties":{"name":"Nørrebro St. (Folmer Bendtsens Plads)","lines":"4A, 250S","arr":["4A","250S"],"terminus":0,"mode":"bus","color":"#0059a9","colorDark":"#00294f","angle":277.3,"snapDist":5,"label":1}},{"type":"Feature","geometry":{"type":"Point","coordinates":[12.538457,55.697411]},"properties":{"name":"Hillerødgade (Lundtoftegade)","lines":"4A","arr":["4A"],"terminus":0,"mode":"bus","color":"#0059a9","colorDark":"#00294f","angle":272.2,"snapDist":1,"label":0}},{"type":"Feature","geometry":{"type":"Point","coordinates":[12.535252,55.696089]},"properties":{"name":"Hillerødgade (Nordre Fasanvej)","lines":"4A","arr":["4A"],"terminus":0,"mode":"bus","color":"#0059a9","colorDark":"#00294f","angle":298.2,"snapDist":1,"label":1}},{"type":"Feature","geometry":{"type":"Point","coordinates":[12.53337,55.694084]},"properties":{"name":"Borups Allé (Nordre Fasanvej)","lines":"4A","arr":["4A"],"terminus":0,"mode":"bus","color":"#0059a9","colorDark":"#00294f","angle":297.9,"snapDist":1,"label":0}},{"type":"Feature","geometry":{"type":"Point","coordinates":[12.530554,55.691044]},"properties":{"name":"Mariendalsvej (Nordre Fasanvej)","lines":"4A","arr":["4A"],"terminus":0,"mode":"bus","color":"#0059a9","colorDark":"#00294f","angle":297.9,"snapDist":1,"label":0}},{"type":"Feature","geometry":{"type":"Point","coordinates":[12.527114,55.687404]},"properties":{"name":"Godthåbsvej (Nordre Fasanvej)","lines":"4A, 74","arr":["4A","74"],"terminus":0,"mode":"bus","color":"#0059a9","colorDark":"#00294f","angle":296.4,"snapDist":1,"label":0}},{"type":"Feature","geometry":{"type":"Point","coordinates":[12.525031,55.684745]},"properties":{"name":"Nyelandsvej, Frederiksberg Hospital","lines":"4A, 74","arr":["4A","74"],"terminus":0,"mode":"bus","color":"#0059a9","colorDark":"#00294f","angle":294,"snapDist":1,"label":0}},{"type":"Feature","geometry":{"type":"Point","coordinates":[12.522476,55.681452]},"properties":{"name":"Fasanvej St. (Nordre Fasanvej)","lines":"4A, 18, 19","arr":["4A","18","19"],"terminus":0,"mode":"bus","color":"#0059a9","colorDark":"#00294f","angle":293.4,"snapDist":0,"label":0}},{"type":"Feature","geometry":{"type":"Point","coordinates":[12.521221,55.678943]},"properties":{"name":"Peter Bangs Vej (Søndre Fasanvej)","lines":"4A","arr":["4A"],"terminus":0,"mode":"bus","color":"#0059a9","colorDark":"#00294f","angle":285.7,"snapDist":0,"label":0}},{"type":"Feature","geometry":{"type":"Point","coordinates":[12.519919,55.675895]},"properties":{"name":"Mathildevej (Søndre Fasanvej)","lines":"4A","arr":["4A"],"terminus":0,"mode":"bus","color":"#0059a9","colorDark":"#00294f","angle":285,"snapDist":1,"label":0}},{"type":"Feature","geometry":{"type":"Point","coordinates":[12.517953,55.671522]},"properties":{"name":"Roskildevej, Zoologisk Have (Søndre Fasanvej)","lines":"4A","arr":["4A"],"terminus":0,"mode":"bus","color":"#0059a9","colorDark":"#00294f","angle":286.4,"snapDist":0,"label":0}},{"type":"Feature","geometry":{"type":"Point","coordinates":[12.517193,55.668099]},"properties":{"name":"Aurikelvej (Søndre Fasanvej)","lines":"4A","arr":["4A"],"terminus":0,"mode":"bus","color":"#0059a9","colorDark":"#00294f","angle":267,"snapDist":0,"label":0}},{"type":"Feature","geometry":{"type":"Point","coordinates":[12.517226,55.666145]},"properties":{"name":"Valby Langgade (Toftegårds Allé)","lines":"4A, 18","arr":["4A","18"],"terminus":0,"mode":"bus","color":"#0059a9","colorDark":"#00294f","angle":280,"snapDist":1,"label":1}},{"type":"Feature","geometry":{"type":"Point","coordinates":[12.516285,55.663578]},"properties":{"name":"Valby St., broen (Toftegårds Allé)","lines":"4A, 18","arr":["4A","18"],"terminus":0,"mode":"bus","color":"#0059a9","colorDark":"#00294f","angle":286.7,"snapDist":3,"label":0}},{"type":"Feature","geometry":{"type":"Point","coordinates":[12.516465,55.660966]},"properties":{"name":"Toftegårds Plads (Gammel Køge Landevej)","lines":"4A","arr":["4A"],"terminus":0,"mode":"bus","color":"#0059a9","colorDark":"#00294f","angle":297,"snapDist":6,"label":1}},{"type":"Feature","geometry":{"type":"Point","coordinates":[12.513844,55.657987]},"properties":{"name":"Kirsten Walthers Vej (Gammel Køge Landevej)","lines":"4A","arr":["4A"],"terminus":0,"mode":"bus","color":"#0059a9","colorDark":"#00294f","angle":294.1,"snapDist":1,"label":0}},{"type":"Feature","geometry":{"type":"Point","coordinates":[12.507419,55.650186]},"properties":{"name":"Folehaven (Gammel Køge Landevej)","lines":"4A, 87","arr":["4A","87"],"terminus":0,"mode":"bus","color":"#0059a9","colorDark":"#00294f","angle":292.7,"snapDist":1,"label":0}},{"type":"Feature","geometry":{"type":"Point","coordinates":[12.50523,55.647487]},"properties":{"name":"Blommehaven (Gammel Køge Landevej)","lines":"4A, 87","arr":["4A","87"],"terminus":0,"mode":"bus","color":"#0059a9","colorDark":"#00294f","angle":296.1,"snapDist":4,"label":0}},{"type":"Feature","geometry":{"type":"Point","coordinates":[12.503391,55.645155]},"properties":{"name":"Gl. Køge Landev. Kollegiet (Gammel Køge Landevej)","lines":"4A, 87","arr":["4A","87"],"terminus":0,"mode":"bus","color":"#0059a9","colorDark":"#00294f","angle":289.6,"snapDist":1,"label":0}},{"type":"Feature","geometry":{"type":"Point","coordinates":[12.501203,55.642484]},"properties":{"name":"Vigerslevvej (Gammel Køge Landevej)","lines":"4A, 10, 87","arr":["4A","10","87"],"terminus":0,"mode":"bus","color":"#0059a9","colorDark":"#00294f","angle":294.4,"snapDist":1,"label":0}},{"type":"Feature","geometry":{"type":"Point","coordinates":[12.498782,55.640227]},"properties":{"name":"Åmarken St. (Gammel Køge Landevej)","lines":"4A, 87","arr":["4A","87"],"terminus":0,"mode":"bus","color":"#0059a9","colorDark":"#00294f","angle":300.7,"snapDist":1,"label":0}},{"type":"Feature","geometry":{"type":"Point","coordinates":[12.496013,55.637828]},"properties":{"name":"Hvidovregårds Allé (Gammel Køge Landevej)","lines":"4A, 87","arr":["4A","87"],"terminus":0,"mode":"bus","color":"#0059a9","colorDark":"#00294f","angle":302.7,"snapDist":0,"label":0}},{"type":"Feature","geometry":{"type":"Point","coordinates":[12.490777,55.63333]},"properties":{"name":"Michael Berings Vang (Gammel Køge Landevej)","lines":"4A, 87","arr":["4A","87"],"terminus":0,"mode":"bus","color":"#0059a9","colorDark":"#00294f","angle":303.4,"snapDist":0,"label":0}},{"type":"Feature","geometry":{"type":"Point","coordinates":[12.485322,55.629228]},"properties":{"name":"Strandmarksvej (Gammel Køge Landevej)","lines":"4A, 132","arr":["4A","132"],"terminus":0,"mode":"bus","color":"#0059a9","colorDark":"#00294f","angle":318.9,"snapDist":1,"label":0}},{"type":"Feature","geometry":{"type":"Point","coordinates":[12.446555,55.729956]},"properties":{"name":"Herlev Hospital, Sløjfen (Hyldemorsvej)","lines":"5C","arr":["5C"],"terminus":1,"mode":"bus","color":"#0059a9","colorDark":"#00294f","angle":215.6,"snapDist":4,"label":1}},{"type":"Feature","geometry":{"type":"Point","coordinates":[12.443932,55.722097]},"properties":{"name":"Hyrdindestien (Herlev Hovedgade)","lines":"5C, 168","arr":["5C","168"],"terminus":0,"mode":"bus","color":"#0059a9","colorDark":"#00294f","angle":209.3,"snapDist":1,"label":1}},{"type":"Feature","geometry":{"type":"Point","coordinates":[12.449663,55.719829]},"properties":{"name":"Elverhøjen (Herlev Hovedgade)","lines":"5C, 350S","arr":["5C","350S"],"terminus":0,"mode":"bus","color":"#0059a9","colorDark":"#00294f","angle":215.8,"snapDist":0,"label":1}},{"type":"Feature","geometry":{"type":"Point","coordinates":[12.462325,55.715096]},"properties":{"name":"Åfløjen (Frederikssundsvej)","lines":"5C, 350S","arr":["5C","350S"],"terminus":0,"mode":"bus","color":"#0059a9","colorDark":"#00294f","angle":212.5,"snapDist":0,"label":1}},{"type":"Feature","geometry":{"type":"Point","coordinates":[12.47224,55.711944]},"properties":{"name":"Husum Torv (Frederikssundsvej)","lines":"5C, 350S","arr":["5C","350S"],"terminus":0,"mode":"bus","color":"#0059a9","colorDark":"#00294f","angle":203.6,"snapDist":1,"label":1}},{"type":"Feature","geometry":{"type":"Point","coordinates":[12.478178,55.710281]},"properties":{"name":"Husumvej (Frederikssundsvej)","lines":"5C, 350S","arr":["5C","350S"],"terminus":0,"mode":"bus","color":"#0059a9","colorDark":"#00294f","angle":210.9,"snapDist":1,"label":1}},{"type":"Feature","geometry":{"type":"Point","coordinates":[12.481834,55.709029]},"properties":{"name":"Kobbelvænget (Frederikssundsvej)","lines":"5C","arr":["5C"],"terminus":0,"mode":"bus","color":"#0059a9","colorDark":"#00294f","angle":210.2,"snapDist":0,"label":1}},{"type":"Feature","geometry":{"type":"Point","coordinates":[12.487898,55.706746]},"properties":{"name":"Veksøvej (Frederikssundsvej)","lines":"5C, 350S","arr":["5C","350S"],"terminus":0,"mode":"bus","color":"#0059a9","colorDark":"#00294f","angle":212.8,"snapDist":1,"label":0}},{"type":"Feature","geometry":{"type":"Point","coordinates":[12.498948,55.704521]},"properties":{"name":"Brønshøj Torv (Frederikssundsvej)","lines":"5C, 350S","arr":["5C","350S"],"terminus":0,"mode":"bus","color":"#0059a9","colorDark":"#00294f","angle":196.4,"snapDist":4,"label":1}},{"type":"Feature","geometry":{"type":"Point","coordinates":[12.509895,55.705893]},"properties":{"name":"Hyrdevangen (Frederikssundsvej)","lines":"5C","arr":["5C"],"terminus":0,"mode":"bus","color":"#0059a9","colorDark":"#00294f","angle":166.2,"snapDist":1,"label":1}},{"type":"Feature","geometry":{"type":"Point","coordinates":[12.517143,55.706599]},"properties":{"name":"Bellahøj (Frederikssundsvej)","lines":"5C, 250S, 350S","arr":["5C","250S","350S"],"terminus":0,"mode":"bus","color":"#0059a9","colorDark":"#00294f","angle":185.5,"snapDist":4,"label":0}},{"type":"Feature","geometry":{"type":"Point","coordinates":[12.5226,55.705783]},"properties":{"name":"Hulgårds Plads (Frederikssundsvej)","lines":"5C, 250S, 350S","arr":["5C","250S","350S"],"terminus":0,"mode":"bus","color":"#0059a9","colorDark":"#00294f","angle":197.5,"snapDist":4,"label":1}},{"type":"Feature","geometry":{"type":"Point","coordinates":[12.530057,55.703114]},"properties":{"name":"Glasvej (Frederikssundsvej)","lines":"5C","arr":["5C"],"terminus":0,"mode":"bus","color":"#0059a9","colorDark":"#00294f","angle":215.5,"snapDist":1,"label":1}},{"type":"Feature","geometry":{"type":"Point","coordinates":[12.538959,55.700563]},"properties":{"name":"Nørrebro St. (Nørrebrogade)","lines":"5C, 350S","arr":["5C","350S"],"terminus":0,"mode":"bus","color":"#0059a9","colorDark":"#00294f","angle":216.2,"snapDist":0,"label":1}},{"type":"Feature","geometry":{"type":"Point","coordinates":[12.542713,55.698388]},"properties":{"name":"Nørrebrohallen (Nørrebrogade)","lines":"5C","arr":["5C"],"terminus":0,"mode":"bus","color":"#0059a9","colorDark":"#00294f","angle":229.3,"snapDist":1,"label":1}},{"type":"Feature","geometry":{"type":"Point","coordinates":[12.545741,55.696389]},"properties":{"name":"Stefansgade (Nørrebrogade)","lines":"5C","arr":["5C"],"terminus":0,"mode":"bus","color":"#0059a9","colorDark":"#00294f","angle":232.7,"snapDist":1,"label":1}},{"type":"Feature","geometry":{"type":"Point","coordinates":[12.549542,55.693861]},"properties":{"name":"Nørrebros Runddel St. (Nørrebrogade)","lines":"5C, 350S","arr":["5C","350S"],"terminus":0,"mode":"bus","color":"#0059a9","colorDark":"#00294f","angle":229.7,"snapDist":1,"label":1}},{"type":"Feature","geometry":{"type":"Point","coordinates":[12.551793,55.692358]},"properties":{"name":"Sjællandsgade (Nørrebrogade)","lines":"5C","arr":["5C"],"terminus":0,"mode":"bus","color":"#0059a9","colorDark":"#00294f","angle":230.4,"snapDist":0,"label":1}},{"type":"Feature","geometry":{"type":"Point","coordinates":[12.555033,55.690246]},"properties":{"name":"Kapelvej (Nørrebrogade)","lines":"5C","arr":["5C"],"terminus":0,"mode":"bus","color":"#0059a9","colorDark":"#00294f","angle":229.6,"snapDist":1,"label":1}},{"type":"Feature","geometry":{"type":"Point","coordinates":[12.566068,55.685827]},"properties":{"name":"Søtorvet (Frederiksborggade)","lines":"5C","arr":["5C"],"terminus":0,"mode":"bus","color":"#0059a9","colorDark":"#00294f","angle":214.7,"snapDist":2,"label":1}},{"type":"Feature","geometry":{"type":"Point","coordinates":[12.569271,55.68457]},"properties":{"name":"Nørre Farimagsgade (Frederiksborggade)","lines":"5C","arr":["5C"],"terminus":0,"mode":"bus","color":"#0059a9","colorDark":"#00294f","angle":214.8,"snapDist":1,"label":1}},{"type":"Feature","geometry":{"type":"Point","coordinates":[12.571402,55.683663]},"properties":{"name":"Nørreport St. (Frederiksborggade)","lines":"5C","arr":["5C"],"terminus":0,"mode":"bus","color":"#0059a9","colorDark":"#00294f","angle":215.4,"snapDist":4,"label":1}},{"type":"Feature","geometry":{"type":"Point","coordinates":[12.566915,55.679875]},"properties":{"name":"Teglgårdstræde (Nørre Voldgade)","lines":"5C","arr":["5C"],"terminus":0,"mode":"bus","color":"#0059a9","colorDark":"#00294f","angle":306.2,"snapDist":1,"label":1}},{"type":"Feature","geometry":{"type":"Point","coordinates":[12.57089,55.669841]},"properties":{"name":"Polititorvet","lines":"5C","arr":["5C"],"terminus":0,"mode":"bus","color":"#0059a9","colorDark":"#00294f","angle":143.9,"snapDist":1,"label":1}},{"type":"Feature","geometry":{"type":"Point","coordinates":[12.574019,55.671016]},"properties":{"name":"Otto Mønsteds Plads (Rysensteensgade)","lines":"5C","arr":["5C"],"terminus":0,"mode":"bus","color":"#0059a9","colorDark":"#00294f","angle":116.4,"snapDist":0,"label":1}},{"type":"Feature","geometry":{"type":"Point","coordinates":[12.583163,55.668357]},"properties":{"name":"Klaksvigsgade (Amager Boulevard)","lines":"5C","arr":["5C"],"terminus":0,"mode":"bus","color":"#0059a9","colorDark":"#00294f","angle":197.1,"snapDist":2,"label":1}},{"type":"Feature","geometry":{"type":"Point","coordinates":[12.58865,55.667568]},"properties":{"name":"Ørestads Boulevard (Amager Boulevard)","lines":"5C, 250S","arr":["5C","250S"],"terminus":0,"mode":"bus","color":"#0059a9","colorDark":"#00294f","angle":184.9,"snapDist":0,"label":1}},{"type":"Feature","geometry":{"type":"Point","coordinates":[12.595986,55.666244]},"properties":{"name":"Amagerfælledvej (Amager Boulevard)","lines":"5C","arr":["5C"],"terminus":0,"mode":"bus","color":"#0059a9","colorDark":"#00294f","angle":204.1,"snapDist":2,"label":1}},{"type":"Feature","geometry":{"type":"Point","coordinates":[12.599263,55.665451]},"properties":{"name":"Sønderport (Amager Boulevard)","lines":"5C","arr":["5C"],"terminus":0,"mode":"bus","color":"#0059a9","colorDark":"#00294f","angle":203.8,"snapDist":4,"label":1}},{"type":"Feature","geometry":{"type":"Point","coordinates":[12.602266,55.662693]},"properties":{"name":"Amagerbro St. (Amagerbrogade)","lines":"5C, 250S","arr":["5C","250S"],"terminus":0,"mode":"bus","color":"#0059a9","colorDark":"#00294f","angle":235.1,"snapDist":3,"label":1}},{"type":"Feature","geometry":{"type":"Point","coordinates":[12.604612,55.660745]},"properties":{"name":"Tingvej (Amagerbrogade)","lines":"5C","arr":["5C"],"terminus":0,"mode":"bus","color":"#0059a9","colorDark":"#00294f","angle":235.5,"snapDist":1,"label":1}},{"type":"Feature","geometry":{"type":"Point","coordinates":[12.607181,55.658665]},"properties":{"name":"Øresundsvej (Amagerbrogade)","lines":"5C, 250S","arr":["5C","250S"],"terminus":0,"mode":"bus","color":"#0059a9","colorDark":"#00294f","angle":237,"snapDist":3,"label":1}},{"type":"Feature","geometry":{"type":"Point","coordinates":[12.610291,55.654944]},"properties":{"name":"Tycho Brahes Allé (Amagerbrogade)","lines":"5C","arr":["5C"],"terminus":0,"mode":"bus","color":"#0059a9","colorDark":"#00294f","angle":249.6,"snapDist":3,"label":1}},{"type":"Feature","geometry":{"type":"Point","coordinates":[12.612356,55.650713]},"properties":{"name":"Smyrnavej (Amagerbrogade)","lines":"5C, 77","arr":["5C","77"],"terminus":0,"mode":"bus","color":"#0059a9","colorDark":"#00294f","angle":256.4,"snapDist":1,"label":1}},{"type":"Feature","geometry":{"type":"Point","coordinates":[12.614342,55.646322]},"properties":{"name":"Sundbyvester Plads (Amagerbrogade)","lines":"5C, 250S","arr":["5C","250S"],"terminus":0,"mode":"bus","color":"#0059a9","colorDark":"#00294f","angle":255.7,"snapDist":1,"label":1}},{"type":"Feature","geometry":{"type":"Point","coordinates":[12.615364,55.644151]},"properties":{"name":"Vejlands Allé (Amagerbrogade)","lines":"5C, 8A, 35","arr":["5C","8A","35"],"terminus":0,"mode":"bus","color":"#0059a9","colorDark":"#00294f","angle":253.9,"snapDist":1,"label":1}},{"type":"Feature","geometry":{"type":"Point","coordinates":[12.617606,55.639625]},"properties":{"name":"Willumsvej (Amagerbrogade)","lines":"5C, 35","arr":["5C","35"],"terminus":0,"mode":"bus","color":"#0059a9","colorDark":"#00294f","angle":254.4,"snapDist":1,"label":1}},{"type":"Feature","geometry":{"type":"Point","coordinates":[12.618589,55.637646]},"properties":{"name":"Randkløve Allé (Amager Landevej)","lines":"5C, 35","arr":["5C","35"],"terminus":0,"mode":"bus","color":"#0059a9","colorDark":"#00294f","angle":254.8,"snapDist":5,"label":1}},{"type":"Feature","geometry":{"type":"Point","coordinates":[12.620647,55.635551]},"properties":{"name":"Korsvejens Skole (Saltværksvej)","lines":"5C, 36","arr":["5C","36"],"terminus":0,"mode":"bus","color":"#0059a9","colorDark":"#00294f","angle":166.4,"snapDist":1,"label":1}},{"type":"Feature","geometry":{"type":"Point","coordinates":[12.628299,55.636604]},"properties":{"name":"Mosrosevej (Saltværksvej)","lines":"5C, 36","arr":["5C","36"],"terminus":0,"mode":"bus","color":"#0059a9","colorDark":"#00294f","angle":165.7,"snapDist":2,"label":1}},{"type":"Feature","geometry":{"type":"Point","coordinates":[12.636913,55.637754]},"properties":{"name":"Skottegårdsskolen (Saltværksvej)","lines":"5C, 36","arr":["5C","36"],"terminus":0,"mode":"bus","color":"#0059a9","colorDark":"#00294f","angle":163.1,"snapDist":1,"label":1}},{"type":"Feature","geometry":{"type":"Point","coordinates":[12.641974,55.638614]},"properties":{"name":"Kastruplundgade (Saltværksvej)","lines":"5C","arr":["5C"],"terminus":0,"mode":"bus","color":"#0059a9","colorDark":"#00294f","angle":166.5,"snapDist":0,"label":1}},{"type":"Feature","geometry":{"type":"Point","coordinates":[12.648765,55.638644]},"properties":{"name":"Saltværksvej (Amager Strandvej)","lines":"5C","arr":["5C"],"terminus":0,"mode":"bus","color":"#0059a9","colorDark":"#00294f","angle":243.7,"snapDist":0,"label":1}},{"type":"Feature","geometry":{"type":"Point","coordinates":[12.651094,55.63613]},"properties":{"name":"Den Blå Planet (Amager Strandvej)","lines":"5C","arr":["5C"],"terminus":0,"mode":"bus","color":"#0059a9","colorDark":"#00294f","angle":245,"snapDist":0,"label":1}},{"type":"Feature","geometry":{"type":"Point","coordinates":[12.653181,55.633888]},"properties":{"name":"Skøjtevej (Amager Strandvej)","lines":"5C, 36","arr":["5C","36"],"terminus":0,"mode":"bus","color":"#0059a9","colorDark":"#00294f","angle":242.2,"snapDist":1,"label":1}},{"type":"Feature","geometry":{"type":"Point","coordinates":[12.651156,55.629843]},"properties":{"name":"Københavns Lufthavn (Ellehammersvej)","lines":"5C, 35, 36","arr":["5C","35","36"],"terminus":1,"mode":"bus","color":"#0059a9","colorDark":"#00294f","angle":177.5,"snapDist":1,"label":1}},{"type":"Feature","geometry":{"type":"Point","coordinates":[12.653197,55.633871]},"properties":{"name":"Skøjtevej (Amager Strandvej)","lines":"5C","arr":["5C"],"terminus":0,"mode":"bus","color":"#0059a9","colorDark":"#00294f","angle":62.2,"snapDist":0,"label":0}},{"type":"Feature","geometry":{"type":"Point","coordinates":[12.650419,55.63687]},"properties":{"name":"Den Blå Planet (Amager Strandvej)","lines":"5C","arr":["5C"],"terminus":0,"mode":"bus","color":"#0059a9","colorDark":"#00294f","angle":61,"snapDist":0,"label":0}},{"type":"Feature","geometry":{"type":"Point","coordinates":[12.646255,55.639168]},"properties":{"name":"Søvang Allé (Saltværksvej)","lines":"5C","arr":["5C"],"terminus":0,"mode":"bus","color":"#0059a9","colorDark":"#00294f","angle":347.1,"snapDist":0,"label":1}},{"type":"Feature","geometry":{"type":"Point","coordinates":[12.641574,55.63856]},"properties":{"name":"Kastruplundgade (Saltværksvej)","lines":"5C","arr":["5C"],"terminus":0,"mode":"bus","color":"#0059a9","colorDark":"#00294f","angle":346.5,"snapDist":0,"label":0}},{"type":"Feature","geometry":{"type":"Point","coordinates":[12.635331,55.637509]},"properties":{"name":"Skottegårdsskolen (Saltværksvej)","lines":"5C, 36","arr":["5C","36"],"terminus":0,"mode":"bus","color":"#0059a9","colorDark":"#00294f","angle":346.4,"snapDist":2,"label":0}},{"type":"Feature","geometry":{"type":"Point","coordinates":[12.626867,55.636401]},"properties":{"name":"Mosrosevej (Saltværksvej)","lines":"5C, 36","arr":["5C","36"],"terminus":0,"mode":"bus","color":"#0059a9","colorDark":"#00294f","angle":346.1,"snapDist":2,"label":0}},{"type":"Feature","geometry":{"type":"Point","coordinates":[12.619342,55.636112]},"properties":{"name":"Korsvejens Skole (Amager Landevej)","lines":"5C, 35, 250S","arr":["5C","35","250S"],"terminus":0,"mode":"bus","color":"#0059a9","colorDark":"#00294f","angle":74.5,"snapDist":2,"label":1}},{"type":"Feature","geometry":{"type":"Point","coordinates":[12.618475,55.637882]},"properties":{"name":"Randkløve Allé (Amager Landevej)","lines":"5C, 35","arr":["5C","35"],"terminus":0,"mode":"bus","color":"#0059a9","colorDark":"#00294f","angle":74.8,"snapDist":1,"label":0}},{"type":"Feature","geometry":{"type":"Point","coordinates":[12.617328,55.640189]},"properties":{"name":"Willumsvej (Amagerbrogade)","lines":"5C, 35","arr":["5C","35"],"terminus":0,"mode":"bus","color":"#0059a9","colorDark":"#00294f","angle":74.4,"snapDist":0,"label":0}},{"type":"Feature","geometry":{"type":"Point","coordinates":[12.615293,55.644291]},"properties":{"name":"Vejlands Allé (Amagerbrogade)","lines":"5C, 8A, 35","arr":["5C","8A","35"],"terminus":0,"mode":"bus","color":"#0059a9","colorDark":"#00294f","angle":73.9,"snapDist":2,"label":0}},{"type":"Feature","geometry":{"type":"Point","coordinates":[12.614203,55.646629]},"properties":{"name":"Sundbyvester Plads (Amagerbrogade)","lines":"5C, 250S","arr":["5C","250S"],"terminus":0,"mode":"bus","color":"#0059a9","colorDark":"#00294f","angle":75.7,"snapDist":1,"label":0}},{"type":"Feature","geometry":{"type":"Point","coordinates":[12.612045,55.651436]},"properties":{"name":"Smyrnavej (Amagerbrogade)","lines":"5C, 77","arr":["5C","77"],"terminus":0,"mode":"bus","color":"#0059a9","colorDark":"#00294f","angle":75.9,"snapDist":2,"label":0}},{"type":"Feature","geometry":{"type":"Point","coordinates":[12.610261,55.654989]},"properties":{"name":"Tycho Brahes Allé (Amagerbrogade)","lines":"5C","arr":["5C"],"terminus":0,"mode":"bus","color":"#0059a9","colorDark":"#00294f","angle":69.6,"snapDist":2,"label":0}},{"type":"Feature","geometry":{"type":"Point","coordinates":[12.608037,55.657928]},"properties":{"name":"Øresundsvej (Amagerbrogade)","lines":"5C, 250S","arr":["5C","250S"],"terminus":0,"mode":"bus","color":"#0059a9","colorDark":"#00294f","angle":55.4,"snapDist":1,"label":0}},{"type":"Feature","geometry":{"type":"Point","coordinates":[12.604772,55.660614]},"properties":{"name":"Tingvej (Amagerbrogade)","lines":"5C","arr":["5C"],"terminus":0,"mode":"bus","color":"#0059a9","colorDark":"#00294f","angle":55.5,"snapDist":1,"label":0}},{"type":"Feature","geometry":{"type":"Point","coordinates":[12.601331,55.663528]},"properties":{"name":"Amagerbro St. (Amagerbrogade)","lines":"5C, 250S","arr":["5C","250S"],"terminus":0,"mode":"bus","color":"#0059a9","colorDark":"#00294f","angle":59.1,"snapDist":4,"label":0}},{"type":"Feature","geometry":{"type":"Point","coordinates":[12.597997,55.665807]},"properties":{"name":"Sønderport (Amager Boulevard)","lines":"5C","arr":["5C"],"terminus":0,"mode":"bus","color":"#0059a9","colorDark":"#00294f","angle":25.9,"snapDist":3,"label":0}},{"type":"Feature","geometry":{"type":"Point","coordinates":[12.595331,55.666477]},"properties":{"name":"Amagerfælledvej (Amager Boulevard)","lines":"5C","arr":["5C"],"terminus":0,"mode":"bus","color":"#0059a9","colorDark":"#00294f","angle":21.7,"snapDist":2,"label":0}},{"type":"Feature","geometry":{"type":"Point","coordinates":[12.586806,55.667857]},"properties":{"name":"Ørestads Boulevard (Amager Boulevard)","lines":"5C, 250S","arr":["5C","250S"],"terminus":0,"mode":"bus","color":"#0059a9","colorDark":"#00294f","angle":15.8,"snapDist":3,"label":0}},{"type":"Feature","geometry":{"type":"Point","coordinates":[12.581367,55.669085]},"properties":{"name":"Klaksvigsgade (Langebro)","lines":"5C","arr":["5C"],"terminus":0,"mode":"bus","color":"#0059a9","colorDark":"#00294f","angle":40.6,"snapDist":1,"label":1}},{"type":"Feature","geometry":{"type":"Point","coordinates":[12.573759,55.670721]},"properties":{"name":"Otto Mønsteds Plads (Rysensteensgade)","lines":"5C","arr":["5C"],"terminus":0,"mode":"bus","color":"#0059a9","colorDark":"#00294f","angle":296.4,"snapDist":1,"label":0}},{"type":"Feature","geometry":{"type":"Point","coordinates":[12.570589,55.669718]},"properties":{"name":"Polititorvet","lines":"5C","arr":["5C"],"terminus":0,"mode":"bus","color":"#0059a9","colorDark":"#00294f","angle":323.9,"snapDist":1,"label":0}},{"type":"Feature","geometry":{"type":"Point","coordinates":[12.568166,55.680479]},"properties":{"name":"Teglgårdstræde (Nørre Voldgade)","lines":"5C","arr":["5C"],"terminus":0,"mode":"bus","color":"#0059a9","colorDark":"#00294f","angle":125.7,"snapDist":3,"label":0}},{"type":"Feature","geometry":{"type":"Point","coordinates":[12.571587,55.683437]},"properties":{"name":"Nørreport St. (Nørre Voldgade)","lines":"5C","arr":["5C"],"terminus":0,"mode":"bus","color":"#0059a9","colorDark":"#00294f","angle":132.6,"snapDist":1,"label":0}},{"type":"Feature","geometry":{"type":"Point","coordinates":[12.567455,55.685276]},"properties":{"name":"Nørre Farimagsgade (Frederiksborggade)","lines":"5C, 350S","arr":["5C","350S"],"terminus":0,"mode":"bus","color":"#0059a9","colorDark":"#00294f","angle":35.3,"snapDist":1,"label":0}},{"type":"Feature","geometry":{"type":"Point","coordinates":[12.561642,55.687519]},"properties":{"name":"Ravnsborggade (Nørrebrogade)","lines":"5C","arr":["5C"],"terminus":0,"mode":"bus","color":"#0059a9","colorDark":"#00294f","angle":33.4,"snapDist":0,"label":1}},{"type":"Feature","geometry":{"type":"Point","coordinates":[12.554189,55.690749]},"properties":{"name":"Kapelvej (Nørrebrogade)","lines":"5C","arr":["5C"],"terminus":0,"mode":"bus","color":"#0059a9","colorDark":"#00294f","angle":50.3,"snapDist":2,"label":0}},{"type":"Feature","geometry":{"type":"Point","coordinates":[12.551836,55.692329]},"properties":{"name":"Sjællandsgade (Nørrebrogade)","lines":"5C","arr":["5C"],"terminus":0,"mode":"bus","color":"#0059a9","colorDark":"#00294f","angle":50.4,"snapDist":0,"label":0}},{"type":"Feature","geometry":{"type":"Point","coordinates":[12.549308,55.694017]},"properties":{"name":"Nørrebros Runddel St. (Nørrebrogade)","lines":"5C, 350S","arr":["5C","350S"],"terminus":0,"mode":"bus","color":"#0059a9","colorDark":"#00294f","angle":49.7,"snapDist":1,"label":0}},{"type":"Feature","geometry":{"type":"Point","coordinates":[12.545272,55.696699]},"properties":{"name":"Stefansgade (Nørrebrogade)","lines":"5C","arr":["5C"],"terminus":0,"mode":"bus","color":"#0059a9","colorDark":"#00294f","angle":48.8,"snapDist":1,"label":0}},{"type":"Feature","geometry":{"type":"Point","coordinates":[12.54253,55.698508]},"properties":{"name":"Nørrebrohallen (Nørrebrogade)","lines":"5C","arr":["5C"],"terminus":0,"mode":"bus","color":"#0059a9","colorDark":"#00294f","angle":49.3,"snapDist":1,"label":0}},{"type":"Feature","geometry":{"type":"Point","coordinates":[12.528474,55.703735]},"properties":{"name":"Glasvej (Frederikssundsvej)","lines":"5C","arr":["5C"],"terminus":0,"mode":"bus","color":"#0059a9","colorDark":"#00294f","angle":34.4,"snapDist":1,"label":0}},{"type":"Feature","geometry":{"type":"Point","coordinates":[12.520442,55.706208]},"properties":{"name":"Hulgårds Plads (Frederikssundsvej)","lines":"5C, 250S, 350S","arr":["5C","250S","350S"],"terminus":0,"mode":"bus","color":"#0059a9","colorDark":"#00294f","angle":13.5,"snapDist":1,"label":0}},{"type":"Feature","geometry":{"type":"Point","coordinates":[12.51639,55.706688]},"properties":{"name":"Bellahøj (Frederikssundsvej)","lines":"5C","arr":["5C"],"terminus":0,"mode":"bus","color":"#0059a9","colorDark":"#00294f","angle":2.1,"snapDist":0,"label":0}},{"type":"Feature","geometry":{"type":"Point","coordinates":[12.509216,55.705799]},"properties":{"name":"Hyrdevangen (Frederikssundsvej)","lines":"5C","arr":["5C"],"terminus":0,"mode":"bus","color":"#0059a9","colorDark":"#00294f","angle":346.2,"snapDist":2,"label":0}},{"type":"Feature","geometry":{"type":"Point","coordinates":[12.498342,55.704624]},"properties":{"name":"Brønshøj Torv (Frederikssundsvej)","lines":"5C, 350S","arr":["5C","350S"],"terminus":0,"mode":"bus","color":"#0059a9","colorDark":"#00294f","angle":19.2,"snapDist":4,"label":0}},{"type":"Feature","geometry":{"type":"Point","coordinates":[12.480613,55.709441]},"properties":{"name":"Kobbelvænget (Frederikssundsvej)","lines":"5C","arr":["5C"],"terminus":0,"mode":"bus","color":"#0059a9","colorDark":"#00294f","angle":31.7,"snapDist":0,"label":0}},{"type":"Feature","geometry":{"type":"Point","coordinates":[12.476147,55.710872]},"properties":{"name":"Husumvej (Frederikssundsvej)","lines":"5C, 22, 350S","arr":["5C","22","350S"],"terminus":0,"mode":"bus","color":"#0059a9","colorDark":"#00294f","angle":26.4,"snapDist":1,"label":0}},{"type":"Feature","geometry":{"type":"Point","coordinates":[12.471646,55.71209]},"properties":{"name":"Husum Torv (Frederikssundsvej)","lines":"5C","arr":["5C"],"terminus":0,"mode":"bus","color":"#0059a9","colorDark":"#00294f","angle":24.9,"snapDist":0,"label":0}},{"type":"Feature","geometry":{"type":"Point","coordinates":[12.460538,55.715832]},"properties":{"name":"Åfløjen (Frederikssundsvej)","lines":"5C, 350S","arr":["5C","350S"],"terminus":0,"mode":"bus","color":"#0059a9","colorDark":"#00294f","angle":32.6,"snapDist":2,"label":0}},{"type":"Feature","geometry":{"type":"Point","coordinates":[12.448273,55.720548]},"properties":{"name":"Elverhøjen (Herlev Hovedgade)","lines":"5C, 165, 168, 350S","arr":["5C","165","168","350S"],"terminus":0,"mode":"bus","color":"#0059a9","colorDark":"#00294f","angle":36.9,"snapDist":1,"label":0}},{"type":"Feature","geometry":{"type":"Point","coordinates":[12.443111,55.722437]},"properties":{"name":"Hyrdindestien (Herlev Hovedgade)","lines":"5C","arr":["5C"],"terminus":0,"mode":"bus","color":"#0059a9","colorDark":"#00294f","angle":24.1,"snapDist":1,"label":0}},{"type":"Feature","geometry":{"type":"Point","coordinates":[12.573388,55.684479]},"properties":{"name":"Nørreport St. (Nørre Voldgade)","lines":"6A, 15E, 68, 150S, 184, 185","arr":["6A","15E","68","150S","184","185"],"terminus":1,"mode":"bus","color":"#0059a9","colorDark":"#00294f","angle":130.9,"snapDist":3,"label":1}},{"type":"Feature","geometry":{"type":"Point","coordinates":[12.577507,55.687953]},"properties":{"name":"Georg Brandes Plads (Sølvgade)","lines":"6A, 184, 185","arr":["6A","184","185"],"terminus":0,"mode":"bus","color":"#0059a9","colorDark":"#00294f","angle":41,"snapDist":4,"label":1}},{"type":"Feature","geometry":{"type":"Point","coordinates":[12.575129,55.68919]},"properties":{"name":"Sølvtorvet (Sølvgade)","lines":"6A, 150S, 184, 185","arr":["6A","150S","184","185"],"terminus":0,"mode":"bus","color":"#0059a9","colorDark":"#00294f","angle":60.9,"snapDist":0,"label":1}},{"type":"Feature","geometry":{"type":"Point","coordinates":[12.565641,55.694021]},"properties":{"name":"Rigshospitalet Syd (Tagensvej)","lines":"6A, 15E, 150S, 184, 185","arr":["6A","15E","150S","184","185"],"terminus":0,"mode":"bus","color":"#0059a9","colorDark":"#00294f","angle":44.1,"snapDist":2,"label":1}},{"type":"Feature","geometry":{"type":"Point","coordinates":[12.560492,55.696677]},"properties":{"name":"Nørre Campus (Tagensvej)","lines":"6A","arr":["6A"],"terminus":0,"mode":"bus","color":"#0059a9","colorDark":"#00294f","angle":30.2,"snapDist":1,"label":1}},{"type":"Feature","geometry":{"type":"Point","coordinates":[12.557367,55.697834]},"properties":{"name":"Arresøgade (Tagensvej)","lines":"6A","arr":["6A"],"terminus":0,"mode":"bus","color":"#0059a9","colorDark":"#00294f","angle":33.1,"snapDist":6,"label":1}},{"type":"Feature","geometry":{"type":"Point","coordinates":[12.549968,55.702069]},"properties":{"name":"Ægirsgade (Tagensvej)","lines":"6A","arr":["6A"],"terminus":0,"mode":"bus","color":"#0059a9","colorDark":"#00294f","angle":44.9,"snapDist":1,"label":1}},{"type":"Feature","geometry":{"type":"Point","coordinates":[12.547593,55.703399]},"properties":{"name":"Skjolds Plads St. (Tagensvej)","lines":"6A","arr":["6A"],"terminus":0,"mode":"bus","color":"#0059a9","colorDark":"#00294f","angle":44.5,"snapDist":2,"label":1}},{"type":"Feature","geometry":{"type":"Point","coordinates":[12.544636,55.705075]},"properties":{"name":"Rovsingsgade (Tagensvej)","lines":"6A, 12","arr":["6A","12"],"terminus":0,"mode":"bus","color":"#0059a9","colorDark":"#00294f","angle":41.8,"snapDist":2,"label":1}},{"type":"Feature","geometry":{"type":"Point","coordinates":[12.542074,55.706505]},"properties":{"name":"Bispebjerg St. (Tagensvej)","lines":"6A, 12","arr":["6A","12"],"terminus":0,"mode":"bus","color":"#0059a9","colorDark":"#00294f","angle":47.8,"snapDist":1,"label":1}},{"type":"Feature","geometry":{"type":"Point","coordinates":[12.539282,55.708707]},"properties":{"name":"Lygten (Tagensvej)","lines":"6A","arr":["6A"],"terminus":0,"mode":"bus","color":"#0059a9","colorDark":"#00294f","angle":63.4,"snapDist":2,"label":1}},{"type":"Feature","geometry":{"type":"Point","coordinates":[12.537158,55.711139]},"properties":{"name":"Bispebjerg Hospital (Tagensvej)","lines":"6A","arr":["6A"],"terminus":0,"mode":"bus","color":"#0059a9","colorDark":"#00294f","angle":62.5,"snapDist":1,"label":1}},{"type":"Feature","geometry":{"type":"Point","coordinates":[12.524547,55.72811]},"properties":{"name":"Gladsaxevej (Søborg Hovedgade)","lines":"6A","arr":["6A"],"terminus":0,"mode":"bus","color":"#0059a9","colorDark":"#00294f","angle":52.6,"snapDist":4,"label":1}},{"type":"Feature","geometry":{"type":"Point","coordinates":[12.520683,55.730815]},"properties":{"name":"Dyssegårdsvej (Søborg Hovedgade)","lines":"6A","arr":["6A"],"terminus":0,"mode":"bus","color":"#0059a9","colorDark":"#00294f","angle":46.5,"snapDist":0,"label":1}},{"type":"Feature","geometry":{"type":"Point","coordinates":[12.514967,55.733997]},"properties":{"name":"Erik Bøghs Allé (Søborg Hovedgade)","lines":"6A","arr":["6A"],"terminus":0,"mode":"bus","color":"#0059a9","colorDark":"#00294f","angle":42.6,"snapDist":2,"label":1}},{"type":"Feature","geometry":{"type":"Point","coordinates":[12.512113,55.735552]},"properties":{"name":"Søborg Skole (Søborg Hovedgade)","lines":"6A","arr":["6A"],"terminus":0,"mode":"bus","color":"#0059a9","colorDark":"#00294f","angle":44.4,"snapDist":1,"label":1}},{"type":"Feature","geometry":{"type":"Point","coordinates":[12.508444,55.737566]},"properties":{"name":"Søborg Torv (Søborg Hovedgade)","lines":"6A, 160","arr":["6A","160"],"terminus":0,"mode":"bus","color":"#0059a9","colorDark":"#00294f","angle":43.8,"snapDist":0,"label":1}},{"type":"Feature","geometry":{"type":"Point","coordinates":[12.504708,55.739625]},"properties":{"name":"Vandtårnsvej (Søborg Hovedgade)","lines":"6A, 164","arr":["6A","164"],"terminus":0,"mode":"bus","color":"#0059a9","colorDark":"#00294f","angle":44.2,"snapDist":0,"label":1}},{"type":"Feature","geometry":{"type":"Point","coordinates":[12.501878,55.740947]},"properties":{"name":"Buddinge Skole (Søborg Hovedgade)","lines":"6A, 164","arr":["6A","164"],"terminus":0,"mode":"bus","color":"#0059a9","colorDark":"#00294f","angle":30.8,"snapDist":0,"label":1}},{"type":"Feature","geometry":{"type":"Point","coordinates":[12.496562,55.742284]},"properties":{"name":"Buddinge, Gladsaxe Rådhus (Søborg Hovedgade)","lines":"6A, 166","arr":["6A","166"],"terminus":0,"mode":"bus","color":"#0059a9","colorDark":"#00294f","angle":8.9,"snapDist":0,"label":1}},{"type":"Feature","geometry":{"type":"Point","coordinates":[12.494514,55.746888]},"properties":{"name":"Buddinge St. (Buddingevej)","lines":"6A","arr":["6A"],"terminus":1,"mode":"bus","color":"#0059a9","colorDark":"#00294f","angle":193.3,"snapDist":2,"label":0}},{"type":"Feature","geometry":{"type":"Point","coordinates":[12.495527,55.742293]},"properties":{"name":"Buddinge, Gladsaxe Rådhus (Buddinge Torv)","lines":"6A, 160, 166","arr":["6A","160","166"],"terminus":0,"mode":"bus","color":"#0059a9","colorDark":"#00294f","angle":183.8,"snapDist":1,"label":1}},{"type":"Feature","geometry":{"type":"Point","coordinates":[12.50177,55.740912]},"properties":{"name":"Buddinge Skole (Søborg Hovedgade)","lines":"6A, 160, 164","arr":["6A","160","164"],"terminus":0,"mode":"bus","color":"#0059a9","colorDark":"#00294f","angle":210.3,"snapDist":1,"label":0}},{"type":"Feature","geometry":{"type":"Point","coordinates":[12.506209,55.738715]},"properties":{"name":"Vandtårnsvej (Søborg Hovedgade)","lines":"6A, 160","arr":["6A","160"],"terminus":0,"mode":"bus","color":"#0059a9","colorDark":"#00294f","angle":223.7,"snapDist":2,"label":0}},{"type":"Feature","geometry":{"type":"Point","coordinates":[12.509199,55.737038]},"properties":{"name":"Søborg Torv (Søborg Hovedgade)","lines":"6A","arr":["6A"],"terminus":0,"mode":"bus","color":"#0059a9","colorDark":"#00294f","angle":223.4,"snapDist":2,"label":0}},{"type":"Feature","geometry":{"type":"Point","coordinates":[12.515603,55.733589]},"properties":{"name":"Erik Bøghs Allé (Søborg Hovedgade)","lines":"6A","arr":["6A"],"terminus":0,"mode":"bus","color":"#0059a9","colorDark":"#00294f","angle":223.4,"snapDist":2,"label":0}},{"type":"Feature","geometry":{"type":"Point","coordinates":[12.520463,55.730943]},"properties":{"name":"Dyssegårdsvej (Søborg Hovedgade)","lines":"6A","arr":["6A"],"terminus":0,"mode":"bus","color":"#0059a9","colorDark":"#00294f","angle":224.4,"snapDist":1,"label":0}},{"type":"Feature","geometry":{"type":"Point","coordinates":[12.535596,55.712892]},"properties":{"name":"Tuborgvej (Tagensvej)","lines":"6A","arr":["6A"],"terminus":0,"mode":"bus","color":"#0059a9","colorDark":"#00294f","angle":242,"snapDist":1,"label":0}},{"type":"Feature","geometry":{"type":"Point","coordinates":[12.537994,55.710147]},"properties":{"name":"Bispebjerg Hospital (Tagensvej)","lines":"6A","arr":["6A"],"terminus":0,"mode":"bus","color":"#0059a9","colorDark":"#00294f","angle":243.6,"snapDist":2,"label":0}},{"type":"Feature","geometry":{"type":"Point","coordinates":[12.54003,55.70795]},"properties":{"name":"Lygten (Tagensvej)","lines":"6A","arr":["6A"],"terminus":0,"mode":"bus","color":"#0059a9","colorDark":"#00294f","angle":236.2,"snapDist":3,"label":0}},{"type":"Feature","geometry":{"type":"Point","coordinates":[12.541668,55.706759]},"properties":{"name":"Bispebjerg St. (Tagensvej)","lines":"6A, 12","arr":["6A","12"],"terminus":0,"mode":"bus","color":"#0059a9","colorDark":"#00294f","angle":229.9,"snapDist":1,"label":0}},{"type":"Feature","geometry":{"type":"Point","coordinates":[12.5458,55.704435]},"properties":{"name":"Rovsingsgade (Tagensvej)","lines":"6A","arr":["6A"],"terminus":0,"mode":"bus","color":"#0059a9","colorDark":"#00294f","angle":226.1,"snapDist":1,"label":0}},{"type":"Feature","geometry":{"type":"Point","coordinates":[12.548495,55.702892]},"properties":{"name":"Skjolds Plads St. (Tagensvej)","lines":"6A","arr":["6A"],"terminus":0,"mode":"bus","color":"#0059a9","colorDark":"#00294f","angle":224.7,"snapDist":1,"label":0}},{"type":"Feature","geometry":{"type":"Point","coordinates":[12.550712,55.701653]},"properties":{"name":"Ægirsgade (Tagensvej)","lines":"6A","arr":["6A"],"terminus":0,"mode":"bus","color":"#0059a9","colorDark":"#00294f","angle":224.7,"snapDist":1,"label":0}},{"type":"Feature","geometry":{"type":"Point","coordinates":[12.554856,55.6989]},"properties":{"name":"Jagtvej (Tagensvej)","lines":"6A","arr":["6A"],"terminus":0,"mode":"bus","color":"#0059a9","colorDark":"#00294f","angle":226,"snapDist":6,"label":1}},{"type":"Feature","geometry":{"type":"Point","coordinates":[12.557362,55.697735]},"properties":{"name":"Arresøgade (Tagensvej)","lines":"6A","arr":["6A"],"terminus":0,"mode":"bus","color":"#0059a9","colorDark":"#00294f","angle":215.4,"snapDist":4,"label":0}},{"type":"Feature","geometry":{"type":"Point","coordinates":[12.562442,55.69587]},"properties":{"name":"Nørre Campus (Tagensvej)","lines":"6A, 15E, 150S, 184, 185","arr":["6A","15E","150S","184","185"],"terminus":0,"mode":"bus","color":"#0059a9","colorDark":"#00294f","angle":225.7,"snapDist":1,"label":0}},{"type":"Feature","geometry":{"type":"Point","coordinates":[12.567156,55.6932]},"properties":{"name":"Rigshospitalet Syd (Fredensgade)","lines":"6A, 15E, 150S, 184, 185","arr":["6A","15E","150S","184","185"],"terminus":0,"mode":"bus","color":"#0059a9","colorDark":"#00294f","angle":223.6,"snapDist":0,"label":1}},{"type":"Feature","geometry":{"type":"Point","coordinates":[12.575069,55.689053]},"properties":{"name":"Sølvtorvet (Sølvgade)","lines":"6A, 150S, 184, 185","arr":["6A","150S","184","185"],"terminus":0,"mode":"bus","color":"#0059a9","colorDark":"#00294f","angle":222.1,"snapDist":3,"label":0}},{"type":"Feature","geometry":{"type":"Point","coordinates":[12.577172,55.686858]},"properties":{"name":"Georg Brandes Plads (Øster Voldgade)","lines":"6A, 184, 185","arr":["6A","184","185"],"terminus":0,"mode":"bus","color":"#0059a9","colorDark":"#00294f","angle":316.7,"snapDist":1,"label":1}},{"type":"Feature","geometry":{"type":"Point","coordinates":[12.572654,55.684039]},"properties":{"name":"Nørreport St. (Nørre Voldgade)","lines":"6A, 15E, 150S, 184, 185, 350S","arr":["6A","15E","150S","184","185","350S"],"terminus":1,"mode":"bus","color":"#0059a9","colorDark":"#00294f","angle":313,"snapDist":2,"label":0}},{"type":"Feature","geometry":{"type":"Point","coordinates":[12.428013,55.705703]},"properties":{"name":"Rødovre Nord St. (Slotsherrensvej)","lines":"7A, 55E, 130","arr":["7A","55E","130"],"terminus":1,"mode":"bus","color":"#0059a9","colorDark":"#00294f","angle":33.8,"snapDist":3,"label":1}},{"type":"Feature","geometry":{"type":"Point","coordinates":[12.432536,55.704361]},"properties":{"name":"Islevdalvej (Slotsherrensvej)","lines":"7A, 130, 166","arr":["7A","130","166"],"terminus":0,"mode":"bus","color":"#0059a9","colorDark":"#00294f","angle":179.9,"snapDist":1,"label":1}},{"type":"Feature","geometry":{"type":"Point","coordinates":[12.437094,55.704421]},"properties":{"name":"Islevgård Allé (Slotsherrensvej)","lines":"7A, 166","arr":["7A","166"],"terminus":0,"mode":"bus","color":"#0059a9","colorDark":"#00294f","angle":189.8,"snapDist":0,"label":1}},{"type":"Feature","geometry":{"type":"Point","coordinates":[12.441084,55.703371]},"properties":{"name":"Madumvej (Slotsherrensvej)","lines":"7A, 166, 848","arr":["7A","166","848"],"terminus":0,"mode":"bus","color":"#0059a9","colorDark":"#00294f","angle":209.9,"snapDist":1,"label":1}},{"type":"Feature","geometry":{"type":"Point","coordinates":[12.445386,55.702434]},"properties":{"name":"Guldsmedevej (Slotsherrensvej)","lines":"7A, 166, 848","arr":["7A","166","848"],"terminus":0,"mode":"bus","color":"#0059a9","colorDark":"#00294f","angle":197.7,"snapDist":1,"label":1}},{"type":"Feature","geometry":{"type":"Point","coordinates":[12.451152,55.700802]},"properties":{"name":"Slotsherrensvej (Tårnvej)","lines":"7A, 200S","arr":["7A","200S"],"terminus":0,"mode":"bus","color":"#0059a9","colorDark":"#00294f","angle":301.3,"snapDist":1,"label":1}},{"type":"Feature","geometry":{"type":"Point","coordinates":[12.448604,55.69525]},"properties":{"name":"Fortvej (Tårnvej)","lines":"7A, 200S, 848","arr":["7A","200S","848"],"terminus":0,"mode":"bus","color":"#0059a9","colorDark":"#00294f","angle":268,"snapDist":1,"label":1}},{"type":"Feature","geometry":{"type":"Point","coordinates":[12.449408,55.690507]},"properties":{"name":"Jyllingevej (Tårnvej)","lines":"7A, 130, 131, 200S","arr":["7A","130","131","200S"],"terminus":0,"mode":"bus","color":"#0059a9","colorDark":"#00294f","angle":262.7,"snapDist":0,"label":1}},{"type":"Feature","geometry":{"type":"Point","coordinates":[12.449862,55.688464]},"properties":{"name":"Grøndalslund Kirke (Tårnvej)","lines":"7A, 130, 131","arr":["7A","130","131"],"terminus":0,"mode":"bus","color":"#0059a9","colorDark":"#00294f","angle":262.9,"snapDist":1,"label":1}},{"type":"Feature","geometry":{"type":"Point","coordinates":[12.451049,55.685465]},"properties":{"name":"Tæbyvej (Tårnvej)","lines":"7A, 130, 131, 200S, 848","arr":["7A","130","131","200S","848"],"terminus":0,"mode":"bus","color":"#0059a9","colorDark":"#00294f","angle":254.7,"snapDist":1,"label":1}},{"type":"Feature","geometry":{"type":"Point","coordinates":[12.452,55.683451]},"properties":{"name":"Kirstine Pedersens Vej (Tårnvej)","lines":"7A, 130, 131, 848","arr":["7A","130","131","848"],"terminus":0,"mode":"bus","color":"#0059a9","colorDark":"#00294f","angle":255.6,"snapDist":1,"label":1}},{"type":"Feature","geometry":{"type":"Point","coordinates":[12.452913,55.681608]},"properties":{"name":"Rødovre Rådhus (Tårnvej)","lines":"7A, 130, 131, 848","arr":["7A","130","131","848"],"terminus":0,"mode":"bus","color":"#0059a9","colorDark":"#00294f","angle":254.9,"snapDist":1,"label":1}},{"type":"Feature","geometry":{"type":"Point","coordinates":[12.45398,55.679463]},"properties":{"name":"Rødovre Centrum (Tårnvej)","lines":"7A, 130, 131, 200S, 848","arr":["7A","130","131","200S","848"],"terminus":0,"mode":"bus","color":"#0059a9","colorDark":"#00294f","angle":254.3,"snapDist":0,"label":1}},{"type":"Feature","geometry":{"type":"Point","coordinates":[12.455219,55.675186]},"properties":{"name":"Rødager Allé (Tårnvej)","lines":"7A, 130, 131, 200S","arr":["7A","130","131","200S"],"terminus":0,"mode":"bus","color":"#0059a9","colorDark":"#00294f","angle":259.7,"snapDist":1,"label":1}},{"type":"Feature","geometry":{"type":"Point","coordinates":[12.455797,55.673056]},"properties":{"name":"Valhøjs Allé (Tårnvej)","lines":"7A, 130, 131, 848","arr":["7A","130","131","848"],"terminus":0,"mode":"bus","color":"#0059a9","colorDark":"#00294f","angle":259.2,"snapDist":1,"label":1}},{"type":"Feature","geometry":{"type":"Point","coordinates":[12.459397,55.671372]},"properties":{"name":"Tårnvej (Roskildevej)","lines":"7A, 848","arr":["7A","848"],"terminus":0,"mode":"bus","color":"#0059a9","colorDark":"#00294f","angle":171.2,"snapDist":1,"label":1}},{"type":"Feature","geometry":{"type":"Point","coordinates":[12.464408,55.671818]},"properties":{"name":"Ørbygård (Roskildevej)","lines":"7A, 132, 848","arr":["7A","132","848"],"terminus":0,"mode":"bus","color":"#0059a9","colorDark":"#00294f","angle":169.7,"snapDist":2,"label":1}},{"type":"Feature","geometry":{"type":"Point","coordinates":[12.469109,55.672241]},"properties":{"name":"Randrupvej (Roskildevej)","lines":"7A, 132","arr":["7A","132"],"terminus":0,"mode":"bus","color":"#0059a9","colorDark":"#00294f","angle":171.5,"snapDist":1,"label":1}},{"type":"Feature","geometry":{"type":"Point","coordinates":[12.475151,55.672691]},"properties":{"name":"Damhustorvet (Roskildevej)","lines":"7A, 21, 22","arr":["7A","21","22"],"terminus":0,"mode":"bus","color":"#0059a9","colorDark":"#00294f","angle":177.5,"snapDist":0,"label":1}},{"type":"Feature","geometry":{"type":"Point","coordinates":[12.483242,55.67261]},"properties":{"name":"Peter Bangs Vej (Roskildevej)","lines":"7A, 21, 22","arr":["7A","21","22"],"terminus":0,"mode":"bus","color":"#0059a9","colorDark":"#00294f","angle":181.5,"snapDist":2,"label":1}},{"type":"Feature","geometry":{"type":"Point","coordinates":[12.489753,55.672498]},"properties":{"name":"Ålholm Plads (Roskildevej)","lines":"7A","arr":["7A"],"terminus":0,"mode":"bus","color":"#0059a9","colorDark":"#00294f","angle":180.3,"snapDist":3,"label":1}},{"type":"Feature","geometry":{"type":"Point","coordinates":[12.493472,55.672427]},"properties":{"name":"Ålholm St. (Roskildevej)","lines":"7A","arr":["7A"],"terminus":0,"mode":"bus","color":"#0059a9","colorDark":"#00294f","angle":182.6,"snapDist":1,"label":1}},{"type":"Feature","geometry":{"type":"Point","coordinates":[12.496091,55.672361]},"properties":{"name":"Skellet (Roskildevej)","lines":"7A, 72","arr":["7A","72"],"terminus":0,"mode":"bus","color":"#0059a9","colorDark":"#00294f","angle":178.9,"snapDist":1,"label":1}},{"type":"Feature","geometry":{"type":"Point","coordinates":[12.501824,55.672253]},"properties":{"name":"Domus Vista (Roskildevej)","lines":"7A, 72","arr":["7A","72"],"terminus":0,"mode":"bus","color":"#0059a9","colorDark":"#00294f","angle":180.2,"snapDist":2,"label":1}},{"type":"Feature","geometry":{"type":"Point","coordinates":[12.507196,55.672172]},"properties":{"name":"Dalgas Boulevard (Roskildevej)","lines":"7A, 72","arr":["7A","72"],"terminus":0,"mode":"bus","color":"#0059a9","colorDark":"#00294f","angle":180.3,"snapDist":0,"label":1}},{"type":"Feature","geometry":{"type":"Point","coordinates":[12.510104,55.672125]},"properties":{"name":"Solbjerg Kirkegård (Roskildevej)","lines":"7A, 72","arr":["7A","72"],"terminus":0,"mode":"bus","color":"#0059a9","colorDark":"#00294f","angle":182.3,"snapDist":5,"label":1}},{"type":"Feature","geometry":{"type":"Point","coordinates":[12.518901,55.671917]},"properties":{"name":"Søndre Fasanvej (Roskildevej)","lines":"7A, 72","arr":["7A","72"],"terminus":0,"mode":"bus","color":"#0059a9","colorDark":"#00294f","angle":191.5,"snapDist":1,"label":1}},{"type":"Feature","geometry":{"type":"Point","coordinates":[12.52371,55.671443]},"properties":{"name":"Zoologisk Have (Roskildevej)","lines":"7A, 72","arr":["7A","72"],"terminus":0,"mode":"bus","color":"#0059a9","colorDark":"#00294f","angle":190.7,"snapDist":1,"label":1}},{"type":"Feature","geometry":{"type":"Point","coordinates":[12.531376,55.671627]},"properties":{"name":"De Små Haver (Pile Allé)","lines":"7A, 72","arr":["7A","72"],"terminus":0,"mode":"bus","color":"#0059a9","colorDark":"#00294f","angle":99.7,"snapDist":2,"label":1}},{"type":"Feature","geometry":{"type":"Point","coordinates":[12.532895,55.674694]},"properties":{"name":"Frederiksberg Runddel (Frederiksberg Allé)","lines":"7A","arr":["7A"],"terminus":0,"mode":"bus","color":"#0059a9","colorDark":"#00294f","angle":191.6,"snapDist":0,"label":1}},{"type":"Feature","geometry":{"type":"Point","coordinates":[12.537075,55.674272]},"properties":{"name":"Frydendalsvej (Frederiksberg Allé)","lines":"7A","arr":["7A"],"terminus":0,"mode":"bus","color":"#0059a9","colorDark":"#00294f","angle":190.1,"snapDist":0,"label":1}},{"type":"Feature","geometry":{"type":"Point","coordinates":[12.540893,55.67389]},"properties":{"name":"Frederiksberg Allé St. (Frederiksberg Allé)","lines":"7A","arr":["7A"],"terminus":0,"mode":"bus","color":"#0059a9","colorDark":"#00294f","angle":190.4,"snapDist":1,"label":1}},{"type":"Feature","geometry":{"type":"Point","coordinates":[12.545133,55.67346]},"properties":{"name":"Kingosgade (Frederiksberg Allé)","lines":"7A","arr":["7A"],"terminus":0,"mode":"bus","color":"#0059a9","colorDark":"#00294f","angle":189.9,"snapDist":1,"label":1}},{"type":"Feature","geometry":{"type":"Point","coordinates":[12.551174,55.672712]},"properties":{"name":"Frederiksberg Allé (Vesterbrogade)","lines":"7A, 26","arr":["7A","26"],"terminus":0,"mode":"bus","color":"#0059a9","colorDark":"#00294f","angle":173.9,"snapDist":0,"label":1}},{"type":"Feature","geometry":{"type":"Point","coordinates":[12.554441,55.672433]},"properties":{"name":"Vesterbros Torv (Vesterbrogade)","lines":"7A, 26","arr":["7A","26"],"terminus":0,"mode":"bus","color":"#0059a9","colorDark":"#00294f","angle":191.5,"snapDist":1,"label":1}},{"type":"Feature","geometry":{"type":"Point","coordinates":[12.560356,55.673265]},"properties":{"name":"Trommesalen (Vesterbrogade)","lines":"7A, 26","arr":["7A","26"],"terminus":0,"mode":"bus","color":"#0059a9","colorDark":"#00294f","angle":159.9,"snapDist":0,"label":1}},{"type":"Feature","geometry":{"type":"Point","coordinates":[12.563486,55.674155]},"properties":{"name":"Hovedbanegården, Frihedsstøtten (Vesterbrogade)","lines":"7A, 26","arr":["7A","26"],"terminus":1,"mode":"bus","color":"#0059a9","colorDark":"#00294f","angle":148.4,"snapDist":1,"label":1}},{"type":"Feature","geometry":{"type":"Point","coordinates":[12.561879,55.673781]},"properties":{"name":"Hovedbanegården, Frihedsstøtten (Vesterbrogade)","lines":"7A, 26","arr":["7A","26"],"terminus":0,"mode":"bus","color":"#0059a9","colorDark":"#00294f","angle":329,"snapDist":1,"label":0}},{"type":"Feature","geometry":{"type":"Point","coordinates":[12.554863,55.672427]},"properties":{"name":"Vesterbros Torv (Vesterbrogade)","lines":"7A, 26","arr":["7A","26"],"terminus":0,"mode":"bus","color":"#0059a9","colorDark":"#00294f","angle":12.1,"snapDist":3,"label":0}},{"type":"Feature","geometry":{"type":"Point","coordinates":[12.54939,55.672531]},"properties":{"name":"Frederiksberg Allé (Vesterbrogade)","lines":"7A, 26","arr":["7A","26"],"terminus":0,"mode":"bus","color":"#0059a9","colorDark":"#00294f","angle":335.4,"snapDist":2,"label":0}},{"type":"Feature","geometry":{"type":"Point","coordinates":[12.546407,55.671786]},"properties":{"name":"Kingosgade (Vesterbrogade)","lines":"7A, 26","arr":["7A","26"],"terminus":0,"mode":"bus","color":"#0059a9","colorDark":"#00294f","angle":337.7,"snapDist":1,"label":1}},{"type":"Feature","geometry":{"type":"Point","coordinates":[12.538734,55.670272]},"properties":{"name":"Platanvej (Vesterbrogade)","lines":"7A, 26","arr":["7A","26"],"terminus":0,"mode":"bus","color":"#0059a9","colorDark":"#00294f","angle":6.9,"snapDist":1,"label":1}},{"type":"Feature","geometry":{"type":"Point","coordinates":[12.534135,55.67061]},"properties":{"name":"Barfods Skole (Vesterbrogade)","lines":"7A, 26","arr":["7A","26"],"terminus":0,"mode":"bus","color":"#0059a9","colorDark":"#00294f","angle":7.6,"snapDist":0,"label":1}},{"type":"Feature","geometry":{"type":"Point","coordinates":[12.531018,55.670371]},"properties":{"name":"De Små Haver (Pile Allé)","lines":"7A, 26","arr":["7A","26"],"terminus":0,"mode":"bus","color":"#0059a9","colorDark":"#00294f","angle":279,"snapDist":0,"label":0}},{"type":"Feature","geometry":{"type":"Point","coordinates":[12.517623,55.672033]},"properties":{"name":"Søndre Fasanvej (Roskildevej)","lines":"7A","arr":["7A"],"terminus":0,"mode":"bus","color":"#0059a9","colorDark":"#00294f","angle":5.7,"snapDist":3,"label":0}},{"type":"Feature","geometry":{"type":"Point","coordinates":[12.50985,55.672131]},"properties":{"name":"Solbjerg Kirkegård (Roskildevej)","lines":"7A","arr":["7A"],"terminus":0,"mode":"bus","color":"#0059a9","colorDark":"#00294f","angle":2.3,"snapDist":4,"label":0}},{"type":"Feature","geometry":{"type":"Point","coordinates":[12.505789,55.672284]},"properties":{"name":"Dalgas Boulevard (Roskildevej)","lines":"7A","arr":["7A"],"terminus":0,"mode":"bus","color":"#0059a9","colorDark":"#00294f","angle":0.8,"snapDist":1,"label":0}},{"type":"Feature","geometry":{"type":"Point","coordinates":[12.500341,55.672377]},"properties":{"name":"Domus Vista (Roskildevej)","lines":"7A","arr":["7A"],"terminus":0,"mode":"bus","color":"#0059a9","colorDark":"#00294f","angle":2.4,"snapDist":1,"label":0}},{"type":"Feature","geometry":{"type":"Point","coordinates":[12.494782,55.672487]},"properties":{"name":"Skellet (Roskildevej)","lines":"7A","arr":["7A"],"terminus":0,"mode":"bus","color":"#0059a9","colorDark":"#00294f","angle":2.7,"snapDist":0,"label":0}},{"type":"Feature","geometry":{"type":"Point","coordinates":[12.493131,55.672529]},"properties":{"name":"Ålholm St. (Roskildevej)","lines":"7A","arr":["7A"],"terminus":0,"mode":"bus","color":"#0059a9","colorDark":"#00294f","angle":2.2,"snapDist":1,"label":0}},{"type":"Feature","geometry":{"type":"Point","coordinates":[12.487856,55.672625]},"properties":{"name":"Ålholm Plads (Roskildevej)","lines":"7A, 21, 22","arr":["7A","21","22"],"terminus":0,"mode":"bus","color":"#0059a9","colorDark":"#00294f","angle":0.7,"snapDist":1,"label":0}},{"type":"Feature","geometry":{"type":"Point","coordinates":[12.483805,55.672682]},"properties":{"name":"Peter Bangs Vej (Roskildevej)","lines":"7A, 21, 22","arr":["7A","21","22"],"terminus":0,"mode":"bus","color":"#0059a9","colorDark":"#00294f","angle":1.8,"snapDist":1,"label":0}},{"type":"Feature","geometry":{"type":"Point","coordinates":[12.472103,55.672584]},"properties":{"name":"Damhustorvet (Roskildevej)","lines":"7A, 132","arr":["7A","132"],"terminus":0,"mode":"bus","color":"#0059a9","colorDark":"#00294f","angle":351.9,"snapDist":0,"label":0}},{"type":"Feature","geometry":{"type":"Point","coordinates":[12.467053,55.672141]},"properties":{"name":"Randrupvej (Roskildevej)","lines":"7A, 132","arr":["7A","132"],"terminus":0,"mode":"bus","color":"#0059a9","colorDark":"#00294f","angle":350.5,"snapDist":0,"label":0}},{"type":"Feature","geometry":{"type":"Point","coordinates":[12.462721,55.671764]},"properties":{"name":"Ørbygård (Roskildevej)","lines":"7A","arr":["7A"],"terminus":0,"mode":"bus","color":"#0059a9","colorDark":"#00294f","angle":350.8,"snapDist":0,"label":0}},{"type":"Feature","geometry":{"type":"Point","coordinates":[12.456384,55.671629]},"properties":{"name":"Roskildevej (Tårnvej)","lines":"7A, 130, 131, 200S, 848","arr":["7A","130","131","200S","848"],"terminus":0,"mode":"bus","color":"#0059a9","colorDark":"#00294f","angle":79.3,"snapDist":1,"label":1}},{"type":"Feature","geometry":{"type":"Point","coordinates":[12.455799,55.673738]},"properties":{"name":"Valhøjs Allé (Tårnvej)","lines":"7A, 130, 131","arr":["7A","130","131"],"terminus":0,"mode":"bus","color":"#0059a9","colorDark":"#00294f","angle":79.4,"snapDist":0,"label":0}},{"type":"Feature","geometry":{"type":"Point","coordinates":[12.455077,55.676526]},"properties":{"name":"Rødager Allé (Tårnvej)","lines":"7A, 130, 131, 200S, 848","arr":["7A","130","131","200S","848"],"terminus":0,"mode":"bus","color":"#0059a9","colorDark":"#00294f","angle":83.6,"snapDist":1,"label":0}},{"type":"Feature","geometry":{"type":"Point","coordinates":[12.454111,55.679604]},"properties":{"name":"Rødovre Centrum (Tårnvej)","lines":"7A, 130, 131, 200S, 848","arr":["7A","130","131","200S","848"],"terminus":0,"mode":"bus","color":"#0059a9","colorDark":"#00294f","angle":74,"snapDist":0,"label":0}},{"type":"Feature","geometry":{"type":"Point","coordinates":[12.453299,55.681171]},"properties":{"name":"Rødovre Rådhus (Tårnvej)","lines":"7A, 130, 131, 848","arr":["7A","130","131","848"],"terminus":0,"mode":"bus","color":"#0059a9","colorDark":"#00294f","angle":73,"snapDist":0,"label":0}},{"type":"Feature","geometry":{"type":"Point","coordinates":[12.452274,55.683292]},"properties":{"name":"Kirstine Pedersens Vej (Tårnvej)","lines":"7A, 130, 131, 848","arr":["7A","130","131","848"],"terminus":0,"mode":"bus","color":"#0059a9","colorDark":"#00294f","angle":73,"snapDist":2,"label":0}},{"type":"Feature","geometry":{"type":"Point","coordinates":[12.450917,55.686111]},"properties":{"name":"Tæbyvej (Tårnvej)","lines":"7A, 130, 131, 200S","arr":["7A","130","131","200S"],"terminus":0,"mode":"bus","color":"#0059a9","colorDark":"#00294f","angle":71.9,"snapDist":0,"label":0}},{"type":"Feature","geometry":{"type":"Point","coordinates":[12.449988,55.688602]},"properties":{"name":"Grøndalslund Kirke (Tårnvej)","lines":"7A, 130, 131","arr":["7A","130","131"],"terminus":0,"mode":"bus","color":"#0059a9","colorDark":"#00294f","angle":83.7,"snapDist":0,"label":0}},{"type":"Feature","geometry":{"type":"Point","coordinates":[12.449243,55.692253]},"properties":{"name":"Jyllingevej (Tårnvej)","lines":"7A, 200S, 848","arr":["7A","200S","848"],"terminus":0,"mode":"bus","color":"#0059a9","colorDark":"#00294f","angle":75,"snapDist":1,"label":0}},{"type":"Feature","geometry":{"type":"Point","coordinates":[12.448706,55.696092]},"properties":{"name":"Fortvej (Tårnvej)","lines":"7A, 200S","arr":["7A","200S"],"terminus":0,"mode":"bus","color":"#0059a9","colorDark":"#00294f","angle":86.2,"snapDist":0,"label":0}},{"type":"Feature","geometry":{"type":"Point","coordinates":[12.451407,55.701528]},"properties":{"name":"Tårnvej (Slotsherrensvej)","lines":"7A, 12, 166, 848","arr":["7A","12","166","848"],"terminus":0,"mode":"bus","color":"#0059a9","colorDark":"#00294f","angle":10.7,"snapDist":1,"label":1}},{"type":"Feature","geometry":{"type":"Point","coordinates":[12.445751,55.702512]},"properties":{"name":"Guldsmedevej (Slotsherrensvej)","lines":"7A, 166, 848","arr":["7A","166","848"],"terminus":0,"mode":"bus","color":"#0059a9","colorDark":"#00294f","angle":17.6,"snapDist":1,"label":0}},{"type":"Feature","geometry":{"type":"Point","coordinates":[12.439956,55.703901]},"properties":{"name":"Madumvej (Slotsherrensvej)","lines":"7A, 166","arr":["7A","166"],"terminus":0,"mode":"bus","color":"#0059a9","colorDark":"#00294f","angle":30.8,"snapDist":1,"label":0}},{"type":"Feature","geometry":{"type":"Point","coordinates":[12.43587,55.704582]},"properties":{"name":"Islevgård Allé (Slotsherrensvej)","lines":"7A, 130, 166","arr":["7A","130","166"],"terminus":0,"mode":"bus","color":"#0059a9","colorDark":"#00294f","angle":356.8,"snapDist":2,"label":0}},{"type":"Feature","geometry":{"type":"Point","coordinates":[12.431322,55.704546]},"properties":{"name":"Islevdalvej (Slotsherrensvej)","lines":"7A, 130","arr":["7A","130"],"terminus":0,"mode":"bus","color":"#0059a9","colorDark":"#00294f","angle":9.1,"snapDist":2,"label":0}},{"type":"Feature","geometry":{"type":"Point","coordinates":[12.616963,55.661194]},"properties":{"name":"Lergravsparken St., Sløjfen (Østrigsgade)","lines":"8A","arr":["8A"],"terminus":1,"mode":"bus","color":"#0059a9","colorDark":"#00294f","angle":69.7,"snapDist":3,"label":1}},{"type":"Feature","geometry":{"type":"Point","coordinates":[12.614378,55.660046]},"properties":{"name":"Øresundsvej (Kastrupvej)","lines":"8A","arr":["8A"],"terminus":0,"mode":"bus","color":"#0059a9","colorDark":"#00294f","angle":250,"snapDist":2,"label":1}},{"type":"Feature","geometry":{"type":"Point","coordinates":[12.616358,55.657076]},"properties":{"name":"Sundby Kirkegård (Kastrupvej)","lines":"8A","arr":["8A"],"terminus":0,"mode":"bus","color":"#0059a9","colorDark":"#00294f","angle":249.6,"snapDist":3,"label":1}},{"type":"Feature","geometry":{"type":"Point","coordinates":[12.619045,55.653934]},"properties":{"name":"Amager Hospital (Kastrupvej)","lines":"8A","arr":["8A"],"terminus":0,"mode":"bus","color":"#0059a9","colorDark":"#00294f","angle":247.5,"snapDist":1,"label":1}},{"type":"Feature","geometry":{"type":"Point","coordinates":[12.62063,55.651172]},"properties":{"name":"Persiensvej (Kastrupvej)","lines":"8A","arr":["8A"],"terminus":0,"mode":"bus","color":"#0059a9","colorDark":"#00294f","angle":257.8,"snapDist":1,"label":1}},{"type":"Feature","geometry":{"type":"Point","coordinates":[12.623425,55.64668]},"properties":{"name":"Kastrupvej (Wibrandtsvej)","lines":"8A, 78","arr":["8A","78"],"terminus":0,"mode":"bus","color":"#0059a9","colorDark":"#00294f","angle":343.7,"snapDist":2,"label":1}},{"type":"Feature","geometry":{"type":"Point","coordinates":[12.614605,55.645737]},"properties":{"name":"Sundbyvester Plads (Amagerbrogade)","lines":"8A","arr":["8A"],"terminus":0,"mode":"bus","color":"#0059a9","colorDark":"#00294f","angle":255.8,"snapDist":1,"label":0}},{"type":"Feature","geometry":{"type":"Point","coordinates":[12.606083,55.642853]},"properties":{"name":"Irlandsvej (Vejlands Allé)","lines":"8A","arr":["8A"],"terminus":0,"mode":"bus","color":"#0059a9","colorDark":"#00294f","angle":355.2,"snapDist":2,"label":1}},{"type":"Feature","geometry":{"type":"Point","coordinates":[12.597583,55.642555]},"properties":{"name":"Englandsvej (Vejlands Allé)","lines":"8A, 33, 34","arr":["8A","33","34"],"terminus":0,"mode":"bus","color":"#0059a9","colorDark":"#00294f","angle":360,"snapDist":3,"label":1}},{"type":"Feature","geometry":{"type":"Point","coordinates":[12.590845,55.642498]},"properties":{"name":"Røde Mellemvej (Vejlands Allé)","lines":"8A, 34","arr":["8A","34"],"terminus":0,"mode":"bus","color":"#0059a9","colorDark":"#00294f","angle":348,"snapDist":2,"label":1}},{"type":"Feature","geometry":{"type":"Point","coordinates":[12.586892,55.641504]},"properties":{"name":"Digevej (Vejlands Allé)","lines":"8A, 34, 77","arr":["8A","34","77"],"terminus":1,"mode":"bus","color":"#0059a9","colorDark":"#00294f","angle":334.9,"snapDist":1,"label":1}},{"type":"Feature","geometry":{"type":"Point","coordinates":[12.581535,55.638468]},"properties":{"name":"Bella Center St. (Martha Christensens Vej)","lines":"8A, 34, 68","arr":["8A","34","68"],"terminus":1,"mode":"bus","color":"#0059a9","colorDark":"#00294f","angle":51.9,"snapDist":1,"label":1}},{"type":"Feature","geometry":{"type":"Point","coordinates":[12.576213,55.639569]},"properties":{"name":"Bella Center, Indgang Vest","lines":"8A, 68","arr":["8A","68"],"terminus":0,"mode":"bus","color":"#0059a9","colorDark":"#00294f","angle":12.8,"snapDist":5,"label":1}},{"type":"Feature","geometry":{"type":"Point","coordinates":[12.574781,55.641102]},"properties":{"name":"Center Boulevard (Vejlands Allé)","lines":"8A, 68, 77","arr":["8A","68","77"],"terminus":0,"mode":"bus","color":"#0059a9","colorDark":"#00294f","angle":5.3,"snapDist":1,"label":1}},{"type":"Feature","geometry":{"type":"Point","coordinates":[12.562688,55.641518]},"properties":{"name":"Artillerivej (Vejlands Allé)","lines":"8A","arr":["8A"],"terminus":0,"mode":"bus","color":"#0059a9","colorDark":"#00294f","angle":354,"snapDist":0,"label":1}},{"type":"Feature","geometry":{"type":"Point","coordinates":[12.553505,55.641039]},"properties":{"name":"Ved Slusen (Sjællandsbroen)","lines":"8A","arr":["8A"],"terminus":0,"mode":"bus","color":"#0059a9","colorDark":"#00294f","angle":11,"snapDist":1,"label":1}},{"type":"Feature","geometry":{"type":"Point","coordinates":[12.544947,55.644035]},"properties":{"name":"Sluseholmen (Sjællandsbroen)","lines":"8A","arr":["8A"],"terminus":0,"mode":"bus","color":"#0059a9","colorDark":"#00294f","angle":51,"snapDist":1,"label":1}},{"type":"Feature","geometry":{"type":"Point","coordinates":[12.541249,55.646699]},"properties":{"name":"Sluseholmen St. (Borgm. Christiansens Gade)","lines":"8A, 17","arr":["8A","17"],"terminus":0,"mode":"bus","color":"#0059a9","colorDark":"#00294f","angle":31.3,"snapDist":0,"label":1}},{"type":"Feature","geometry":{"type":"Point","coordinates":[12.533603,55.649341]},"properties":{"name":"Mozarts Plads St. (Borgm. Christiansens Gade)","lines":"8A","arr":["8A"],"terminus":0,"mode":"bus","color":"#0059a9","colorDark":"#00294f","angle":29.1,"snapDist":3,"label":1}},{"type":"Feature","geometry":{"type":"Point","coordinates":[12.528882,55.649895]},"properties":{"name":"Ellebjergvej (Borgm. Christiansens Gade)","lines":"8A, 17","arr":["8A","17"],"terminus":0,"mode":"bus","color":"#0059a9","colorDark":"#00294f","angle":13.1,"snapDist":1,"label":1}},{"type":"Feature","geometry":{"type":"Point","coordinates":[12.527449,55.652133]},"properties":{"name":"Sjælør St. (Sjælør Boulevard)","lines":"8A, 17","arr":["8A","17"],"terminus":0,"mode":"bus","color":"#0059a9","colorDark":"#00294f","angle":81.2,"snapDist":0,"label":1}},{"type":"Feature","geometry":{"type":"Point","coordinates":[12.524922,55.660866]},"properties":{"name":"Sjælør Boulevard 167 (Sjælør Boulevard)","lines":"8A","arr":["8A"],"terminus":0,"mode":"bus","color":"#0059a9","colorDark":"#00294f","angle":80.8,"snapDist":1,"label":1}},{"type":"Feature","geometry":{"type":"Point","coordinates":[12.523207,55.662469]},"properties":{"name":"Sjælør Boulevard (Vigerslev Allé)","lines":"8A, 11","arr":["8A","11"],"terminus":0,"mode":"bus","color":"#0059a9","colorDark":"#00294f","angle":353,"snapDist":1,"label":0}},{"type":"Feature","geometry":{"type":"Point","coordinates":[12.518303,55.661725]},"properties":{"name":"Toftegårds Plads (Vigerslev Allé)","lines":"8A, 11","arr":["8A","11"],"terminus":0,"mode":"bus","color":"#0059a9","colorDark":"#00294f","angle":0.7,"snapDist":2,"label":1}},{"type":"Feature","geometry":{"type":"Point","coordinates":[12.513541,55.663359]},"properties":{"name":"Valby St., Lyshøjgårdsvej (Lyshøjgårdsvej)","lines":"8A, 18, 23, 133","arr":["8A","18","23","133"],"terminus":1,"mode":"bus","color":"#0059a9","colorDark":"#00294f","angle":358.7,"snapDist":1,"label":1}},{"type":"Feature","geometry":{"type":"Point","coordinates":[12.511801,55.66353]},"properties":{"name":"Valby St., Lyshøjgårdsvej (Lyshøjgårdsvej)","lines":"8A, 18, 23, 133","arr":["8A","18","23","133"],"terminus":1,"mode":"bus","color":"#0059a9","colorDark":"#00294f","angle":183.5,"snapDist":4,"label":0}},{"type":"Feature","geometry":{"type":"Point","coordinates":[12.515687,55.663449]},"properties":{"name":"Valby St., Lyshøjgårdsvej (Lyshøjgårdsvej)","lines":"8A, 23, 133","arr":["8A","23","133"],"terminus":0,"mode":"bus","color":"#0059a9","colorDark":"#00294f","angle":175.6,"snapDist":1,"label":0}},{"type":"Feature","geometry":{"type":"Point","coordinates":[12.518404,55.661628]},"properties":{"name":"Toftegårds Plads (Vigerslev Allé)","lines":"8A, 11","arr":["8A","11"],"terminus":0,"mode":"bus","color":"#0059a9","colorDark":"#00294f","angle":178,"snapDist":0,"label":0}},{"type":"Feature","geometry":{"type":"Point","coordinates":[12.527604,55.651581]},"properties":{"name":"Sjælør St. (Sjælør Boulevard)","lines":"8A, 17","arr":["8A","17"],"terminus":0,"mode":"bus","color":"#0059a9","colorDark":"#00294f","angle":260.9,"snapDist":1,"label":0}},{"type":"Feature","geometry":{"type":"Point","coordinates":[12.528491,55.649966]},"properties":{"name":"Ellebjergvej (Borgm. Christiansens Gade)","lines":"8A, 17","arr":["8A","17"],"terminus":0,"mode":"bus","color":"#0059a9","colorDark":"#00294f","angle":206.4,"snapDist":0,"label":0}},{"type":"Feature","geometry":{"type":"Point","coordinates":[12.535459,55.648718]},"properties":{"name":"Mozarts Plads St. (Borgm. Christiansens Gade)","lines":"8A, 17","arr":["8A","17"],"terminus":0,"mode":"bus","color":"#0059a9","colorDark":"#00294f","angle":214.2,"snapDist":5,"label":0}},{"type":"Feature","geometry":{"type":"Point","coordinates":[12.542848,55.645668]},"properties":{"name":"Sluseholmen St. (Sjællandsbroen)","lines":"8A, 17","arr":["8A","17"],"terminus":0,"mode":"bus","color":"#0059a9","colorDark":"#00294f","angle":239.4,"snapDist":3,"label":1}},{"type":"Feature","geometry":{"type":"Point","coordinates":[12.546005,55.643267]},"properties":{"name":"Sluseholmen (Sjællandsbroen)","lines":"8A","arr":["8A"],"terminus":0,"mode":"bus","color":"#0059a9","colorDark":"#00294f","angle":221,"snapDist":0,"label":0}},{"type":"Feature","geometry":{"type":"Point","coordinates":[12.554412,55.640879]},"properties":{"name":"Ved Slusen (Sjællandsbroen)","lines":"8A","arr":["8A"],"terminus":0,"mode":"bus","color":"#0059a9","colorDark":"#00294f","angle":187.4,"snapDist":1,"label":0}},{"type":"Feature","geometry":{"type":"Point","coordinates":[12.564638,55.641426]},"properties":{"name":"Artillerivej (Vejlands Allé)","lines":"8A, 68, 77","arr":["8A","68","77"],"terminus":0,"mode":"bus","color":"#0059a9","colorDark":"#00294f","angle":178.1,"snapDist":2,"label":0}},{"type":"Feature","geometry":{"type":"Point","coordinates":[12.576636,55.639517]},"properties":{"name":"Bella Center, Indgang Vest","lines":"8A","arr":["8A"],"terminus":0,"mode":"bus","color":"#0059a9","colorDark":"#00294f","angle":192.5,"snapDist":5,"label":0}},{"type":"Feature","geometry":{"type":"Point","coordinates":[12.581939,55.638178]},"properties":{"name":"Bella Center St. (Martha Christensens Vej)","lines":"8A, 34","arr":["8A","34"],"terminus":1,"mode":"bus","color":"#0059a9","colorDark":"#00294f","angle":231.9,"snapDist":1,"label":0}},{"type":"Feature","geometry":{"type":"Point","coordinates":[12.586776,55.641334]},"properties":{"name":"Digevej (Vejlands Allé)","lines":"8A, 34, 77","arr":["8A","34","77"],"terminus":1,"mode":"bus","color":"#0059a9","colorDark":"#00294f","angle":155.8,"snapDist":3,"label":0}},{"type":"Feature","geometry":{"type":"Point","coordinates":[12.592104,55.642432]},"properties":{"name":"Røde Mellemvej (Vejlands Allé)","lines":"8A, 33, 34","arr":["8A","33","34"],"terminus":0,"mode":"bus","color":"#0059a9","colorDark":"#00294f","angle":179.7,"snapDist":0,"label":0}},{"type":"Feature","geometry":{"type":"Point","coordinates":[12.599603,55.642547]},"properties":{"name":"Englandsvej (Vejlands Allé)","lines":"8A","arr":["8A"],"terminus":0,"mode":"bus","color":"#0059a9","colorDark":"#00294f","angle":175.6,"snapDist":0,"label":0}},{"type":"Feature","geometry":{"type":"Point","coordinates":[12.607361,55.642929]},"properties":{"name":"Irlandsvej (Vejlands Allé)","lines":"8A","arr":["8A"],"terminus":0,"mode":"bus","color":"#0059a9","colorDark":"#00294f","angle":170.4,"snapDist":1,"label":0}},{"type":"Feature","geometry":{"type":"Point","coordinates":[12.614539,55.645883]},"properties":{"name":"Sundbyvester Plads (Amagerbrogade)","lines":"8A","arr":["8A"],"terminus":0,"mode":"bus","color":"#0059a9","colorDark":"#00294f","angle":75.8,"snapDist":1,"label":0}},{"type":"Feature","geometry":{"type":"Point","coordinates":[12.623229,55.647212]},"properties":{"name":"Wibrandtsvej (Kastrupvej)","lines":"8A","arr":["8A"],"terminus":0,"mode":"bus","color":"#0059a9","colorDark":"#00294f","angle":39.7,"snapDist":3,"label":1}},{"type":"Feature","geometry":{"type":"Point","coordinates":[12.62063,55.651172]},"properties":{"name":"Persiensvej (Kastrupvej)","lines":"8A","arr":["8A"],"terminus":0,"mode":"bus","color":"#0059a9","colorDark":"#00294f","angle":77.8,"snapDist":1,"label":0}},{"type":"Feature","geometry":{"type":"Point","coordinates":[12.619023,55.653963]},"properties":{"name":"Amager Hospital (Kastrupvej)","lines":"8A","arr":["8A"],"terminus":0,"mode":"bus","color":"#0059a9","colorDark":"#00294f","angle":67.5,"snapDist":1,"label":0}},{"type":"Feature","geometry":{"type":"Point","coordinates":[12.616593,55.656719]},"properties":{"name":"Sundby Kirkegård (Kastrupvej)","lines":"8A","arr":["8A"],"terminus":0,"mode":"bus","color":"#0059a9","colorDark":"#00294f","angle":69.6,"snapDist":3,"label":0}},{"type":"Feature","geometry":{"type":"Point","coordinates":[12.499897,55.640334]},"properties":{"name":"Åmarken St., ved broen (Åmarkvej)","lines":"10","arr":["10"],"terminus":1,"mode":"bus","color":"#0059a9","colorDark":"#00294f","angle":31,"snapDist":0,"label":1}},{"type":"Feature","geometry":{"type":"Point","coordinates":[12.500891,55.643092]},"properties":{"name":"Urtehaven (Vigerslevvej)","lines":"10","arr":["10"],"terminus":0,"mode":"bus","color":"#0059a9","colorDark":"#00294f","angle":45,"snapDist":0,"label":1}},{"type":"Feature","geometry":{"type":"Point","coordinates":[12.496612,55.6457]},"properties":{"name":"Stakhaven (Vigerslevvej)","lines":"10","arr":["10"],"terminus":0,"mode":"bus","color":"#0059a9","colorDark":"#00294f","angle":48.7,"snapDist":1,"label":1}},{"type":"Feature","geometry":{"type":"Point","coordinates":[12.493467,55.647781]},"properties":{"name":"Kirsebærhaven (Vigerslevvej)","lines":"10","arr":["10"],"terminus":0,"mode":"bus","color":"#0059a9","colorDark":"#00294f","angle":48.8,"snapDist":0,"label":1}},{"type":"Feature","geometry":{"type":"Point","coordinates":[12.491256,55.649561]},"properties":{"name":"Åhaven (Vigerslevvej)","lines":"10","arr":["10"],"terminus":0,"mode":"bus","color":"#0059a9","colorDark":"#00294f","angle":59.7,"snapDist":0,"label":1}},{"type":"Feature","geometry":{"type":"Point","coordinates":[12.488956,55.652096]},"properties":{"name":"Folehaven (Vigerslevvej)","lines":"10","arr":["10"],"terminus":0,"mode":"bus","color":"#0059a9","colorDark":"#00294f","angle":64.2,"snapDist":1,"label":0}},{"type":"Feature","geometry":{"type":"Point","coordinates":[12.486118,55.655527]},"properties":{"name":"Vigerslev Allé (Vigerslevvej)","lines":"10","arr":["10"],"terminus":0,"mode":"bus","color":"#0059a9","colorDark":"#00294f","angle":71.6,"snapDist":0,"label":1}},{"type":"Feature","geometry":{"type":"Point","coordinates":[12.484141,55.659316]},"properties":{"name":"Lykkebovej (Vigerslevvej)","lines":"10","arr":["10"],"terminus":0,"mode":"bus","color":"#0059a9","colorDark":"#00294f","angle":76.1,"snapDist":1,"label":1}},{"type":"Feature","geometry":{"type":"Point","coordinates":[12.483294,55.66129]},"properties":{"name":"Landlystvej (Vigerslevvej)","lines":"10","arr":["10"],"terminus":0,"mode":"bus","color":"#0059a9","colorDark":"#00294f","angle":77.3,"snapDist":1,"label":1}},{"type":"Feature","geometry":{"type":"Point","coordinates":[12.484011,55.665171]},"properties":{"name":"Hansstedvej (Vigerslevvej)","lines":"10","arr":["10"],"terminus":0,"mode":"bus","color":"#0059a9","colorDark":"#00294f","angle":126.5,"snapDist":0,"label":1}},{"type":"Feature","geometry":{"type":"Point","coordinates":[12.487175,55.667686]},"properties":{"name":"Maribovej (Vigerslevvej)","lines":"10","arr":["10"],"terminus":0,"mode":"bus","color":"#0059a9","colorDark":"#00294f","angle":124.6,"snapDist":1,"label":1}},{"type":"Feature","geometry":{"type":"Point","coordinates":[12.489969,55.670545]},"properties":{"name":"Vigerslevvej (Ålholmvej)","lines":"10, 26","arr":["10","26"],"terminus":0,"mode":"bus","color":"#0059a9","colorDark":"#00294f","angle":53.7,"snapDist":1,"label":1}},{"type":"Feature","geometry":{"type":"Point","coordinates":[12.488671,55.673221]},"properties":{"name":"Ålholm Plads (Ålholmvej)","lines":"10, 21, 22, 26","arr":["10","21","22","26"],"terminus":0,"mode":"bus","color":"#0059a9","colorDark":"#00294f","angle":89.7,"snapDist":1,"label":1}},{"type":"Feature","geometry":{"type":"Point","coordinates":[12.486075,55.677472]},"properties":{"name":"Peter Bangs Vej (Ålekistevej)","lines":"10, 22","arr":["10","22"],"terminus":0,"mode":"bus","color":"#0059a9","colorDark":"#00294f","angle":44.9,"snapDist":3,"label":1}},{"type":"Feature","geometry":{"type":"Point","coordinates":[12.484966,55.679422]},"properties":{"name":"Åbjergvej (Ålekistevej)","lines":"10, 22","arr":["10","22"],"terminus":0,"mode":"bus","color":"#0059a9","colorDark":"#00294f","angle":78.1,"snapDist":0,"label":1}},{"type":"Feature","geometry":{"type":"Point","coordinates":[12.483828,55.68291]},"properties":{"name":"Hyltebjerg Allé (Ålekistevej)","lines":"10, 22","arr":["10","22"],"terminus":0,"mode":"bus","color":"#0059a9","colorDark":"#00294f","angle":79.6,"snapDist":1,"label":1}},{"type":"Feature","geometry":{"type":"Point","coordinates":[12.484176,55.684925]},"properties":{"name":"Helga Larsens Plads (Jydeholmen)","lines":"10, 22, 31, 142","arr":["10","22","31","142"],"terminus":0,"mode":"bus","color":"#0059a9","colorDark":"#00294f","angle":169.5,"snapDist":1,"label":1}},{"type":"Feature","geometry":{"type":"Point","coordinates":[12.490402,55.686102]},"properties":{"name":"Vanløse St., Jydeholmen (Jydeholmen)","lines":"10, 22, 31, 142","arr":["10","22","31","142"],"terminus":0,"mode":"bus","color":"#0059a9","colorDark":"#00294f","angle":157.6,"snapDist":1,"label":1}},{"type":"Feature","geometry":{"type":"Point","coordinates":[12.494149,55.684241]},"properties":{"name":"Jernbane Allé (Grøndals Parkvej)","lines":"10, 21, 26","arr":["10","21","26"],"terminus":0,"mode":"bus","color":"#0059a9","colorDark":"#00294f","angle":130.6,"snapDist":2,"label":1}},{"type":"Feature","geometry":{"type":"Point","coordinates":[12.498604,55.686303]},"properties":{"name":"Flintholm St. (Grøndals Parkvej)","lines":"10, 19, 21, 26","arr":["10","19","21","26"],"terminus":0,"mode":"bus","color":"#0059a9","colorDark":"#00294f","angle":136.6,"snapDist":2,"label":0}},{"type":"Feature","geometry":{"type":"Point","coordinates":[12.501708,55.688437]},"properties":{"name":"C.F. Richs Vej (Grøndals Parkvej)","lines":"10, 21","arr":["10","21"],"terminus":0,"mode":"bus","color":"#0059a9","colorDark":"#00294f","angle":131.5,"snapDist":4,"label":1}},{"type":"Feature","geometry":{"type":"Point","coordinates":[12.507707,55.693514]},"properties":{"name":"Rebildvej (Sallingvej)","lines":"10, 12, 21","arr":["10","12","21"],"terminus":0,"mode":"bus","color":"#0059a9","colorDark":"#00294f","angle":144.6,"snapDist":2,"label":1}},{"type":"Feature","geometry":{"type":"Point","coordinates":[12.499139,55.703727]},"properties":{"name":"Brønshøj Torv (Krabbesholmvej)","lines":"10","arr":["10"],"terminus":1,"mode":"bus","color":"#0059a9","colorDark":"#00294f","angle":87.7,"snapDist":0,"label":1}},{"type":"Feature","geometry":{"type":"Point","coordinates":[12.506394,55.692559]},"properties":{"name":"Limfjordsvej (Rebildvej)","lines":"10, 21","arr":["10","21"],"terminus":0,"mode":"bus","color":"#0059a9","colorDark":"#00294f","angle":295.8,"snapDist":0,"label":1}},{"type":"Feature","geometry":{"type":"Point","coordinates":[12.501993,55.688619]},"properties":{"name":"C.F. Richs Vej (Grøndals Parkvej)","lines":"10, 21","arr":["10","21"],"terminus":0,"mode":"bus","color":"#0059a9","colorDark":"#00294f","angle":311.5,"snapDist":4,"label":0}},{"type":"Feature","geometry":{"type":"Point","coordinates":[12.498045,55.685772]},"properties":{"name":"Flintholm St. (Grøndals Parkvej)","lines":"10, 19, 21, 26","arr":["10","19","21","26"],"terminus":0,"mode":"bus","color":"#0059a9","colorDark":"#00294f","angle":316.6,"snapDist":1,"label":0}},{"type":"Feature","geometry":{"type":"Point","coordinates":[12.492696,55.684803]},"properties":{"name":"Grøndals Parkvej (Jernbane Allé)","lines":"10, 31, 142","arr":["10","31","142"],"terminus":0,"mode":"bus","color":"#0059a9","colorDark":"#00294f","angle":61.8,"snapDist":0,"label":1}},{"type":"Feature","geometry":{"type":"Point","coordinates":[12.490625,55.686155]},"properties":{"name":"Vanløse St., Jydeholmen (Jydeholmen)","lines":"10, 22, 31, 142","arr":["10","22","31","142"],"terminus":0,"mode":"bus","color":"#0059a9","colorDark":"#00294f","angle":337.3,"snapDist":2,"label":0}},{"type":"Feature","geometry":{"type":"Point","coordinates":[12.483294,55.684489]},"properties":{"name":"Jydeholmen (Ålekistevej)","lines":"10, 22","arr":["10","22"],"terminus":0,"mode":"bus","color":"#0059a9","colorDark":"#00294f","angle":258.9,"snapDist":1,"label":1}},{"type":"Feature","geometry":{"type":"Point","coordinates":[12.483984,55.682419]},"properties":{"name":"Hyltebjerg Allé (Ålekistevej)","lines":"10, 22","arr":["10","22"],"terminus":0,"mode":"bus","color":"#0059a9","colorDark":"#00294f","angle":260.1,"snapDist":1,"label":0}},{"type":"Feature","geometry":{"type":"Point","coordinates":[12.484806,55.679922]},"properties":{"name":"Åbjergvej (Ålekistevej)","lines":"10, 22","arr":["10","22"],"terminus":0,"mode":"bus","color":"#0059a9","colorDark":"#00294f","angle":259.3,"snapDist":0,"label":0}},{"type":"Feature","geometry":{"type":"Point","coordinates":[12.487344,55.67663]},"properties":{"name":"Peter Bangs Vej (Ålholmvej)","lines":"10, 21, 22, 26","arr":["10","21","22","26"],"terminus":0,"mode":"bus","color":"#0059a9","colorDark":"#00294f","angle":248,"snapDist":2,"label":1}},{"type":"Feature","geometry":{"type":"Point","coordinates":[12.488668,55.671998]},"properties":{"name":"Ålholm Plads (Ålholmvej)","lines":"10, 26","arr":["10","26"],"terminus":0,"mode":"bus","color":"#0059a9","colorDark":"#00294f","angle":265.9,"snapDist":1,"label":0}},{"type":"Feature","geometry":{"type":"Point","coordinates":[12.489841,55.669754]},"properties":{"name":"Valby Langgade (Vigerslevvej)","lines":"10","arr":["10"],"terminus":0,"mode":"bus","color":"#0059a9","colorDark":"#00294f","angle":307.1,"snapDist":0,"label":1}},{"type":"Feature","geometry":{"type":"Point","coordinates":[12.487813,55.668164]},"properties":{"name":"Maribovej (Vigerslevvej)","lines":"10","arr":["10"],"terminus":0,"mode":"bus","color":"#0059a9","colorDark":"#00294f","angle":305.9,"snapDist":0,"label":0}},{"type":"Feature","geometry":{"type":"Point","coordinates":[12.484601,55.665619]},"properties":{"name":"Hansstedvej (Vigerslevvej)","lines":"10","arr":["10"],"terminus":0,"mode":"bus","color":"#0059a9","colorDark":"#00294f","angle":305.7,"snapDist":1,"label":0}},{"type":"Feature","geometry":{"type":"Point","coordinates":[12.483175,55.661581]},"properties":{"name":"Landlystvej (Vigerslevvej)","lines":"10","arr":["10"],"terminus":0,"mode":"bus","color":"#0059a9","colorDark":"#00294f","angle":256.6,"snapDist":0,"label":0}},{"type":"Feature","geometry":{"type":"Point","coordinates":[12.484526,55.658496]},"properties":{"name":"Lykkebovej (Vigerslevvej)","lines":"10","arr":["10"],"terminus":0,"mode":"bus","color":"#0059a9","colorDark":"#00294f","angle":254.1,"snapDist":1,"label":0}},{"type":"Feature","geometry":{"type":"Point","coordinates":[12.486038,55.655665]},"properties":{"name":"Vigerslev Allé (Vigerslevvej)","lines":"10","arr":["10"],"terminus":0,"mode":"bus","color":"#0059a9","colorDark":"#00294f","angle":251.8,"snapDist":1,"label":0}},{"type":"Feature","geometry":{"type":"Point","coordinates":[12.488788,55.652311]},"properties":{"name":"Folehaven (Vigerslevvej)","lines":"10","arr":["10"],"terminus":0,"mode":"bus","color":"#0059a9","colorDark":"#00294f","angle":251.4,"snapDist":2,"label":0}},{"type":"Feature","geometry":{"type":"Point","coordinates":[12.491296,55.649523]},"properties":{"name":"Åhaven (Vigerslevvej)","lines":"10","arr":["10"],"terminus":0,"mode":"bus","color":"#0059a9","colorDark":"#00294f","angle":239.7,"snapDist":1,"label":0}},{"type":"Feature","geometry":{"type":"Point","coordinates":[12.493445,55.647795]},"properties":{"name":"Kirsebærhaven (Vigerslevvej)","lines":"10","arr":["10"],"terminus":0,"mode":"bus","color":"#0059a9","colorDark":"#00294f","angle":228.8,"snapDist":1,"label":0}},{"type":"Feature","geometry":{"type":"Point","coordinates":[12.496642,55.645681]},"properties":{"name":"Stakhaven (Vigerslevvej)","lines":"10","arr":["10"],"terminus":0,"mode":"bus","color":"#0059a9","colorDark":"#00294f","angle":228.7,"snapDist":1,"label":0}},{"type":"Feature","geometry":{"type":"Point","coordinates":[12.569506,55.674849]},"properties":{"name":"Rådhuspladsen St. (H.C. Andersens Boulevard)","lines":"11, 23, 33","arr":["11","23","33"],"terminus":1,"mode":"bus","color":"#0059a9","colorDark":"#00294f","angle":221.4,"snapDist":0,"label":1}},{"type":"Feature","geometry":{"type":"Point","coordinates":[12.566623,55.671144]},"properties":{"name":"Hovedbanegården (Tietgensgade)","lines":"11","arr":["11"],"terminus":0,"mode":"bus","color":"#0059a9","colorDark":"#00294f","angle":330,"snapDist":5,"label":1}},{"type":"Feature","geometry":{"type":"Point","coordinates":[12.558073,55.665109]},"properties":{"name":"Dybbølsbro St. (Ingerslevsgade)","lines":"11","arr":["11"],"terminus":0,"mode":"bus","color":"#0059a9","colorDark":"#00294f","angle":2.4,"snapDist":1,"label":1}},{"type":"Feature","geometry":{"type":"Point","coordinates":[12.548212,55.663928]},"properties":{"name":"Knud Lavards Gade (Ingerslevsgade)","lines":"11","arr":["11"],"terminus":0,"mode":"bus","color":"#0059a9","colorDark":"#00294f","angle":345.3,"snapDist":1,"label":1}},{"type":"Feature","geometry":{"type":"Point","coordinates":[12.543279,55.663229]},"properties":{"name":"Enghavevej (Ingerslevsgade)","lines":"11","arr":["11"],"terminus":0,"mode":"bus","color":"#0059a9","colorDark":"#00294f","angle":346.5,"snapDist":1,"label":1}},{"type":"Feature","geometry":{"type":"Point","coordinates":[12.515902,55.661604]},"properties":{"name":"Toftegårds Plads (Vigerslev Allé)","lines":"11, 23, 133","arr":["11","23","133"],"terminus":0,"mode":"bus","color":"#0059a9","colorDark":"#00294f","angle":350.5,"snapDist":1,"label":0}},{"type":"Feature","geometry":{"type":"Point","coordinates":[12.511389,55.66135]},"properties":{"name":"Peder Hjorts Vej (Vigerslev Allé)","lines":"11, 23, 133","arr":["11","23","133"],"terminus":0,"mode":"bus","color":"#0059a9","colorDark":"#00294f","angle":354.4,"snapDist":3,"label":1}},{"type":"Feature","geometry":{"type":"Point","coordinates":[12.507686,55.661141]},"properties":{"name":"Vigerslev Allé Skole (Vigerslev Allé)","lines":"11, 23, 133","arr":["11","23","133"],"terminus":0,"mode":"bus","color":"#0059a9","colorDark":"#00294f","angle":355.1,"snapDist":1,"label":1}},{"type":"Feature","geometry":{"type":"Point","coordinates":[12.50389,55.660848]},"properties":{"name":"Fengersvej (Vigerslev Allé)","lines":"11, 23, 133","arr":["11","23","133"],"terminus":0,"mode":"bus","color":"#0059a9","colorDark":"#00294f","angle":345.5,"snapDist":0,"label":1}},{"type":"Feature","geometry":{"type":"Point","coordinates":[12.49912,55.660049]},"properties":{"name":"Vigerslev Allé St. (Vigerslev Allé)","lines":"11, 23, 133","arr":["11","23","133"],"terminus":0,"mode":"bus","color":"#0059a9","colorDark":"#00294f","angle":341,"snapDist":1,"label":1}},{"type":"Feature","geometry":{"type":"Point","coordinates":[12.494095,55.659641]},"properties":{"name":"Gladbovej (Vigerslev Allé)","lines":"11","arr":["11"],"terminus":0,"mode":"bus","color":"#0059a9","colorDark":"#00294f","angle":358.8,"snapDist":2,"label":1}},{"type":"Feature","geometry":{"type":"Point","coordinates":[12.489902,55.658638]},"properties":{"name":"Vigerslev Kirke (Vigerslev Allé)","lines":"11","arr":["11"],"terminus":0,"mode":"bus","color":"#0059a9","colorDark":"#00294f","angle":302.3,"snapDist":0,"label":1}},{"type":"Feature","geometry":{"type":"Point","coordinates":[12.460385,55.645198]},"properties":{"name":"Hvidovre Hospital. Kollegiet (Kettevej)","lines":"11, 22","arr":["11","22"],"terminus":0,"mode":"bus","color":"#0059a9","colorDark":"#00294f","angle":347.3,"snapDist":1,"label":1}},{"type":"Feature","geometry":{"type":"Point","coordinates":[12.456284,55.644939]},"properties":{"name":"Nordlundsvej (Kettevej)","lines":"11, 22","arr":["11","22"],"terminus":0,"mode":"bus","color":"#0059a9","colorDark":"#00294f","angle":354.5,"snapDist":0,"label":1}},{"type":"Feature","geometry":{"type":"Point","coordinates":[12.449988,55.644559]},"properties":{"name":"Vedbyholm (Kettevej)","lines":"11, 22","arr":["11","22"],"terminus":0,"mode":"bus","color":"#0059a9","colorDark":"#00294f","angle":354,"snapDist":1,"label":1}},{"type":"Feature","geometry":{"type":"Point","coordinates":[12.44534,55.64377]},"properties":{"name":"Kettevej (Byvej)","lines":"11","arr":["11"],"terminus":0,"mode":"bus","color":"#0059a9","colorDark":"#00294f","angle":259.9,"snapDist":1,"label":1}},{"type":"Feature","geometry":{"type":"Point","coordinates":[12.448571,55.637648]},"properties":{"name":"Byvej 80 (Byvej)","lines":"11","arr":["11"],"terminus":0,"mode":"bus","color":"#0059a9","colorDark":"#00294f","angle":249.5,"snapDist":1,"label":1}},{"type":"Feature","geometry":{"type":"Point","coordinates":[12.453895,55.632225]},"properties":{"name":"Brostykkevej (Byvej)","lines":"11","arr":["11"],"terminus":0,"mode":"bus","color":"#0059a9","colorDark":"#00294f","angle":246.1,"snapDist":3,"label":1}},{"type":"Feature","geometry":{"type":"Point","coordinates":[12.456283,55.62874]},"properties":{"name":"Dybenskærvej (Byvej)","lines":"11","arr":["11"],"terminus":0,"mode":"bus","color":"#0059a9","colorDark":"#00294f","angle":253.8,"snapDist":0,"label":1}},{"type":"Feature","geometry":{"type":"Point","coordinates":[12.455196,55.625157]},"properties":{"name":"Avedøre St.","lines":"11, 133","arr":["11","133"],"terminus":1,"mode":"bus","color":"#0059a9","colorDark":"#00294f","angle":344.2,"snapDist":1,"label":0}},{"type":"Feature","geometry":{"type":"Point","coordinates":[12.456455,55.628405]},"properties":{"name":"Dybenskærvej (Byvej)","lines":"11","arr":["11"],"terminus":0,"mode":"bus","color":"#0059a9","colorDark":"#00294f","angle":73.8,"snapDist":1,"label":0}},{"type":"Feature","geometry":{"type":"Point","coordinates":[12.453422,55.632795]},"properties":{"name":"Brostykkevej (Byvej)","lines":"11","arr":["11"],"terminus":0,"mode":"bus","color":"#0059a9","colorDark":"#00294f","angle":62.5,"snapDist":4,"label":0}},{"type":"Feature","geometry":{"type":"Point","coordinates":[12.448581,55.637633]},"properties":{"name":"Byvej 80 (Byvej)","lines":"11","arr":["11"],"terminus":0,"mode":"bus","color":"#0059a9","colorDark":"#00294f","angle":69.5,"snapDist":2,"label":0}},{"type":"Feature","geometry":{"type":"Point","coordinates":[12.445337,55.64378]},"properties":{"name":"Kettevej (Byvej)","lines":"11","arr":["11"],"terminus":0,"mode":"bus","color":"#0059a9","colorDark":"#00294f","angle":79.9,"snapDist":2,"label":0}},{"type":"Feature","geometry":{"type":"Point","coordinates":[12.45098,55.644618]},"properties":{"name":"Vedbyholm (Kettevej)","lines":"11, 22","arr":["11","22"],"terminus":0,"mode":"bus","color":"#0059a9","colorDark":"#00294f","angle":174,"snapDist":2,"label":0}},{"type":"Feature","geometry":{"type":"Point","coordinates":[12.457082,55.644992]},"properties":{"name":"Nordlundsvej (Kettevej)","lines":"11, 22","arr":["11","22"],"terminus":0,"mode":"bus","color":"#0059a9","colorDark":"#00294f","angle":172.4,"snapDist":0,"label":0}},{"type":"Feature","geometry":{"type":"Point","coordinates":[12.488637,55.654918]},"properties":{"name":"Centerparken (Kulbanevej)","lines":"11, 133","arr":["11","133"],"terminus":0,"mode":"bus","color":"#0059a9","colorDark":"#00294f","angle":154.8,"snapDist":6,"label":1}},{"type":"Feature","geometry":{"type":"Point","coordinates":[12.492512,55.656639]},"properties":{"name":"Hornemanns Vænge (Kulbanevej)","lines":"11, 133","arr":["11","133"],"terminus":0,"mode":"bus","color":"#0059a9","colorDark":"#00294f","angle":141.1,"snapDist":3,"label":1}},{"type":"Feature","geometry":{"type":"Point","coordinates":[12.49809,55.659856]},"properties":{"name":"Vigerslev Allé St. (Vigerslev Allé)","lines":"11, 23, 133","arr":["11","23","133"],"terminus":0,"mode":"bus","color":"#0059a9","colorDark":"#00294f","angle":162.2,"snapDist":1,"label":0}},{"type":"Feature","geometry":{"type":"Point","coordinates":[12.505261,55.660972]},"properties":{"name":"Fengersvej (Vigerslev Allé)","lines":"11, 23, 133","arr":["11","23","133"],"terminus":0,"mode":"bus","color":"#0059a9","colorDark":"#00294f","angle":170,"snapDist":2,"label":0}},{"type":"Feature","geometry":{"type":"Point","coordinates":[12.509556,55.66125]},"properties":{"name":"Vigerslev Allé Skole (Vigerslev Allé)","lines":"11, 23, 133","arr":["11","23","133"],"terminus":0,"mode":"bus","color":"#0059a9","colorDark":"#00294f","angle":173.7,"snapDist":1,"label":0}},{"type":"Feature","geometry":{"type":"Point","coordinates":[12.513069,55.661442]},"properties":{"name":"Peder Hjorts Vej (Vigerslev Allé)","lines":"11, 23, 133","arr":["11","23","133"],"terminus":0,"mode":"bus","color":"#0059a9","colorDark":"#00294f","angle":173.8,"snapDist":3,"label":0}},{"type":"Feature","geometry":{"type":"Point","coordinates":[12.550125,55.664203]},"properties":{"name":"Knud Lavards Gade (Ingerslevsgade)","lines":"11","arr":["11"],"terminus":0,"mode":"bus","color":"#0059a9","colorDark":"#00294f","angle":165.9,"snapDist":1,"label":0}},{"type":"Feature","geometry":{"type":"Point","coordinates":[12.559123,55.665478]},"properties":{"name":"Dybbølsbro St. (Ingerslevsgade)","lines":"11","arr":["11"],"terminus":0,"mode":"bus","color":"#0059a9","colorDark":"#00294f","angle":141.9,"snapDist":0,"label":0}},{"type":"Feature","geometry":{"type":"Point","coordinates":[12.566046,55.670949]},"properties":{"name":"Hovedbanegården (Tietgensgade)","lines":"11","arr":["11"],"terminus":0,"mode":"bus","color":"#0059a9","colorDark":"#00294f","angle":148.6,"snapDist":5,"label":0}},{"type":"Feature","geometry":{"type":"Point","coordinates":[12.577953,55.714976]},"properties":{"name":"Svanemøllen St., Sløjfen (Svanemøllen St.)","lines":"12","arr":["12"],"terminus":1,"mode":"bus","color":"#0059a9","colorDark":"#00294f","angle":355.6,"snapDist":2,"label":1}},{"type":"Feature","geometry":{"type":"Point","coordinates":[12.576922,55.714721]},"properties":{"name":"Østerbrogade (Kildevældsgade)","lines":"12","arr":["12"],"terminus":0,"mode":"bus","color":"#0059a9","colorDark":"#00294f","angle":350.3,"snapDist":0,"label":1}},{"type":"Feature","geometry":{"type":"Point","coordinates":[12.572091,55.714284]},"properties":{"name":"Thomas Laubs Gade (Kildevældsgade)","lines":"12","arr":["12"],"terminus":0,"mode":"bus","color":"#0059a9","colorDark":"#00294f","angle":349.5,"snapDist":1,"label":1}},{"type":"Feature","geometry":{"type":"Point","coordinates":[12.568744,55.713601]},"properties":{"name":"Kildevældsparken (Vennemindevej)","lines":"12","arr":["12"],"terminus":0,"mode":"bus","color":"#0059a9","colorDark":"#00294f","angle":261.2,"snapDist":1,"label":1}},{"type":"Feature","geometry":{"type":"Point","coordinates":[12.569289,55.711636]},"properties":{"name":"Nygårdsvej (Vennemindevej)","lines":"12","arr":["12"],"terminus":0,"mode":"bus","color":"#0059a9","colorDark":"#00294f","angle":260.6,"snapDist":2,"label":1}},{"type":"Feature","geometry":{"type":"Point","coordinates":[12.56569,55.710679]},"properties":{"name":"Skt. Kjelds Plads (Nygårdsvej)","lines":"12","arr":["12"],"terminus":0,"mode":"bus","color":"#0059a9","colorDark":"#00294f","angle":3.8,"snapDist":2,"label":1}},{"type":"Feature","geometry":{"type":"Point","coordinates":[12.560398,55.709811]},"properties":{"name":"Lyngbyvej (Haraldsgade)","lines":"12, 14","arr":["12","14"],"terminus":0,"mode":"bus","color":"#0059a9","colorDark":"#00294f","angle":336.9,"snapDist":1,"label":1}},{"type":"Feature","geometry":{"type":"Point","coordinates":[12.557564,55.708415]},"properties":{"name":"Lersø Parkallé (Haraldsgade)","lines":"12","arr":["12"],"terminus":0,"mode":"bus","color":"#0059a9","colorDark":"#00294f","angle":316.3,"snapDist":1,"label":1}},{"type":"Feature","geometry":{"type":"Point","coordinates":[12.554137,55.706522]},"properties":{"name":"Aldersrogade (Haraldsgade)","lines":"12","arr":["12"],"terminus":0,"mode":"bus","color":"#0059a9","colorDark":"#00294f","angle":315.2,"snapDist":0,"label":1}},{"type":"Feature","geometry":{"type":"Point","coordinates":[12.537981,55.704158]},"properties":{"name":"Nørrebro Bycenter (Lygten)","lines":"12","arr":["12"],"terminus":0,"mode":"bus","color":"#0059a9","colorDark":"#00294f","angle":277.4,"snapDist":2,"label":1}},{"type":"Feature","geometry":{"type":"Point","coordinates":[12.537005,55.700528]},"properties":{"name":"Nørrebro St. (Nordre Fasanvej)","lines":"12","arr":["12"],"terminus":0,"mode":"bus","color":"#0059a9","colorDark":"#00294f","angle":273.9,"snapDist":0,"label":1}},{"type":"Feature","geometry":{"type":"Point","coordinates":[12.524856,55.696713]},"properties":{"name":"Borups Allé (Hillerødgade)","lines":"12","arr":["12"],"terminus":0,"mode":"bus","color":"#0059a9","colorDark":"#00294f","angle":352.4,"snapDist":5,"label":1}},{"type":"Feature","geometry":{"type":"Point","coordinates":[12.515973,55.696072]},"properties":{"name":"Æblevej (Hillerødgade)","lines":"12","arr":["12"],"terminus":0,"mode":"bus","color":"#0059a9","colorDark":"#00294f","angle":347.1,"snapDist":3,"label":1}},{"type":"Feature","geometry":{"type":"Point","coordinates":[12.510683,55.695146]},"properties":{"name":"Godthåbsvej (Hulgårdsvej)","lines":"12","arr":["12"],"terminus":0,"mode":"bus","color":"#0059a9","colorDark":"#00294f","angle":315.1,"snapDist":0,"label":1}},{"type":"Feature","geometry":{"type":"Point","coordinates":[12.506099,55.693037]},"properties":{"name":"Rebildvej (Sallingvej)","lines":"12","arr":["12"],"terminus":0,"mode":"bus","color":"#0059a9","colorDark":"#00294f","angle":327.3,"snapDist":1,"label":0}},{"type":"Feature","geometry":{"type":"Point","coordinates":[12.498986,55.692962]},"properties":{"name":"Åbakkevej (Sallingvej)","lines":"12","arr":["12"],"terminus":0,"mode":"bus","color":"#0059a9","colorDark":"#00294f","angle":14.8,"snapDist":1,"label":1}},{"type":"Feature","geometry":{"type":"Point","coordinates":[12.492796,55.693579]},"properties":{"name":"Bellahøjvej (Jyllingevej)","lines":"12, 26","arr":["12","26"],"terminus":0,"mode":"bus","color":"#0059a9","colorDark":"#00294f","angle":342.4,"snapDist":0,"label":1}},{"type":"Feature","geometry":{"type":"Point","coordinates":[12.485328,55.692148]},"properties":{"name":"Jernbane Allé (Jyllingevej)","lines":"12, 19, 22","arr":["12","19","22"],"terminus":0,"mode":"bus","color":"#0059a9","colorDark":"#00294f","angle":338.9,"snapDist":0,"label":1}},{"type":"Feature","geometry":{"type":"Point","coordinates":[12.480967,55.691596]},"properties":{"name":"Jyllingevej (Ålekistevej)","lines":"12, 22","arr":["12","22"],"terminus":0,"mode":"bus","color":"#0059a9","colorDark":"#00294f","angle":68.4,"snapDist":3,"label":1}},{"type":"Feature","geometry":{"type":"Point","coordinates":[12.47978,55.695073]},"properties":{"name":"Kirkebjerg Allé (Ålekistevej)","lines":"12, 22","arr":["12","22"],"terminus":0,"mode":"bus","color":"#0059a9","colorDark":"#00294f","angle":79.6,"snapDist":1,"label":1}},{"type":"Feature","geometry":{"type":"Point","coordinates":[12.478594,55.697839]},"properties":{"name":"Husumvej (Slotsherrensvej)","lines":"12","arr":["12"],"terminus":0,"mode":"bus","color":"#0059a9","colorDark":"#00294f","angle":359.5,"snapDist":0,"label":1}},{"type":"Feature","geometry":{"type":"Point","coordinates":[12.469421,55.699624]},"properties":{"name":"Islev St. (Slotsherrensvej)","lines":"12","arr":["12"],"terminus":0,"mode":"bus","color":"#0059a9","colorDark":"#00294f","angle":22.5,"snapDist":0,"label":1}},{"type":"Feature","geometry":{"type":"Point","coordinates":[12.460607,55.701117]},"properties":{"name":"Slotsherrens Have (Slotsherrensvej)","lines":"12","arr":["12"],"terminus":0,"mode":"bus","color":"#0059a9","colorDark":"#00294f","angle":3.8,"snapDist":0,"label":1}},{"type":"Feature","geometry":{"type":"Point","coordinates":[12.453896,55.701388]},"properties":{"name":"Rødovrevej (Slotsherrensvej)","lines":"12, 131, 848","arr":["12","131","848"],"terminus":0,"mode":"bus","color":"#0059a9","colorDark":"#00294f","angle":5.6,"snapDist":1,"label":1}},{"type":"Feature","geometry":{"type":"Point","coordinates":[12.446838,55.702914]},"properties":{"name":"Slotsherrensvej (Sommerfuglevej)","lines":"12","arr":["12"],"terminus":0,"mode":"bus","color":"#0059a9","colorDark":"#00294f","angle":114.7,"snapDist":0,"label":1}},{"type":"Feature","geometry":{"type":"Point","coordinates":[12.44745,55.705353]},"properties":{"name":"Islev Torv (Viemosevej)","lines":"12","arr":["12"],"terminus":0,"mode":"bus","color":"#0059a9","colorDark":"#00294f","angle":75.8,"snapDist":0,"label":1}},{"type":"Feature","geometry":{"type":"Point","coordinates":[12.446452,55.707872]},"properties":{"name":"Koldbyvej (Viemosevej)","lines":"12","arr":["12"],"terminus":0,"mode":"bus","color":"#0059a9","colorDark":"#00294f","angle":80.8,"snapDist":1,"label":1}},{"type":"Feature","geometry":{"type":"Point","coordinates":[12.446408,55.709762]},"properties":{"name":"Islev, Viemosevej (Viemosevej)","lines":"12","arr":["12"],"terminus":1,"mode":"bus","color":"#0059a9","colorDark":"#00294f","angle":66.2,"snapDist":1,"label":1}},{"type":"Feature","geometry":{"type":"Point","coordinates":[12.446484,55.707763]},"properties":{"name":"Koldbyvej (Viemosevej)","lines":"12","arr":["12"],"terminus":0,"mode":"bus","color":"#0059a9","colorDark":"#00294f","angle":260.8,"snapDist":0,"label":0}},{"type":"Feature","geometry":{"type":"Point","coordinates":[12.447599,55.704827]},"properties":{"name":"Islev Torv (Sommerfuglevej)","lines":"12","arr":["12"],"terminus":0,"mode":"bus","color":"#0059a9","colorDark":"#00294f","angle":265.9,"snapDist":0,"label":1}},{"type":"Feature","geometry":{"type":"Point","coordinates":[12.446692,55.702736]},"properties":{"name":"Slotsherrensvej (Sommerfuglevej)","lines":"12","arr":["12"],"terminus":0,"mode":"bus","color":"#0059a9","colorDark":"#00294f","angle":294.7,"snapDist":1,"label":0}},{"type":"Feature","geometry":{"type":"Point","coordinates":[12.452618,55.701338]},"properties":{"name":"Tårnvej (Slotsherrensvej)","lines":"12, 131, 848","arr":["12","131","848"],"terminus":0,"mode":"bus","color":"#0059a9","colorDark":"#00294f","angle":185.4,"snapDist":0,"label":0}},{"type":"Feature","geometry":{"type":"Point","coordinates":[12.455553,55.70121]},"properties":{"name":"Rødovrevej (Slotsherrensvej)","lines":"12, 848","arr":["12","848"],"terminus":0,"mode":"bus","color":"#0059a9","colorDark":"#00294f","angle":183.9,"snapDist":0,"label":0}},{"type":"Feature","geometry":{"type":"Point","coordinates":[12.460282,55.701039]},"properties":{"name":"Slotsherrens Have (Slotsherrensvej)","lines":"12","arr":["12"],"terminus":0,"mode":"bus","color":"#0059a9","colorDark":"#00294f","angle":182.1,"snapDist":0,"label":0}},{"type":"Feature","geometry":{"type":"Point","coordinates":[12.469668,55.699568]},"properties":{"name":"Islev St. (Slotsherrensvej)","lines":"12","arr":["12"],"terminus":0,"mode":"bus","color":"#0059a9","colorDark":"#00294f","angle":201.6,"snapDist":1,"label":0}},{"type":"Feature","geometry":{"type":"Point","coordinates":[12.479008,55.697324]},"properties":{"name":"Slotsherrensvej (Ålekistevej)","lines":"12, 22","arr":["12","22"],"terminus":0,"mode":"bus","color":"#0059a9","colorDark":"#00294f","angle":250,"snapDist":3,"label":1}},{"type":"Feature","geometry":{"type":"Point","coordinates":[12.479854,55.694845]},"properties":{"name":"Kirkebjerg Allé (Ålekistevej)","lines":"12, 22","arr":["12","22"],"terminus":0,"mode":"bus","color":"#0059a9","colorDark":"#00294f","angle":259.6,"snapDist":1,"label":0}},{"type":"Feature","geometry":{"type":"Point","coordinates":[12.482015,55.691394]},"properties":{"name":"Ålekistevej (Jyllingevej)","lines":"12, 19, 22","arr":["12","19","22"],"terminus":0,"mode":"bus","color":"#0059a9","colorDark":"#00294f","angle":156.9,"snapDist":2,"label":1}},{"type":"Feature","geometry":{"type":"Point","coordinates":[12.487556,55.692617]},"properties":{"name":"Jernbane Allé (Jyllingevej)","lines":"12, 26","arr":["12","26"],"terminus":0,"mode":"bus","color":"#0059a9","colorDark":"#00294f","angle":159,"snapDist":0,"label":0}},{"type":"Feature","geometry":{"type":"Point","coordinates":[12.495315,55.69369]},"properties":{"name":"Bellahøjvej (Sallingvej)","lines":"12","arr":["12"],"terminus":0,"mode":"bus","color":"#0059a9","colorDark":"#00294f","angle":201.4,"snapDist":5,"label":1}},{"type":"Feature","geometry":{"type":"Point","coordinates":[12.501028,55.692702]},"properties":{"name":"Åbakkevej (Sallingvej)","lines":"12","arr":["12"],"terminus":0,"mode":"bus","color":"#0059a9","colorDark":"#00294f","angle":191.2,"snapDist":0,"label":0}},{"type":"Feature","geometry":{"type":"Point","coordinates":[12.511032,55.69505]},"properties":{"name":"Godthåbsvej (Hulgårdsvej)","lines":"12","arr":["12"],"terminus":0,"mode":"bus","color":"#0059a9","colorDark":"#00294f","angle":150.3,"snapDist":3,"label":0}},{"type":"Feature","geometry":{"type":"Point","coordinates":[12.517168,55.696202]},"properties":{"name":"Æblevej (Hillerødgade)","lines":"12","arr":["12"],"terminus":0,"mode":"bus","color":"#0059a9","colorDark":"#00294f","angle":174.8,"snapDist":1,"label":0}},{"type":"Feature","geometry":{"type":"Point","coordinates":[12.535565,55.69762]},"properties":{"name":"Hillerødgade (Nordre Fasanvej)","lines":"12","arr":["12"],"terminus":0,"mode":"bus","color":"#0059a9","colorDark":"#00294f","angle":88.5,"snapDist":0,"label":0}},{"type":"Feature","geometry":{"type":"Point","coordinates":[12.537432,55.701878]},"properties":{"name":"Nørrebro St. (Lygten)","lines":"12","arr":["12"],"terminus":0,"mode":"bus","color":"#0059a9","colorDark":"#00294f","angle":103.4,"snapDist":3,"label":1}},{"type":"Feature","geometry":{"type":"Point","coordinates":[12.538262,55.705589]},"properties":{"name":"Nørrebro Bycenter (Lygten)","lines":"12","arr":["12"],"terminus":0,"mode":"bus","color":"#0059a9","colorDark":"#00294f","angle":95.9,"snapDist":2,"label":0}},{"type":"Feature","geometry":{"type":"Point","coordinates":[12.545832,55.705246]},"properties":{"name":"Slangerupgade (Rovsingsgade)","lines":"12","arr":["12"],"terminus":0,"mode":"bus","color":"#0059a9","colorDark":"#00294f","angle":118,"snapDist":0,"label":1}},{"type":"Feature","geometry":{"type":"Point","coordinates":[12.553579,55.7062]},"properties":{"name":"Aldersrogade (Haraldsgade)","lines":"12","arr":["12"],"terminus":0,"mode":"bus","color":"#0059a9","colorDark":"#00294f","angle":133.2,"snapDist":1,"label":0}},{"type":"Feature","geometry":{"type":"Point","coordinates":[12.557083,55.708157]},"properties":{"name":"Lersø Parkallé (Haraldsgade)","lines":"12, 14","arr":["12","14"],"terminus":0,"mode":"bus","color":"#0059a9","colorDark":"#00294f","angle":136.3,"snapDist":0,"label":0}},{"type":"Feature","geometry":{"type":"Point","coordinates":[12.561727,55.710093]},"properties":{"name":"Lyngbyvej (Sejrøgade)","lines":"12","arr":["12"],"terminus":0,"mode":"bus","color":"#0059a9","colorDark":"#00294f","angle":161,"snapDist":1,"label":1}},{"type":"Feature","geometry":{"type":"Point","coordinates":[12.566716,55.710787]},"properties":{"name":"Skt. Kjelds Plads (Nygårdsvej)","lines":"12","arr":["12"],"terminus":0,"mode":"bus","color":"#0059a9","colorDark":"#00294f","angle":160.6,"snapDist":1,"label":0}},{"type":"Feature","geometry":{"type":"Point","coordinates":[12.569144,55.712133]},"properties":{"name":"Nygårdsvej (Vennemindevej)","lines":"12","arr":["12"],"terminus":0,"mode":"bus","color":"#0059a9","colorDark":"#00294f","angle":80.6,"snapDist":0,"label":0}},{"type":"Feature","geometry":{"type":"Point","coordinates":[12.568677,55.713846]},"properties":{"name":"Kildevældsparken (Vennemindevej)","lines":"12","arr":["12"],"terminus":0,"mode":"bus","color":"#0059a9","colorDark":"#00294f","angle":80.7,"snapDist":0,"label":0}},{"type":"Feature","geometry":{"type":"Point","coordinates":[12.571814,55.715531]},"properties":{"name":"Thomas Laubs Gade (Bellmansgade)","lines":"12","arr":["12"],"terminus":0,"mode":"bus","color":"#0059a9","colorDark":"#00294f","angle":155.1,"snapDist":1,"label":1}},{"type":"Feature","geometry":{"type":"Point","coordinates":[12.576808,55.715798]},"properties":{"name":"Svanemøllen St. (Sibeliusgade)","lines":"12","arr":["12"],"terminus":0,"mode":"bus","color":"#0059a9","colorDark":"#00294f","angle":211.6,"snapDist":3,"label":1}},{"type":"Feature","geometry":{"type":"Point","coordinates":[12.577864,55.714545]},"properties":{"name":"Svanemøllen St.","lines":"12","arr":["12"],"terminus":1,"mode":"bus","color":"#0059a9","colorDark":"#00294f","angle":153,"snapDist":0,"label":1}},{"type":"Feature","geometry":{"type":"Point","coordinates":[12.57207,55.683687]},"properties":{"name":"Nørreport St. (Nørre Voldgade)","lines":"14, 350S","arr":["14","350S"],"terminus":1,"mode":"bus","color":"#0059a9","colorDark":"#00294f","angle":313,"snapDist":3,"label":0}},{"type":"Feature","geometry":{"type":"Point","coordinates":[12.568701,55.684812]},"properties":{"name":"Nørre Farimagsgade (Frederiksborggade)","lines":"14","arr":["14"],"terminus":0,"mode":"bus","color":"#0059a9","colorDark":"#00294f","angle":46.2,"snapDist":2,"label":0}},{"type":"Feature","geometry":{"type":"Point","coordinates":[12.569579,55.686048]},"properties":{"name":"Gothersgade (Øster Farimagsgade)","lines":"14","arr":["14"],"terminus":0,"mode":"bus","color":"#0059a9","colorDark":"#00294f","angle":131.8,"snapDist":1,"label":1}},{"type":"Feature","geometry":{"type":"Point","coordinates":[12.571267,55.687191]},"properties":{"name":"Kommunehospitalet (Øster Farimagsgade)","lines":"14","arr":["14"],"terminus":0,"mode":"bus","color":"#0059a9","colorDark":"#00294f","angle":129.8,"snapDist":0,"label":1}},{"type":"Feature","geometry":{"type":"Point","coordinates":[12.573877,55.688933]},"properties":{"name":"Sølvtorvet (Øster Farimagsgade)","lines":"14","arr":["14"],"terminus":0,"mode":"bus","color":"#0059a9","colorDark":"#00294f","angle":136.8,"snapDist":2,"label":1}},{"type":"Feature","geometry":{"type":"Point","coordinates":[12.575025,55.690186]},"properties":{"name":"Webersgade (Øster Farimagsgade)","lines":"14","arr":["14"],"terminus":0,"mode":"bus","color":"#0059a9","colorDark":"#00294f","angle":108.5,"snapDist":1,"label":1}},{"type":"Feature","geometry":{"type":"Point","coordinates":[12.577492,55.692938]},"properties":{"name":"Øster Farimagsgade Skole (Øster Farimagsgade)","lines":"14","arr":["14"],"terminus":0,"mode":"bus","color":"#0059a9","colorDark":"#00294f","angle":116.4,"snapDist":1,"label":1}},{"type":"Feature","geometry":{"type":"Point","coordinates":[12.579813,55.695619]},"properties":{"name":"Lille Triangel (Øster Farimagsgade)","lines":"14","arr":["14"],"terminus":0,"mode":"bus","color":"#0059a9","colorDark":"#00294f","angle":113,"snapDist":2,"label":1}},{"type":"Feature","geometry":{"type":"Point","coordinates":[12.577342,55.699115]},"properties":{"name":"Trianglen St. (Nordre Frihavnsgade)","lines":"14","arr":["14"],"terminus":0,"mode":"bus","color":"#0059a9","colorDark":"#00294f","angle":1.4,"snapDist":2,"label":1}},{"type":"Feature","geometry":{"type":"Point","coordinates":[12.581715,55.701848]},"properties":{"name":"Randersgade (Nordre Frihavnsgade)","lines":"14","arr":["14"],"terminus":0,"mode":"bus","color":"#0059a9","colorDark":"#00294f","angle":316.7,"snapDist":0,"label":1}},{"type":"Feature","geometry":{"type":"Point","coordinates":[12.588731,55.703501]},"properties":{"name":"Strandboulevarden (Nordre Frihavnsgade)","lines":"14, 23","arr":["14","23"],"terminus":0,"mode":"bus","color":"#0059a9","colorDark":"#00294f","angle":170.6,"snapDist":0,"label":1}},{"type":"Feature","geometry":{"type":"Point","coordinates":[12.590699,55.704901]},"properties":{"name":"Nordhavn St. (Østbanegade)","lines":"14, 23","arr":["14","23"],"terminus":0,"mode":"bus","color":"#0059a9","colorDark":"#00294f","angle":77.1,"snapDist":0,"label":1}},{"type":"Feature","geometry":{"type":"Point","coordinates":[12.586089,55.707187]},"properties":{"name":"Århusgade (Strandboulevarden)","lines":"14, 23","arr":["14","23"],"terminus":0,"mode":"bus","color":"#0059a9","colorDark":"#00294f","angle":75.3,"snapDist":0,"label":1}},{"type":"Feature","geometry":{"type":"Point","coordinates":[12.58249,55.709276]},"properties":{"name":"Svendborggade (Strandboulevarden)","lines":"14, 23","arr":["14","23"],"terminus":0,"mode":"bus","color":"#0059a9","colorDark":"#00294f","angle":359.7,"snapDist":2,"label":1}},{"type":"Feature","geometry":{"type":"Point","coordinates":[12.575965,55.708925]},"properties":{"name":"Poul Henningsens Plads St. (Jagtvej)","lines":"14","arr":["14"],"terminus":0,"mode":"bus","color":"#0059a9","colorDark":"#00294f","angle":342.2,"snapDist":1,"label":1}},{"type":"Feature","geometry":{"type":"Point","coordinates":[12.569657,55.707729]},"properties":{"name":"Serridslevvej (Jagtvej)","lines":"14","arr":["14"],"terminus":0,"mode":"bus","color":"#0059a9","colorDark":"#00294f","angle":341.9,"snapDist":0,"label":1}},{"type":"Feature","geometry":{"type":"Point","coordinates":[12.561961,55.70605]},"properties":{"name":"Vibenshus Runddel St. (Jagtvej)","lines":"14","arr":["14"],"terminus":0,"mode":"bus","color":"#0059a9","colorDark":"#00294f","angle":303.6,"snapDist":1,"label":1}},{"type":"Feature","geometry":{"type":"Point","coordinates":[12.558222,55.703484]},"properties":{"name":"Jagtvej (Lersø Parkallé)","lines":"14, 18","arr":["14","18"],"terminus":0,"mode":"bus","color":"#0059a9","colorDark":"#00294f","angle":34.7,"snapDist":2,"label":1}},{"type":"Feature","geometry":{"type":"Point","coordinates":[12.556824,55.706736]},"properties":{"name":"Aldersrogade (Lersø Parkallé)","lines":"14, 18","arr":["14","18"],"terminus":0,"mode":"bus","color":"#0059a9","colorDark":"#00294f","angle":79.5,"snapDist":1,"label":1}},{"type":"Feature","geometry":{"type":"Point","coordinates":[12.559359,55.709425]},"properties":{"name":"Lyngbyvej (Haraldsgade)","lines":"14","arr":["14"],"terminus":0,"mode":"bus","color":"#0059a9","colorDark":"#00294f","angle":136,"snapDist":1,"label":0}},{"type":"Feature","geometry":{"type":"Point","coordinates":[12.55993,55.712943]},"properties":{"name":"Hans Knudsens Plads (Lyngbyvej)","lines":"14, 150S, 184, 185","arr":["14","150S","184","185"],"terminus":0,"mode":"bus","color":"#0059a9","colorDark":"#00294f","angle":77,"snapDist":6,"label":1}},{"type":"Feature","geometry":{"type":"Point","coordinates":[12.558811,55.715497]},"properties":{"name":"Ryparken St. (Lyngbyvej)","lines":"14, 15E, 150S, 184, 185","arr":["14","15E","150S","184","185"],"terminus":0,"mode":"bus","color":"#0059a9","colorDark":"#00294f","angle":76.2,"snapDist":1,"label":1}},{"type":"Feature","geometry":{"type":"Point","coordinates":[12.557473,55.718832]},"properties":{"name":"Emdrupvej (Ryparken)","lines":"14","arr":["14"],"terminus":0,"mode":"bus","color":"#0059a9","colorDark":"#00294f","angle":117.1,"snapDist":4,"label":1}},{"type":"Feature","geometry":{"type":"Point","coordinates":[12.558917,55.720146]},"properties":{"name":"Ryparken","lines":"14","arr":["14"],"terminus":0,"mode":"bus","color":"#0059a9","colorDark":"#00294f","angle":123.5,"snapDist":0,"label":1}},{"type":"Feature","geometry":{"type":"Point","coordinates":[12.56143,55.722264]},"properties":{"name":"Rygårds Allé (Ryparken)","lines":"14","arr":["14"],"terminus":0,"mode":"bus","color":"#0059a9","colorDark":"#00294f","angle":123.5,"snapDist":0,"label":1}},{"type":"Feature","geometry":{"type":"Point","coordinates":[12.563375,55.721952]},"properties":{"name":"Ryparken (Rymarksvej)","lines":"14","arr":["14"],"terminus":1,"mode":"bus","color":"#0059a9","colorDark":"#00294f","angle":27.8,"snapDist":3,"label":1}},{"type":"Feature","geometry":{"type":"Point","coordinates":[12.558853,55.720092]},"properties":{"name":"Gartnerivej (Ryparken)","lines":"14","arr":["14"],"terminus":0,"mode":"bus","color":"#0059a9","colorDark":"#00294f","angle":303.5,"snapDist":0,"label":1}},{"type":"Feature","geometry":{"type":"Point","coordinates":[12.556814,55.717953]},"properties":{"name":"Emdrupvej (Lyngbyvej)","lines":"14, 184, 185","arr":["14","184","185"],"terminus":0,"mode":"bus","color":"#0059a9","colorDark":"#00294f","angle":258.1,"snapDist":2,"label":1}},{"type":"Feature","geometry":{"type":"Point","coordinates":[12.5582,55.714977]},"properties":{"name":"Ryparken St. (Lyngbyvej)","lines":"14, 15E, 150S, 184, 185","arr":["14","15E","150S","184","185"],"terminus":0,"mode":"bus","color":"#0059a9","colorDark":"#00294f","angle":254.3,"snapDist":3,"label":0}},{"type":"Feature","geometry":{"type":"Point","coordinates":[12.559763,55.712595]},"properties":{"name":"Hans Knudsens Plads (Lyngbyvej)","lines":"14, 150S, 184, 185","arr":["14","150S","184","185"],"terminus":0,"mode":"bus","color":"#0059a9","colorDark":"#00294f","angle":257.4,"snapDist":1,"label":0}},{"type":"Feature","geometry":{"type":"Point","coordinates":[12.556433,55.707386]},"properties":{"name":"Haraldsgade (Lersø Parkallé)","lines":"14, 18","arr":["14","18"],"terminus":0,"mode":"bus","color":"#0059a9","colorDark":"#00294f","angle":259.1,"snapDist":1,"label":1}},{"type":"Feature","geometry":{"type":"Point","coordinates":[12.556863,55.70608]},"properties":{"name":"Aldersrogade (Lersø Parkallé)","lines":"14, 18","arr":["14","18"],"terminus":0,"mode":"bus","color":"#0059a9","colorDark":"#00294f","angle":259.7,"snapDist":1,"label":0}},{"type":"Feature","geometry":{"type":"Point","coordinates":[12.559248,55.703437]},"properties":{"name":"Universitetsparken (Jagtvej)","lines":"14","arr":["14"],"terminus":0,"mode":"bus","color":"#0059a9","colorDark":"#00294f","angle":124.9,"snapDist":0,"label":1}},{"type":"Feature","geometry":{"type":"Point","coordinates":[12.563694,55.706489]},"properties":{"name":"Vibenshus Runddel St. (Jagtvej)","lines":"14","arr":["14"],"terminus":0,"mode":"bus","color":"#0059a9","colorDark":"#00294f","angle":161.8,"snapDist":1,"label":0}},{"type":"Feature","geometry":{"type":"Point","coordinates":[12.57106,55.707856]},"properties":{"name":"Serridslevvej (Jagtvej)","lines":"14","arr":["14"],"terminus":0,"mode":"bus","color":"#0059a9","colorDark":"#00294f","angle":161.4,"snapDist":2,"label":0}},{"type":"Feature","geometry":{"type":"Point","coordinates":[12.590577,55.705201]},"properties":{"name":"Nordhavn St. (Østbanegade)","lines":"14, 23","arr":["14","23"],"terminus":0,"mode":"bus","color":"#0059a9","colorDark":"#00294f","angle":77.1,"snapDist":1,"label":0}},{"type":"Feature","geometry":{"type":"Point","coordinates":[12.586298,55.706085]},"properties":{"name":"Århusgade (Strandboulevarden)","lines":"14","arr":["14"],"terminus":0,"mode":"bus","color":"#0059a9","colorDark":"#00294f","angle":255.8,"snapDist":0,"label":0}},{"type":"Feature","geometry":{"type":"Point","coordinates":[12.587041,55.703346]},"properties":{"name":"Strandboulevarden (Nordre Frihavnsgade)","lines":"14","arr":["14"],"terminus":0,"mode":"bus","color":"#0059a9","colorDark":"#00294f","angle":170.8,"snapDist":1,"label":0}},{"type":"Feature","geometry":{"type":"Point","coordinates":[12.580419,55.701142]},"properties":{"name":"Randersgade (Nordre Frihavnsgade)","lines":"14","arr":["14"],"terminus":0,"mode":"bus","color":"#0059a9","colorDark":"#00294f","angle":316.5,"snapDist":1,"label":0}},{"type":"Feature","geometry":{"type":"Point","coordinates":[12.577806,55.69933]},"properties":{"name":"Trianglen St. (Østerbrogade)","lines":"14","arr":["14"],"terminus":0,"mode":"bus","color":"#0059a9","colorDark":"#00294f","angle":244.6,"snapDist":1,"label":1}},{"type":"Feature","geometry":{"type":"Point","coordinates":[12.579636,55.695375]},"properties":{"name":"Lille Triangel (Øster Farimagsgade)","lines":"14","arr":["14"],"terminus":0,"mode":"bus","color":"#0059a9","colorDark":"#00294f","angle":296.4,"snapDist":4,"label":0}},{"type":"Feature","geometry":{"type":"Point","coordinates":[12.576991,55.692368]},"properties":{"name":"Øster Farimagsgade Skole (Øster Farimagsgade)","lines":"14","arr":["14"],"terminus":0,"mode":"bus","color":"#0059a9","colorDark":"#00294f","angle":296.4,"snapDist":1,"label":0}},{"type":"Feature","geometry":{"type":"Point","coordinates":[12.575101,55.690288]},"properties":{"name":"Webersgade (Øster Farimagsgade)","lines":"14","arr":["14"],"terminus":0,"mode":"bus","color":"#0059a9","colorDark":"#00294f","angle":298.5,"snapDist":2,"label":0}},{"type":"Feature","geometry":{"type":"Point","coordinates":[12.573617,55.688783]},"properties":{"name":"Sølvtorvet (Øster Farimagsgade)","lines":"14","arr":["14"],"terminus":0,"mode":"bus","color":"#0059a9","colorDark":"#00294f","angle":309.6,"snapDist":0,"label":0}},{"type":"Feature","geometry":{"type":"Point","coordinates":[12.571463,55.687325]},"properties":{"name":"Kommunehospitalet (Øster Farimagsgade)","lines":"14","arr":["14"],"terminus":0,"mode":"bus","color":"#0059a9","colorDark":"#00294f","angle":309.3,"snapDist":0,"label":0}},{"type":"Feature","geometry":{"type":"Point","coordinates":[12.528211,55.786608]},"properties":{"name":"Rævehøjvej, DTU (Helsingørmotorvejen)","lines":"15E, 150S","arr":["15E","150S"],"terminus":1,"mode":"bus","color":"#0059a9","colorDark":"#00294f","angle":279.8,"snapDist":2,"label":1}},{"type":"Feature","geometry":{"type":"Point","coordinates":[12.523252,55.752177]},"properties":{"name":"Brogårdsvej (Lyngbyvej)","lines":"15E, 150S, 184","arr":["15E","150S","184"],"terminus":0,"mode":"bus","color":"#0059a9","colorDark":"#00294f","angle":238.7,"snapDist":2,"label":1}},{"type":"Feature","geometry":{"type":"Point","coordinates":[12.561381,55.70928]},"properties":{"name":"Haraldsgade (Lyngbyvej)","lines":"15E, 150S, 184, 185","arr":["15E","150S","184","185"],"terminus":0,"mode":"bus","color":"#0059a9","colorDark":"#00294f","angle":251.9,"snapDist":1,"label":1}},{"type":"Feature","geometry":{"type":"Point","coordinates":[12.562782,55.705609]},"properties":{"name":"Vibenshus Runddel St. (Nørre Allé)","lines":"15E, 150S, 184, 185","arr":["15E","150S","184","185"],"terminus":0,"mode":"bus","color":"#0059a9","colorDark":"#00294f","angle":277.8,"snapDist":0,"label":1}},{"type":"Feature","geometry":{"type":"Point","coordinates":[12.562081,55.700161]},"properties":{"name":"Universitetsparken (Nørre Allé)","lines":"15E, 150S, 184, 185","arr":["15E","150S","184","185"],"terminus":0,"mode":"bus","color":"#0059a9","colorDark":"#00294f","angle":275.3,"snapDist":4,"label":1}},{"type":"Feature","geometry":{"type":"Point","coordinates":[12.561704,55.69708]},"properties":{"name":"Nørre Campus (Nørre Allé)","lines":"15E, 150S, 184, 185","arr":["15E","150S","184","185"],"terminus":0,"mode":"bus","color":"#0059a9","colorDark":"#00294f","angle":93.7,"snapDist":2,"label":1}},{"type":"Feature","geometry":{"type":"Point","coordinates":[12.561981,55.699761]},"properties":{"name":"Universitetsparken (Nørre Allé)","lines":"15E, 150S, 184, 185","arr":["15E","150S","184","185"],"terminus":0,"mode":"bus","color":"#0059a9","colorDark":"#00294f","angle":94.4,"snapDist":1,"label":0}},{"type":"Feature","geometry":{"type":"Point","coordinates":[12.562891,55.706092]},"properties":{"name":"Vibenshus Runddel St. (Lyngbyvej)","lines":"15E, 150S, 184, 185","arr":["15E","150S","184","185"],"terminus":0,"mode":"bus","color":"#0059a9","colorDark":"#00294f","angle":96.9,"snapDist":0,"label":1}},{"type":"Feature","geometry":{"type":"Point","coordinates":[12.561135,55.709702]},"properties":{"name":"Haraldsgade (Lyngbyvej)","lines":"15E, 150S, 184, 185","arr":["15E","150S","184","185"],"terminus":0,"mode":"bus","color":"#0059a9","colorDark":"#00294f","angle":71.4,"snapDist":0,"label":0}},{"type":"Feature","geometry":{"type":"Point","coordinates":[12.523281,55.752899]},"properties":{"name":"Brogårdsvej (Lyngbyvej)","lines":"15E, 150S, 184","arr":["15E","150S","184"],"terminus":0,"mode":"bus","color":"#0059a9","colorDark":"#00294f","angle":59.3,"snapDist":1,"label":0}},{"type":"Feature","geometry":{"type":"Point","coordinates":[12.529614,55.788427]},"properties":{"name":"Rævehøjvej, DTU (Helsingørmotorvejen)","lines":"15E, 150S","arr":["15E","150S"],"terminus":1,"mode":"bus","color":"#0059a9","colorDark":"#00294f","angle":101.1,"snapDist":0,"label":1}},{"type":"Feature","geometry":{"type":"Point","coordinates":[12.562017,55.676085]},"properties":{"name":"Vesterport St. (Vester Farimagsgade)","lines":"17, 37","arr":["17","37"],"terminus":1,"mode":"bus","color":"#0059a9","colorDark":"#00294f","angle":96,"snapDist":2,"label":1}},{"type":"Feature","geometry":{"type":"Point","coordinates":[12.563067,55.676026]},"properties":{"name":"Vesterport St. (Hammerichsgade)","lines":"17, 37","arr":["17","37"],"terminus":0,"mode":"bus","color":"#0059a9","colorDark":"#00294f","angle":264.1,"snapDist":1,"label":1}},{"type":"Feature","geometry":{"type":"Point","coordinates":[12.569983,55.669698]},"properties":{"name":"Polititorvet (Bernstorffsgade)","lines":"17","arr":["17"],"terminus":0,"mode":"bus","color":"#0059a9","colorDark":"#00294f","angle":233.9,"snapDist":6,"label":1}},{"type":"Feature","geometry":{"type":"Point","coordinates":[12.566022,55.665451]},"properties":{"name":"Tivoli Hotel (Kalvebod Brygge)","lines":"17","arr":["17"],"terminus":0,"mode":"bus","color":"#0059a9","colorDark":"#00294f","angle":321.1,"snapDist":2,"label":1}},{"type":"Feature","geometry":{"type":"Point","coordinates":[12.5606,55.664151]},"properties":{"name":"Københavns Busterminal (Carsten Niebuhrs Gade)","lines":"17","arr":["17"],"terminus":0,"mode":"bus","color":"#0059a9","colorDark":"#00294f","angle":323.4,"snapDist":10,"label":1}},{"type":"Feature","geometry":{"type":"Point","coordinates":[12.557485,55.661165]},"properties":{"name":"Otto Busses Vej (Vasbygade)","lines":"17","arr":["17"],"terminus":0,"mode":"bus","color":"#0059a9","colorDark":"#00294f","angle":292.8,"snapDist":0,"label":1}},{"type":"Feature","geometry":{"type":"Point","coordinates":[12.556737,55.658424]},"properties":{"name":"Toldkammeret (Vasbygade)","lines":"17","arr":["17"],"terminus":0,"mode":"bus","color":"#0059a9","colorDark":"#00294f","angle":296.9,"snapDist":0,"label":1}},{"type":"Feature","geometry":{"type":"Point","coordinates":[12.554476,55.657363]},"properties":{"name":"H. C. Ørsted Værket (Vasbygade)","lines":"17","arr":["17"],"terminus":0,"mode":"bus","color":"#0059a9","colorDark":"#00294f","angle":345.6,"snapDist":0,"label":1}},{"type":"Feature","geometry":{"type":"Point","coordinates":[12.548656,55.65653]},"properties":{"name":"Frederiks Brygge (Vasbygade)","lines":"17","arr":["17"],"terminus":0,"mode":"bus","color":"#0059a9","colorDark":"#00294f","angle":346,"snapDist":0,"label":1}},{"type":"Feature","geometry":{"type":"Point","coordinates":[12.543121,55.653574]},"properties":{"name":"Scandiagade (Teglholmsgade)","lines":"17","arr":["17"],"terminus":0,"mode":"bus","color":"#0059a9","colorDark":"#00294f","angle":228.1,"snapDist":0,"label":1}},{"type":"Feature","geometry":{"type":"Point","coordinates":[12.551665,55.651827]},"properties":{"name":"Teglholm Allé (Teglholmsgade)","lines":"17","arr":["17"],"terminus":0,"mode":"bus","color":"#0059a9","colorDark":"#00294f","angle":214,"snapDist":0,"label":1}},{"type":"Feature","geometry":{"type":"Point","coordinates":[12.551688,55.649717]},"properties":{"name":"Alliancevej (Støberigade)","lines":"17","arr":["17"],"terminus":0,"mode":"bus","color":"#0059a9","colorDark":"#00294f","angle":302.6,"snapDist":1,"label":1}},{"type":"Feature","geometry":{"type":"Point","coordinates":[12.549081,55.646491]},"properties":{"name":"Thad Jones Vej (Sluseholmen)","lines":"17","arr":["17"],"terminus":0,"mode":"bus","color":"#0059a9","colorDark":"#00294f","angle":305.2,"snapDist":0,"label":1}},{"type":"Feature","geometry":{"type":"Point","coordinates":[12.533615,55.649337]},"properties":{"name":"Mozarts Plads St. (Borgm. Christiansens Gade)","lines":"17","arr":["17"],"terminus":0,"mode":"bus","color":"#0059a9","colorDark":"#00294f","angle":29.1,"snapDist":2,"label":0}},{"type":"Feature","geometry":{"type":"Point","coordinates":[12.523772,55.652875]},"properties":{"name":"HF Stien (Carl Jacobsens Vej)","lines":"17","arr":["17"],"terminus":0,"mode":"bus","color":"#0059a9","colorDark":"#00294f","angle":31.5,"snapDist":0,"label":1}},{"type":"Feature","geometry":{"type":"Point","coordinates":[12.520708,55.652931]},"properties":{"name":"Trekronergade (Carl Jacobsens Vej)","lines":"17","arr":["17"],"terminus":0,"mode":"bus","color":"#0059a9","colorDark":"#00294f","angle":355.7,"snapDist":0,"label":1}},{"type":"Feature","geometry":{"type":"Point","coordinates":[12.517455,55.652646]},"properties":{"name":"København Syd St. (Carl Jacobsens Vej)","lines":"17, 87","arr":["17","87"],"terminus":1,"mode":"bus","color":"#0059a9","colorDark":"#00294f","angle":32.2,"snapDist":2,"label":1}},{"type":"Feature","geometry":{"type":"Point","coordinates":[12.520948,55.652942]},"properties":{"name":"Trekronergade (Carl Jacobsens Vej)","lines":"17","arr":["17"],"terminus":0,"mode":"bus","color":"#0059a9","colorDark":"#00294f","angle":175.1,"snapDist":0,"label":0}},{"type":"Feature","geometry":{"type":"Point","coordinates":[12.524379,55.652666]},"properties":{"name":"HF Stien (Carl Jacobsens Vej)","lines":"17","arr":["17"],"terminus":0,"mode":"bus","color":"#0059a9","colorDark":"#00294f","angle":211.4,"snapDist":1,"label":0}},{"type":"Feature","geometry":{"type":"Point","coordinates":[12.549114,55.646518]},"properties":{"name":"Ernie Wilkins Vej (Sluseholmen)","lines":"17","arr":["17"],"terminus":0,"mode":"bus","color":"#0059a9","colorDark":"#00294f","angle":125.3,"snapDist":0,"label":1}},{"type":"Feature","geometry":{"type":"Point","coordinates":[12.551908,55.64991]},"properties":{"name":"Alliancevej (Støberigade)","lines":"17","arr":["17"],"terminus":0,"mode":"bus","color":"#0059a9","colorDark":"#00294f","angle":122.6,"snapDist":1,"label":0}},{"type":"Feature","geometry":{"type":"Point","coordinates":[12.55129,55.651968]},"properties":{"name":"Teglholm Allé (Teglholmsgade)","lines":"17","arr":["17"],"terminus":0,"mode":"bus","color":"#0059a9","colorDark":"#00294f","angle":33,"snapDist":3,"label":0}},{"type":"Feature","geometry":{"type":"Point","coordinates":[12.544926,55.652902]},"properties":{"name":"Scandiagade (Teglholmsgade)","lines":"17","arr":["17"],"terminus":0,"mode":"bus","color":"#0059a9","colorDark":"#00294f","angle":31.8,"snapDist":2,"label":0}},{"type":"Feature","geometry":{"type":"Point","coordinates":[12.542883,55.654439]},"properties":{"name":"Teglholmsgade (Vasbygade)","lines":"17","arr":["17"],"terminus":0,"mode":"bus","color":"#0059a9","colorDark":"#00294f","angle":119.3,"snapDist":0,"label":1}},{"type":"Feature","geometry":{"type":"Point","coordinates":[12.549024,55.656481]},"properties":{"name":"Frederiks Brygge (Vasbygade)","lines":"17","arr":["17"],"terminus":0,"mode":"bus","color":"#0059a9","colorDark":"#00294f","angle":165.1,"snapDist":1,"label":0}},{"type":"Feature","geometry":{"type":"Point","coordinates":[12.555647,55.65755]},"properties":{"name":"H. C. Ørsted Værket (Vasbygade)","lines":"17","arr":["17"],"terminus":0,"mode":"bus","color":"#0059a9","colorDark":"#00294f","angle":144.8,"snapDist":1,"label":0}},{"type":"Feature","geometry":{"type":"Point","coordinates":[12.557063,55.658585]},"properties":{"name":"Toldkammeret (Vasbygade)","lines":"17","arr":["17"],"terminus":0,"mode":"bus","color":"#0059a9","colorDark":"#00294f","angle":109.8,"snapDist":1,"label":0}},{"type":"Feature","geometry":{"type":"Point","coordinates":[12.557279,55.661533]},"properties":{"name":"Kalvebod Brygge (Otto Busses Vej)","lines":"17","arr":["17"],"terminus":0,"mode":"bus","color":"#0059a9","colorDark":"#00294f","angle":20.8,"snapDist":2,"label":1}},{"type":"Feature","geometry":{"type":"Point","coordinates":[12.560917,55.66429]},"properties":{"name":"Københavns Busterminal (Carsten Niebuhrs Gade)","lines":"17","arr":["17"],"terminus":0,"mode":"bus","color":"#0059a9","colorDark":"#00294f","angle":-38.7,"snapDist":10,"label":0}},{"type":"Feature","geometry":{"type":"Point","coordinates":[12.566557,55.665522]},"properties":{"name":"Tivoli Hotel (Kalvebod Brygge)","lines":"17","arr":["17"],"terminus":0,"mode":"bus","color":"#0059a9","colorDark":"#00294f","angle":140.8,"snapDist":0,"label":0}},{"type":"Feature","geometry":{"type":"Point","coordinates":[12.569666,55.670099]},"properties":{"name":"Polititorvet (Bernstorffsgade)","lines":"17","arr":["17"],"terminus":0,"mode":"bus","color":"#0059a9","colorDark":"#00294f","angle":57.3,"snapDist":0,"label":0}},{"type":"Feature","geometry":{"type":"Point","coordinates":[12.537173,55.684061]},"properties":{"name":"Helgesvej (Falkoner Allé)","lines":"18","arr":["18"],"terminus":0,"mode":"bus","color":"#0059a9","colorDark":"#00294f","angle":121.9,"snapDist":0,"label":1}},{"type":"Feature","geometry":{"type":"Point","coordinates":[12.53895,55.685611]},"properties":{"name":"Rolighedsvej (Falkoner Allé)","lines":"18","arr":["18"],"terminus":0,"mode":"bus","color":"#0059a9","colorDark":"#00294f","angle":122.1,"snapDist":2,"label":1}},{"type":"Feature","geometry":{"type":"Point","coordinates":[12.540794,55.68725]},"properties":{"name":"Ågade (Falkoner Allé)","lines":"18","arr":["18"],"terminus":0,"mode":"bus","color":"#0059a9","colorDark":"#00294f","angle":122.5,"snapDist":1,"label":1}},{"type":"Feature","geometry":{"type":"Point","coordinates":[12.542582,55.688838]},"properties":{"name":"Nuuks Plads St. (Jagtvej)","lines":"18","arr":["18"],"terminus":0,"mode":"bus","color":"#0059a9","colorDark":"#00294f","angle":121.8,"snapDist":3,"label":1}},{"type":"Feature","geometry":{"type":"Point","coordinates":[12.545978,55.691838]},"properties":{"name":"Jægersborggade (Jagtvej)","lines":"18","arr":["18"],"terminus":0,"mode":"bus","color":"#0059a9","colorDark":"#00294f","angle":123.4,"snapDist":1,"label":1}},{"type":"Feature","geometry":{"type":"Point","coordinates":[12.549538,55.694935]},"properties":{"name":"Nørrebros Runddel St. (Jagtvej)","lines":"18","arr":["18"],"terminus":0,"mode":"bus","color":"#0059a9","colorDark":"#00294f","angle":121.4,"snapDist":1,"label":1}},{"type":"Feature","geometry":{"type":"Point","coordinates":[12.551967,55.69707]},"properties":{"name":"Stevnsgade (Jagtvej)","lines":"18","arr":["18"],"terminus":0,"mode":"bus","color":"#0059a9","colorDark":"#00294f","angle":122.3,"snapDist":1,"label":1}},{"type":"Feature","geometry":{"type":"Point","coordinates":[12.555027,55.699655]},"properties":{"name":"Tagensvej (Jagtvej)","lines":"18","arr":["18"],"terminus":0,"mode":"bus","color":"#0059a9","colorDark":"#00294f","angle":122.2,"snapDist":0,"label":1}},{"type":"Feature","geometry":{"type":"Point","coordinates":[12.556223,55.708308]},"properties":{"name":"Haraldsgade (Lersø Parkallé)","lines":"18","arr":["18"],"terminus":0,"mode":"bus","color":"#0059a9","colorDark":"#00294f","angle":71,"snapDist":0,"label":0}},{"type":"Feature","geometry":{"type":"Point","coordinates":[12.548898,55.713963]},"properties":{"name":"Strødamvej (Lersø Parkallé)","lines":"18","arr":["18"],"terminus":0,"mode":"bus","color":"#0059a9","colorDark":"#00294f","angle":36.5,"snapDist":2,"label":1}},{"type":"Feature","geometry":{"type":"Point","coordinates":[12.54577,55.71597]},"properties":{"name":"Gribskovvej, Bispebjerg Hospital (Lersø Parkallé)","lines":"18","arr":["18"],"terminus":0,"mode":"bus","color":"#0059a9","colorDark":"#00294f","angle":65.6,"snapDist":1,"label":1}},{"type":"Feature","geometry":{"type":"Point","coordinates":[12.543394,55.719115]},"properties":{"name":"Emdrup St. (Lersø Parkallé)","lines":"18","arr":["18"],"terminus":0,"mode":"bus","color":"#0059a9","colorDark":"#00294f","angle":66.8,"snapDist":6,"label":1}},{"type":"Feature","geometry":{"type":"Point","coordinates":[12.544558,55.722227]},"properties":{"name":"Emdrup Søpark (Emdrupvej)","lines":"18","arr":["18"],"terminus":0,"mode":"bus","color":"#0059a9","colorDark":"#00294f","angle":20.6,"snapDist":2,"label":1}},{"type":"Feature","geometry":{"type":"Point","coordinates":[12.53894,55.722723]},"properties":{"name":"Banebrinken (Emdrupvej)","lines":"18","arr":["18"],"terminus":0,"mode":"bus","color":"#0059a9","colorDark":"#00294f","angle":0.7,"snapDist":2,"label":1}},{"type":"Feature","geometry":{"type":"Point","coordinates":[12.534736,55.7229]},"properties":{"name":"Skovstjernevej (Emdrupvej)","lines":"18","arr":["18"],"terminus":0,"mode":"bus","color":"#0059a9","colorDark":"#00294f","angle":5.1,"snapDist":1,"label":1}},{"type":"Feature","geometry":{"type":"Point","coordinates":[12.529793,55.72284]},"properties":{"name":"Emdrup Torv (Emdrupvej)","lines":"18","arr":["18"],"terminus":1,"mode":"bus","color":"#0059a9","colorDark":"#00294f","angle":79.7,"snapDist":1,"label":1}},{"type":"Feature","geometry":{"type":"Point","coordinates":[12.53391,55.722938]},"properties":{"name":"Skovstjernevej (Emdrupvej)","lines":"18","arr":["18"],"terminus":0,"mode":"bus","color":"#0059a9","colorDark":"#00294f","angle":183.4,"snapDist":1,"label":0}},{"type":"Feature","geometry":{"type":"Point","coordinates":[12.539544,55.722716]},"properties":{"name":"Banebrinken (Emdrupvej)","lines":"18","arr":["18"],"terminus":0,"mode":"bus","color":"#0059a9","colorDark":"#00294f","angle":180.8,"snapDist":2,"label":0}},{"type":"Feature","geometry":{"type":"Point","coordinates":[12.544944,55.72162]},"properties":{"name":"Emdrup Søpark (Tuborgvej)","lines":"18, 21","arr":["18","21"],"terminus":0,"mode":"bus","color":"#0059a9","colorDark":"#00294f","angle":301.5,"snapDist":6,"label":1}},{"type":"Feature","geometry":{"type":"Point","coordinates":[12.543007,55.719601]},"properties":{"name":"Emdrup St. (Lersø Parkallé)","lines":"18","arr":["18"],"terminus":0,"mode":"bus","color":"#0059a9","colorDark":"#00294f","angle":245.4,"snapDist":3,"label":0}},{"type":"Feature","geometry":{"type":"Point","coordinates":[12.546516,55.715363]},"properties":{"name":"Gribskovvej, Bispebjerg Hospital (Lersø Parkallé)","lines":"18","arr":["18"],"terminus":0,"mode":"bus","color":"#0059a9","colorDark":"#00294f","angle":228.2,"snapDist":1,"label":0}},{"type":"Feature","geometry":{"type":"Point","coordinates":[12.550007,55.713276]},"properties":{"name":"Strødamvej (Lersø Parkallé)","lines":"18","arr":["18"],"terminus":0,"mode":"bus","color":"#0059a9","colorDark":"#00294f","angle":227.2,"snapDist":2,"label":0}},{"type":"Feature","geometry":{"type":"Point","coordinates":[12.558409,55.702866]},"properties":{"name":"Universitetsparken (Jagtvej)","lines":"18","arr":["18"],"terminus":0,"mode":"bus","color":"#0059a9","colorDark":"#00294f","angle":301.8,"snapDist":1,"label":0}},{"type":"Feature","geometry":{"type":"Point","coordinates":[12.554926,55.699739]},"properties":{"name":"Tagensvej (Jagtvej)","lines":"18","arr":["18"],"terminus":0,"mode":"bus","color":"#0059a9","colorDark":"#00294f","angle":296.7,"snapDist":3,"label":0}},{"type":"Feature","geometry":{"type":"Point","coordinates":[12.551124,55.696319]},"properties":{"name":"Stevnsgade (Jagtvej)","lines":"18","arr":["18"],"terminus":0,"mode":"bus","color":"#0059a9","colorDark":"#00294f","angle":302.2,"snapDist":1,"label":0}},{"type":"Feature","geometry":{"type":"Point","coordinates":[12.549331,55.694742]},"properties":{"name":"Nørrebros Runddel St. (Jagtvej)","lines":"18","arr":["18"],"terminus":0,"mode":"bus","color":"#0059a9","colorDark":"#00294f","angle":291.8,"snapDist":0,"label":0}},{"type":"Feature","geometry":{"type":"Point","coordinates":[12.545266,55.69122]},"properties":{"name":"Jægersborggade (Jagtvej)","lines":"18","arr":["18"],"terminus":0,"mode":"bus","color":"#0059a9","colorDark":"#00294f","angle":303,"snapDist":1,"label":0}},{"type":"Feature","geometry":{"type":"Point","coordinates":[12.542446,55.688715]},"properties":{"name":"Nuuks Plads St. (Jagtvej)","lines":"18","arr":["18"],"terminus":0,"mode":"bus","color":"#0059a9","colorDark":"#00294f","angle":301.8,"snapDist":3,"label":0}},{"type":"Feature","geometry":{"type":"Point","coordinates":[12.540391,55.686894]},"properties":{"name":"Ågade (Falkoner Allé)","lines":"18","arr":["18"],"terminus":0,"mode":"bus","color":"#0059a9","colorDark":"#00294f","angle":302.5,"snapDist":1,"label":0}},{"type":"Feature","geometry":{"type":"Point","coordinates":[12.53825,55.68499]},"properties":{"name":"Rolighedsvej (Falkoner Allé)","lines":"18, 71","arr":["18","71"],"terminus":0,"mode":"bus","color":"#0059a9","colorDark":"#00294f","angle":302.6,"snapDist":2,"label":0}},{"type":"Feature","geometry":{"type":"Point","coordinates":[12.536736,55.683666]},"properties":{"name":"Helgesvej (Falkoner Allé)","lines":"18, 71","arr":["18","71"],"terminus":0,"mode":"bus","color":"#0059a9","colorDark":"#00294f","angle":301.9,"snapDist":0,"label":0}},{"type":"Feature","geometry":{"type":"Point","coordinates":[12.398257,55.663504]},"properties":{"name":"Glostrup St.","lines":"19","arr":["19"],"terminus":1,"mode":"bus","color":"#0059a9","colorDark":"#00294f","angle":176.2,"snapDist":1,"label":1}},{"type":"Feature","geometry":{"type":"Point","coordinates":[12.401754,55.666228]},"properties":{"name":"Glostrup Centret (Hovedvejen)","lines":"19, 141, 847","arr":["19","141","847"],"terminus":0,"mode":"bus","color":"#0059a9","colorDark":"#00294f","angle":170.4,"snapDist":0,"label":1}},{"type":"Feature","geometry":{"type":"Point","coordinates":[12.407297,55.666734]},"properties":{"name":"Søndervangskolen (Hovedvejen)","lines":"19, 141, 847","arr":["19","141","847"],"terminus":0,"mode":"bus","color":"#0059a9","colorDark":"#00294f","angle":171.1,"snapDist":1,"label":1}},{"type":"Feature","geometry":{"type":"Point","coordinates":[12.411336,55.667076]},"properties":{"name":"Byparken (Hovedvejen)","lines":"19","arr":["19"],"terminus":0,"mode":"bus","color":"#0059a9","colorDark":"#00294f","angle":169.3,"snapDist":1,"label":1}},{"type":"Feature","geometry":{"type":"Point","coordinates":[12.416882,55.667573]},"properties":{"name":"Paul Bergsøes Vej (Hovedvejen)","lines":"19","arr":["19"],"terminus":0,"mode":"bus","color":"#0059a9","colorDark":"#00294f","angle":170.6,"snapDist":1,"label":1}},{"type":"Feature","geometry":{"type":"Point","coordinates":[12.427083,55.668659]},"properties":{"name":"Voldgaden (Roskildevej)","lines":"19","arr":["19"],"terminus":0,"mode":"bus","color":"#0059a9","colorDark":"#00294f","angle":178.5,"snapDist":1,"label":1}},{"type":"Feature","geometry":{"type":"Point","coordinates":[12.435731,55.669748]},"properties":{"name":"Roskildevej (Korsdalsvej)","lines":"19","arr":["19"],"terminus":0,"mode":"bus","color":"#0059a9","colorDark":"#00294f","angle":78.6,"snapDist":1,"label":1}},{"type":"Feature","geometry":{"type":"Point","coordinates":[12.433405,55.676579]},"properties":{"name":"Irmabyen (Korsdalsvej)","lines":"19","arr":["19"],"terminus":0,"mode":"bus","color":"#0059a9","colorDark":"#00294f","angle":90.3,"snapDist":1,"label":1}},{"type":"Feature","geometry":{"type":"Point","coordinates":[12.436891,55.680897]},"properties":{"name":"Espelunden (Rødovre Parkvej)","lines":"19","arr":["19"],"terminus":0,"mode":"bus","color":"#0059a9","colorDark":"#00294f","angle":178.3,"snapDist":0,"label":1}},{"type":"Feature","geometry":{"type":"Point","coordinates":[12.44465,55.680987]},"properties":{"name":"Rødovrehallen (Rødovre Parkvej)","lines":"19, 848","arr":["19","848"],"terminus":0,"mode":"bus","color":"#0059a9","colorDark":"#00294f","angle":179.4,"snapDist":2,"label":1}},{"type":"Feature","geometry":{"type":"Point","coordinates":[12.452161,55.680635]},"properties":{"name":"Tårnvej (Rødovre Parkvej)","lines":"19, 848","arr":["19","848"],"terminus":0,"mode":"bus","color":"#0059a9","colorDark":"#00294f","angle":185.4,"snapDist":1,"label":1}},{"type":"Feature","geometry":{"type":"Point","coordinates":[12.457371,55.680341]},"properties":{"name":"Rødovre Centrum (Rødovre Parkvej)","lines":"19, 848","arr":["19","848"],"terminus":0,"mode":"bus","color":"#0059a9","colorDark":"#00294f","angle":182.7,"snapDist":1,"label":0}},{"type":"Feature","geometry":{"type":"Point","coordinates":[12.460588,55.680378]},"properties":{"name":"Birkmosevej (Rødovre Parkvej)","lines":"19, 132, 848","arr":["19","132","848"],"terminus":0,"mode":"bus","color":"#0059a9","colorDark":"#00294f","angle":182.9,"snapDist":0,"label":1}},{"type":"Feature","geometry":{"type":"Point","coordinates":[12.464929,55.682049]},"properties":{"name":"Rødovre Kirke (Rødovrevej)","lines":"19, 848","arr":["19","848"],"terminus":0,"mode":"bus","color":"#0059a9","colorDark":"#00294f","angle":90.5,"snapDist":0,"label":1}},{"type":"Feature","geometry":{"type":"Point","coordinates":[12.464833,55.683607]},"properties":{"name":"Gunnekær (Rødovrevej)","lines":"19, 848","arr":["19","848"],"terminus":0,"mode":"bus","color":"#0059a9","colorDark":"#00294f","angle":87.2,"snapDist":0,"label":1}},{"type":"Feature","geometry":{"type":"Point","coordinates":[12.464636,55.685449]},"properties":{"name":"Tæbyvej (Rødovrevej)","lines":"19, 848","arr":["19","848"],"terminus":0,"mode":"bus","color":"#0059a9","colorDark":"#00294f","angle":83.2,"snapDist":1,"label":1}},{"type":"Feature","geometry":{"type":"Point","coordinates":[12.463831,55.688834]},"properties":{"name":"Schweizerdalsvej (Rødovrevej)","lines":"19","arr":["19"],"terminus":0,"mode":"bus","color":"#0059a9","colorDark":"#00294f","angle":82.4,"snapDist":1,"label":1}},{"type":"Feature","geometry":{"type":"Point","coordinates":[12.463045,55.691787]},"properties":{"name":"Rødovrevej (Jyllingevej)","lines":"19, 142","arr":["19","142"],"terminus":0,"mode":"bus","color":"#0059a9","colorDark":"#00294f","angle":187.1,"snapDist":0,"label":1}},{"type":"Feature","geometry":{"type":"Point","coordinates":[12.46689,55.691521]},"properties":{"name":"Damhusengen (Jyllingevej)","lines":"19, 142","arr":["19","142"],"terminus":0,"mode":"bus","color":"#0059a9","colorDark":"#00294f","angle":185,"snapDist":0,"label":1}},{"type":"Feature","geometry":{"type":"Point","coordinates":[12.471474,55.691185]},"properties":{"name":"Krogebjerg (Jyllingevej)","lines":"19, 142","arr":["19","142"],"terminus":0,"mode":"bus","color":"#0059a9","colorDark":"#00294f","angle":188.4,"snapDist":1,"label":1}},{"type":"Feature","geometry":{"type":"Point","coordinates":[12.47759,55.690848]},"properties":{"name":"Jyllingevej St.","lines":"19, 142","arr":["19","142"],"terminus":0,"mode":"bus","color":"#0059a9","colorDark":"#00294f","angle":177.5,"snapDist":0,"label":1}},{"type":"Feature","geometry":{"type":"Point","coordinates":[12.487109,55.691897]},"properties":{"name":"Jyllingevej (Jernbane Allé)","lines":"19, 22, 26","arr":["19","22","26"],"terminus":0,"mode":"bus","color":"#0059a9","colorDark":"#00294f","angle":251,"snapDist":2,"label":1}},{"type":"Feature","geometry":{"type":"Point","coordinates":[12.487927,55.690674]},"properties":{"name":"Børglumvej (Jernbane Allé)","lines":"19, 22, 26","arr":["19","22","26"],"terminus":0,"mode":"bus","color":"#0059a9","colorDark":"#00294f","angle":249,"snapDist":1,"label":1}},{"type":"Feature","geometry":{"type":"Point","coordinates":[12.490713,55.687933]},"properties":{"name":"Vanløse St. (Vanløse Allé)","lines":"19, 26","arr":["19","26"],"terminus":0,"mode":"bus","color":"#0059a9","colorDark":"#00294f","angle":163.5,"snapDist":1,"label":1}},{"type":"Feature","geometry":{"type":"Point","coordinates":[12.497345,55.687995]},"properties":{"name":"Kilholmvej (Apollovej)","lines":"19, 26","arr":["19","26"],"terminus":0,"mode":"bus","color":"#0059a9","colorDark":"#00294f","angle":186.7,"snapDist":1,"label":1}},{"type":"Feature","geometry":{"type":"Point","coordinates":[12.49654,55.681344]},"properties":{"name":"A.D. Jørgensens vej (Sønderjyllands Allé)","lines":"19, 31","arr":["19","31"],"terminus":0,"mode":"bus","color":"#0059a9","colorDark":"#00294f","angle":250.4,"snapDist":1,"label":1}},{"type":"Feature","geometry":{"type":"Point","coordinates":[12.499714,55.678521]},"properties":{"name":"Sønderjyllands Allé (Peter Bangs Vej)","lines":"19","arr":["19"],"terminus":0,"mode":"bus","color":"#0059a9","colorDark":"#00294f","angle":176.1,"snapDist":1,"label":1}},{"type":"Feature","geometry":{"type":"Point","coordinates":[12.504343,55.678636]},"properties":{"name":"Peter Bangs Vej St. (Peter Bangs Vej)","lines":"19, 31","arr":["19","31"],"terminus":0,"mode":"bus","color":"#0059a9","colorDark":"#00294f","angle":176.8,"snapDist":3,"label":1}},{"type":"Feature","geometry":{"type":"Point","coordinates":[12.510229,55.678837]},"properties":{"name":"Dalgas Boulevard (Peter Bangs Vej)","lines":"19, 31","arr":["19","31"],"terminus":0,"mode":"bus","color":"#0059a9","colorDark":"#00294f","angle":177.6,"snapDist":1,"label":1}},{"type":"Feature","geometry":{"type":"Point","coordinates":[12.512606,55.678916]},"properties":{"name":"Folkets Allé (Peter Bangs Vej)","lines":"19","arr":["19"],"terminus":0,"mode":"bus","color":"#0059a9","colorDark":"#00294f","angle":177.5,"snapDist":1,"label":1}},{"type":"Feature","geometry":{"type":"Point","coordinates":[12.516594,55.67905]},"properties":{"name":"Lindevangs Allé (Peter Bangs Vej)","lines":"19, 31","arr":["19","31"],"terminus":0,"mode":"bus","color":"#0059a9","colorDark":"#00294f","angle":175.6,"snapDist":1,"label":1}},{"type":"Feature","geometry":{"type":"Point","coordinates":[12.520426,55.679285]},"properties":{"name":"Fasanvej (Smallegade)","lines":"19, 31","arr":["19","31"],"terminus":0,"mode":"bus","color":"#0059a9","colorDark":"#00294f","angle":171.9,"snapDist":2,"label":1}},{"type":"Feature","geometry":{"type":"Point","coordinates":[12.539824,55.667544]},"properties":{"name":"Ny Carlsberg Vej (Vesterfælledvej)","lines":"19","arr":["19"],"terminus":0,"mode":"bus","color":"#0059a9","colorDark":"#00294f","angle":290.9,"snapDist":1,"label":1}},{"type":"Feature","geometry":{"type":"Point","coordinates":[12.537767,55.66381]},"properties":{"name":"Carlsberg St. (Vesterfælledvej)","lines":"19","arr":["19"],"terminus":0,"mode":"bus","color":"#0059a9","colorDark":"#00294f","angle":287,"snapDist":1,"label":1}},{"type":"Feature","geometry":{"type":"Point","coordinates":[12.540421,55.660632]},"properties":{"name":"Bavnehøj Hallen (Enghavevej)","lines":"19, 23","arr":["19","23"],"terminus":0,"mode":"bus","color":"#0059a9","colorDark":"#00294f","angle":287.8,"snapDist":4,"label":1}},{"type":"Feature","geometry":{"type":"Point","coordinates":[12.539001,55.658138]},"properties":{"name":"Bavnehøj Allé (Enghavevej)","lines":"19","arr":["19"],"terminus":0,"mode":"bus","color":"#0059a9","colorDark":"#00294f","angle":287.7,"snapDist":4,"label":1}},{"type":"Feature","geometry":{"type":"Point","coordinates":[12.537916,55.655252]},"properties":{"name":"Sydhavn St. (Enghavevej)","lines":"19, 23","arr":["19","23"],"terminus":0,"mode":"bus","color":"#0059a9","colorDark":"#00294f","angle":264.6,"snapDist":4,"label":1}},{"type":"Feature","geometry":{"type":"Point","coordinates":[12.538568,55.652531]},"properties":{"name":"Sydhavns Plads (Borgbjergsvej)","lines":"19, 23","arr":["19","23"],"terminus":0,"mode":"bus","color":"#0059a9","colorDark":"#00294f","angle":299.8,"snapDist":2,"label":1}},{"type":"Feature","geometry":{"type":"Point","coordinates":[12.53647,55.650787]},"properties":{"name":"Anker Jørgensens Plads (Borgbjergsvej)","lines":"19, 23","arr":["19","23"],"terminus":0,"mode":"bus","color":"#0059a9","colorDark":"#00294f","angle":304.1,"snapDist":1,"label":1}},{"type":"Feature","geometry":{"type":"Point","coordinates":[12.533688,55.648727]},"properties":{"name":"Mozarts Plads St. (Mozartsvej)","lines":"19, 23","arr":["19","23"],"terminus":0,"mode":"bus","color":"#0059a9","colorDark":"#00294f","angle":326.3,"snapDist":3,"label":1}},{"type":"Feature","geometry":{"type":"Point","coordinates":[12.526793,55.6478]},"properties":{"name":"Stubmøllevej (Hammelstrupvej)","lines":"19","arr":["19"],"terminus":0,"mode":"bus","color":"#0059a9","colorDark":"#00294f","angle":312.5,"snapDist":2,"label":1}},{"type":"Feature","geometry":{"type":"Point","coordinates":[12.524058,55.646132]},"properties":{"name":"Kgs. Enghave, Valbyparken (Hammelstrupvej)","lines":"19","arr":["19"],"terminus":1,"mode":"bus","color":"#0059a9","colorDark":"#00294f","angle":312.1,"snapDist":0,"label":1}},{"type":"Feature","geometry":{"type":"Point","coordinates":[12.528121,55.64815]},"properties":{"name":"Rubinsteinsvej (Mozartsvej)","lines":"19, 23","arr":["19","23"],"terminus":0,"mode":"bus","color":"#0059a9","colorDark":"#00294f","angle":170.6,"snapDist":1,"label":1}},{"type":"Feature","geometry":{"type":"Point","coordinates":[12.534754,55.649361]},"properties":{"name":"Mozarts Plads St. (Borgbjergsvej)","lines":"19, 23","arr":["19","23"],"terminus":0,"mode":"bus","color":"#0059a9","colorDark":"#00294f","angle":124.1,"snapDist":1,"label":1}},{"type":"Feature","geometry":{"type":"Point","coordinates":[12.537168,55.651367]},"properties":{"name":"Anker Jørgensens Plads (Borgbjergsvej)","lines":"19, 23","arr":["19","23"],"terminus":0,"mode":"bus","color":"#0059a9","colorDark":"#00294f","angle":124.1,"snapDist":0,"label":0}},{"type":"Feature","geometry":{"type":"Point","coordinates":[12.53835,55.654398]},"properties":{"name":"Sydhavn St. (Enghavevej)","lines":"19, 23","arr":["19","23"],"terminus":0,"mode":"bus","color":"#0059a9","colorDark":"#00294f","angle":75.2,"snapDist":0,"label":0}},{"type":"Feature","geometry":{"type":"Point","coordinates":[12.539706,55.658964]},"properties":{"name":"Bavnehøj Allé (Enghavevej)","lines":"19, 23","arr":["19","23"],"terminus":0,"mode":"bus","color":"#0059a9","colorDark":"#00294f","angle":107.5,"snapDist":1,"label":0}},{"type":"Feature","geometry":{"type":"Point","coordinates":[12.537877,55.664004]},"properties":{"name":"Carlsberg St. (Vesterfælledvej)","lines":"19","arr":["19"],"terminus":0,"mode":"bus","color":"#0059a9","colorDark":"#00294f","angle":107.7,"snapDist":1,"label":0}},{"type":"Feature","geometry":{"type":"Point","coordinates":[12.539676,55.667338]},"properties":{"name":"Ny Carlsberg Vej (Vesterfælledvej)","lines":"19","arr":["19"],"terminus":0,"mode":"bus","color":"#0059a9","colorDark":"#00294f","angle":112.6,"snapDist":1,"label":0}},{"type":"Feature","geometry":{"type":"Point","coordinates":[12.515973,55.679025]},"properties":{"name":"Lindevangs Allé (Peter Bangs Vej)","lines":"19, 31, 72","arr":["19","31","72"],"terminus":0,"mode":"bus","color":"#0059a9","colorDark":"#00294f","angle":356.1,"snapDist":0,"label":0}},{"type":"Feature","geometry":{"type":"Point","coordinates":[12.512079,55.678903]},"properties":{"name":"Folkets Allé (Peter Bangs Vej)","lines":"19, 31, 72","arr":["19","31","72"],"terminus":0,"mode":"bus","color":"#0059a9","colorDark":"#00294f","angle":357.6,"snapDist":0,"label":0}},{"type":"Feature","geometry":{"type":"Point","coordinates":[12.507629,55.67874]},"properties":{"name":"Dalgas Boulevard (Peter Bangs Vej)","lines":"19, 31, 72","arr":["19","31","72"],"terminus":0,"mode":"bus","color":"#0059a9","colorDark":"#00294f","angle":356.8,"snapDist":2,"label":0}},{"type":"Feature","geometry":{"type":"Point","coordinates":[12.503398,55.678642]},"properties":{"name":"Peter Bangs Vej St. (Peter Bangs Vej)","lines":"19, 31, 72","arr":["19","31","72"],"terminus":0,"mode":"bus","color":"#0059a9","colorDark":"#00294f","angle":357.4,"snapDist":1,"label":0}},{"type":"Feature","geometry":{"type":"Point","coordinates":[12.498322,55.678755]},"properties":{"name":"Sønderjyllands Allé","lines":"19","arr":["19"],"terminus":0,"mode":"bus","color":"#0059a9","colorDark":"#00294f","angle":62.9,"snapDist":0,"label":1}},{"type":"Feature","geometry":{"type":"Point","coordinates":[12.495755,55.68236]},"properties":{"name":"Finsensvej (Sønderjyllands Allé)","lines":"19, 31","arr":["19","31"],"terminus":0,"mode":"bus","color":"#0059a9","colorDark":"#00294f","angle":60.8,"snapDist":0,"label":1}},{"type":"Feature","geometry":{"type":"Point","coordinates":[12.496885,55.688022]},"properties":{"name":"Kilholmvej (Apollovej)","lines":"19, 26","arr":["19","26"],"terminus":0,"mode":"bus","color":"#0059a9","colorDark":"#00294f","angle":4.8,"snapDist":0,"label":0}},{"type":"Feature","geometry":{"type":"Point","coordinates":[12.490178,55.687856]},"properties":{"name":"Vanløse St. (Vanløse Allé)","lines":"19, 26","arr":["19","26"],"terminus":0,"mode":"bus","color":"#0059a9","colorDark":"#00294f","angle":345.6,"snapDist":1,"label":0}},{"type":"Feature","geometry":{"type":"Point","coordinates":[12.488194,55.69028]},"properties":{"name":"Børglumvej (Jernbane Allé)","lines":"19, 22, 26","arr":["19","22","26"],"terminus":0,"mode":"bus","color":"#0059a9","colorDark":"#00294f","angle":69.2,"snapDist":1,"label":0}},{"type":"Feature","geometry":{"type":"Point","coordinates":[12.479998,55.691095]},"properties":{"name":"Vanløse, Ålekistevej (Jyllingevej)","lines":"19, 142","arr":["19","142"],"terminus":0,"mode":"bus","color":"#0059a9","colorDark":"#00294f","angle":347.1,"snapDist":1,"label":1}},{"type":"Feature","geometry":{"type":"Point","coordinates":[12.476895,55.690905]},"properties":{"name":"Jyllingevej St.","lines":"19, 142","arr":["19","142"],"terminus":0,"mode":"bus","color":"#0059a9","colorDark":"#00294f","angle":359.1,"snapDist":1,"label":0}},{"type":"Feature","geometry":{"type":"Point","coordinates":[12.471389,55.691285]},"properties":{"name":"Krogebjerg (Jyllingevej)","lines":"19, 142","arr":["19","142"],"terminus":0,"mode":"bus","color":"#0059a9","colorDark":"#00294f","angle":8.2,"snapDist":0,"label":0}},{"type":"Feature","geometry":{"type":"Point","coordinates":[12.466265,55.69166]},"properties":{"name":"Damhusengen (Jyllingevej)","lines":"19, 142","arr":["19","142"],"terminus":0,"mode":"bus","color":"#0059a9","colorDark":"#00294f","angle":6.8,"snapDist":0,"label":0}},{"type":"Feature","geometry":{"type":"Point","coordinates":[12.462571,55.691632]},"properties":{"name":"Jyllingevej (Rødovrevej)","lines":"19","arr":["19"],"terminus":0,"mode":"bus","color":"#0059a9","colorDark":"#00294f","angle":258,"snapDist":5,"label":1}},{"type":"Feature","geometry":{"type":"Point","coordinates":[12.46387,55.688679]},"properties":{"name":"Schweizerdalsvej (Rødovrevej)","lines":"19","arr":["19"],"terminus":0,"mode":"bus","color":"#0059a9","colorDark":"#00294f","angle":262,"snapDist":0,"label":0}},{"type":"Feature","geometry":{"type":"Point","coordinates":[12.464708,55.684995]},"properties":{"name":"Tæbyvej (Rødovrevej)","lines":"19, 848","arr":["19","848"],"terminus":0,"mode":"bus","color":"#0059a9","colorDark":"#00294f","angle":265.5,"snapDist":0,"label":0}},{"type":"Feature","geometry":{"type":"Point","coordinates":[12.46487,55.683138]},"properties":{"name":"Gunnekær (Rødovrevej)","lines":"19, 848","arr":["19","848"],"terminus":0,"mode":"bus","color":"#0059a9","colorDark":"#00294f","angle":267.7,"snapDist":0,"label":0}},{"type":"Feature","geometry":{"type":"Point","coordinates":[12.461747,55.680346]},"properties":{"name":"Birkmosevej (Rødovre Parkvej)","lines":"19, 132, 848","arr":["19","132","848"],"terminus":0,"mode":"bus","color":"#0059a9","colorDark":"#00294f","angle":2.8,"snapDist":0,"label":0}},{"type":"Feature","geometry":{"type":"Point","coordinates":[12.456879,55.680541]},"properties":{"name":"Rødovre Centrum (Rødovre Parkvej)","lines":"19","arr":["19"],"terminus":0,"mode":"bus","color":"#0059a9","colorDark":"#00294f","angle":1.1,"snapDist":1,"label":0}},{"type":"Feature","geometry":{"type":"Point","coordinates":[12.451592,55.680681]},"properties":{"name":"Tårnvej (Rødovre Parkvej)","lines":"19, 848","arr":["19","848"],"terminus":0,"mode":"bus","color":"#0059a9","colorDark":"#00294f","angle":10.7,"snapDist":0,"label":0}},{"type":"Feature","geometry":{"type":"Point","coordinates":[12.444523,55.680986]},"properties":{"name":"Rødovrehallen (Rødovre Parkvej)","lines":"19, 848","arr":["19","848"],"terminus":0,"mode":"bus","color":"#0059a9","colorDark":"#00294f","angle":359.4,"snapDist":2,"label":0}},{"type":"Feature","geometry":{"type":"Point","coordinates":[12.435769,55.680369]},"properties":{"name":"Espelunden (Korsdalsvej)","lines":"19","arr":["19"],"terminus":0,"mode":"bus","color":"#0059a9","colorDark":"#00294f","angle":284.2,"snapDist":0,"label":1}},{"type":"Feature","geometry":{"type":"Point","coordinates":[12.433564,55.675862]},"properties":{"name":"Irmabyen (Korsdalsvej)","lines":"19","arr":["19"],"terminus":0,"mode":"bus","color":"#0059a9","colorDark":"#00294f","angle":256.6,"snapDist":3,"label":0}},{"type":"Feature","geometry":{"type":"Point","coordinates":[12.435189,55.669343]},"properties":{"name":"Korsdalsvej (Roskildevej)","lines":"19","arr":["19"],"terminus":0,"mode":"bus","color":"#0059a9","colorDark":"#00294f","angle":348.6,"snapDist":1,"label":1}},{"type":"Feature","geometry":{"type":"Point","coordinates":[12.426499,55.668749]},"properties":{"name":"Voldgaden (Roskildevej)","lines":"19","arr":["19"],"terminus":0,"mode":"bus","color":"#0059a9","colorDark":"#00294f","angle":355.4,"snapDist":2,"label":0}},{"type":"Feature","geometry":{"type":"Point","coordinates":[12.416011,55.667604]},"properties":{"name":"Paul Bergsøes Vej (Hovedvejen)","lines":"19","arr":["19"],"terminus":0,"mode":"bus","color":"#0059a9","colorDark":"#00294f","angle":351.3,"snapDist":1,"label":0}},{"type":"Feature","geometry":{"type":"Point","coordinates":[12.410065,55.667085]},"properties":{"name":"Byparken (Hovedvejen)","lines":"19, 141","arr":["19","141"],"terminus":0,"mode":"bus","color":"#0059a9","colorDark":"#00294f","angle":348.1,"snapDist":1,"label":0}},{"type":"Feature","geometry":{"type":"Point","coordinates":[12.407146,55.666803]},"properties":{"name":"Søndervangskolen (Hovedvejen)","lines":"19, 141","arr":["19","141"],"terminus":0,"mode":"bus","color":"#0059a9","colorDark":"#00294f","angle":351.3,"snapDist":0,"label":0}},{"type":"Feature","geometry":{"type":"Point","coordinates":[12.568002,55.730879]},"properties":{"name":"Hellerup St.","lines":"21","arr":["21"],"terminus":1,"mode":"bus","color":"#0059a9","colorDark":"#00294f","angle":301.9,"snapDist":1,"label":0}},{"type":"Feature","geometry":{"type":"Point","coordinates":[12.571481,55.727066]},"properties":{"name":"Lundevangen (Tuborgvej)","lines":"21, 172","arr":["21","172"],"terminus":0,"mode":"bus","color":"#0059a9","colorDark":"#00294f","angle":10.9,"snapDist":3,"label":1}},{"type":"Feature","geometry":{"type":"Point","coordinates":[12.566353,55.727669]},"properties":{"name":"Estersvej (Tuborgvej)","lines":"21, 172","arr":["21","172"],"terminus":0,"mode":"bus","color":"#0059a9","colorDark":"#00294f","angle":11,"snapDist":2,"label":1}},{"type":"Feature","geometry":{"type":"Point","coordinates":[12.563588,55.727951]},"properties":{"name":"Rymarksvej (Tuborgvej)","lines":"21, 172","arr":["21","172"],"terminus":0,"mode":"bus","color":"#0059a9","colorDark":"#00294f","angle":11,"snapDist":1,"label":1}},{"type":"Feature","geometry":{"type":"Point","coordinates":[12.556036,55.727828]},"properties":{"name":"Sankt Lukas Stiftelsen (Tuborgvej)","lines":"21, 172","arr":["21","172"],"terminus":0,"mode":"bus","color":"#0059a9","colorDark":"#00294f","angle":347.5,"snapDist":0,"label":1}},{"type":"Feature","geometry":{"type":"Point","coordinates":[12.552514,55.727627]},"properties":{"name":"Lyngbyvej (Tuborgvej)","lines":"21","arr":["21"],"terminus":0,"mode":"bus","color":"#0059a9","colorDark":"#00294f","angle":356.4,"snapDist":0,"label":1}},{"type":"Feature","geometry":{"type":"Point","coordinates":[12.549192,55.726471]},"properties":{"name":"Ellehøj (Tuborgvej)","lines":"21, 185","arr":["21","185"],"terminus":0,"mode":"bus","color":"#0059a9","colorDark":"#00294f","angle":306,"snapDist":5,"label":1}},{"type":"Feature","geometry":{"type":"Point","coordinates":[12.54109,55.719431]},"properties":{"name":"Emdrup St. (Tuborgvej)","lines":"21","arr":["21"],"terminus":0,"mode":"bus","color":"#0059a9","colorDark":"#00294f","angle":323.9,"snapDist":1,"label":1}},{"type":"Feature","geometry":{"type":"Point","coordinates":[12.538009,55.716413]},"properties":{"name":"Bispebjerg Hospital (Tuborgvej)","lines":"21","arr":["21"],"terminus":0,"mode":"bus","color":"#0059a9","colorDark":"#00294f","angle":307.1,"snapDist":0,"label":1}},{"type":"Feature","geometry":{"type":"Point","coordinates":[12.531448,55.71176]},"properties":{"name":"Frederiksborgvej (Tomsgårdsvej)","lines":"21","arr":["21"],"terminus":0,"mode":"bus","color":"#0059a9","colorDark":"#00294f","angle":330,"snapDist":4,"label":1}},{"type":"Feature","geometry":{"type":"Point","coordinates":[12.525641,55.708851]},"properties":{"name":"Birkedommervej (Tomsgårdsvej)","lines":"21","arr":["21"],"terminus":0,"mode":"bus","color":"#0059a9","colorDark":"#00294f","angle":319.3,"snapDist":3,"label":1}},{"type":"Feature","geometry":{"type":"Point","coordinates":[12.521357,55.705562]},"properties":{"name":"Hulgårds Plads (Hulgårdsvej)","lines":"21","arr":["21"],"terminus":0,"mode":"bus","color":"#0059a9","colorDark":"#00294f","angle":283.3,"snapDist":1,"label":1}},{"type":"Feature","geometry":{"type":"Point","coordinates":[12.519049,55.701571]},"properties":{"name":"Borups Allé (Hulgårdsvej)","lines":"21","arr":["21"],"terminus":0,"mode":"bus","color":"#0059a9","colorDark":"#00294f","angle":300.7,"snapDist":1,"label":1}},{"type":"Feature","geometry":{"type":"Point","coordinates":[12.516239,55.698838]},"properties":{"name":"Grøndal Centret (Hulgårdsvej)","lines":"21","arr":["21"],"terminus":0,"mode":"bus","color":"#0059a9","colorDark":"#00294f","angle":300.8,"snapDist":1,"label":1}},{"type":"Feature","geometry":{"type":"Point","coordinates":[12.511005,55.695324]},"properties":{"name":"Godthåbsvej (Hulgårdsvej)","lines":"21","arr":["21"],"terminus":0,"mode":"bus","color":"#0059a9","colorDark":"#00294f","angle":315.7,"snapDist":0,"label":0}},{"type":"Feature","geometry":{"type":"Point","coordinates":[12.493082,55.683449]},"properties":{"name":"Jernbane Allé (Grøndals Parkvej)","lines":"21, 26","arr":["21","26"],"terminus":0,"mode":"bus","color":"#0059a9","colorDark":"#00294f","angle":303.6,"snapDist":1,"label":0}},{"type":"Feature","geometry":{"type":"Point","coordinates":[12.490418,55.68038]},"properties":{"name":"Langdraget (Grøndals Parkvej)","lines":"21, 26","arr":["21","26"],"terminus":0,"mode":"bus","color":"#0059a9","colorDark":"#00294f","angle":291.1,"snapDist":1,"label":1}},{"type":"Feature","geometry":{"type":"Point","coordinates":[12.474398,55.672851]},"properties":{"name":"Damhustorvet (Roskildevej)","lines":"21","arr":["21"],"terminus":0,"mode":"bus","color":"#0059a9","colorDark":"#00294f","angle":358.7,"snapDist":3,"label":0}},{"type":"Feature","geometry":{"type":"Point","coordinates":[12.474057,55.668969]},"properties":{"name":"Hvidovrevej (Randrupvej)","lines":"21","arr":["21"],"terminus":0,"mode":"bus","color":"#0059a9","colorDark":"#00294f","angle":40.8,"snapDist":0,"label":1}},{"type":"Feature","geometry":{"type":"Point","coordinates":[12.46946,55.670563]},"properties":{"name":"Randrupvej (Damhus Boulevard)","lines":"21, 848","arr":["21","848"],"terminus":0,"mode":"bus","color":"#0059a9","colorDark":"#00294f","angle":318.6,"snapDist":1,"label":1}},{"type":"Feature","geometry":{"type":"Point","coordinates":[12.464801,55.668258]},"properties":{"name":"Hendriksholm Kirke (Damhus Boulevard)","lines":"21, 848","arr":["21","848"],"terminus":0,"mode":"bus","color":"#0059a9","colorDark":"#00294f","angle":317.9,"snapDist":1,"label":1}},{"type":"Feature","geometry":{"type":"Point","coordinates":[12.459525,55.6651]},"properties":{"name":"Rødovre St.","lines":"21","arr":["21"],"terminus":1,"mode":"bus","color":"#0059a9","colorDark":"#00294f","angle":183.2,"snapDist":1,"label":1}},{"type":"Feature","geometry":{"type":"Point","coordinates":[12.466229,55.668834]},"properties":{"name":"Hendriksholm Kirke (Damhus Boulevard)","lines":"21","arr":["21"],"terminus":0,"mode":"bus","color":"#0059a9","colorDark":"#00294f","angle":139,"snapDist":2,"label":0}},{"type":"Feature","geometry":{"type":"Point","coordinates":[12.469887,55.670637]},"properties":{"name":"Randrupvej (Damhus Boulevard)","lines":"21","arr":["21"],"terminus":0,"mode":"bus","color":"#0059a9","colorDark":"#00294f","angle":138.6,"snapDist":1,"label":0}},{"type":"Feature","geometry":{"type":"Point","coordinates":[12.475145,55.66893]},"properties":{"name":"Randrupvej (Hvidovrevej)","lines":"21, 22, 132","arr":["21","22","132"],"terminus":0,"mode":"bus","color":"#0059a9","colorDark":"#00294f","angle":98.8,"snapDist":0,"label":1}},{"type":"Feature","geometry":{"type":"Point","coordinates":[12.487325,55.677801]},"properties":{"name":"Peter Bangs Vej (Grøndals Parkvej)","lines":"21, 26","arr":["21","26"],"terminus":0,"mode":"bus","color":"#0059a9","colorDark":"#00294f","angle":121.5,"snapDist":1,"label":1}},{"type":"Feature","geometry":{"type":"Point","coordinates":[12.490816,55.680963]},"properties":{"name":"Langdraget (Grøndals Parkvej)","lines":"21, 26","arr":["21","26"],"terminus":0,"mode":"bus","color":"#0059a9","colorDark":"#00294f","angle":111,"snapDist":0,"label":0}},{"type":"Feature","geometry":{"type":"Point","coordinates":[12.511176,55.69525]},"properties":{"name":"Godthåbsvej (Hulgårdsvej)","lines":"21","arr":["21"],"terminus":0,"mode":"bus","color":"#0059a9","colorDark":"#00294f","angle":131.9,"snapDist":2,"label":0}},{"type":"Feature","geometry":{"type":"Point","coordinates":[12.51509,55.697922]},"properties":{"name":"Grøndal Centret (Hulgårdsvej)","lines":"21","arr":["21"],"terminus":0,"mode":"bus","color":"#0059a9","colorDark":"#00294f","angle":129.5,"snapDist":0,"label":0}},{"type":"Feature","geometry":{"type":"Point","coordinates":[12.519989,55.702374]},"properties":{"name":"Borups Allé (Hulgårdsvej)","lines":"21","arr":["21"],"terminus":0,"mode":"bus","color":"#0059a9","colorDark":"#00294f","angle":120.4,"snapDist":2,"label":0}},{"type":"Feature","geometry":{"type":"Point","coordinates":[12.521815,55.706377]},"properties":{"name":"Hulgårds Plads (Tomsgårdsvej)","lines":"21","arr":["21"],"terminus":0,"mode":"bus","color":"#0059a9","colorDark":"#00294f","angle":101.6,"snapDist":0,"label":1}},{"type":"Feature","geometry":{"type":"Point","coordinates":[12.526877,55.709481]},"properties":{"name":"Birkedommervej (Tomsgårdsvej)","lines":"21","arr":["21"],"terminus":0,"mode":"bus","color":"#0059a9","colorDark":"#00294f","angle":140.5,"snapDist":0,"label":0}},{"type":"Feature","geometry":{"type":"Point","coordinates":[12.535488,55.713842]},"properties":{"name":"Tagensvej (Tuborgvej)","lines":"21","arr":["21"],"terminus":0,"mode":"bus","color":"#0059a9","colorDark":"#00294f","angle":107.5,"snapDist":1,"label":0}},{"type":"Feature","geometry":{"type":"Point","coordinates":[12.538727,55.717005]},"properties":{"name":"Bispebjerg Hospital (Tuborgvej)","lines":"21","arr":["21"],"terminus":0,"mode":"bus","color":"#0059a9","colorDark":"#00294f","angle":119.6,"snapDist":0,"label":0}},{"type":"Feature","geometry":{"type":"Point","coordinates":[12.541302,55.719501]},"properties":{"name":"Emdrup St. (Tuborgvej)","lines":"21","arr":["21"],"terminus":0,"mode":"bus","color":"#0059a9","colorDark":"#00294f","angle":155.3,"snapDist":1,"label":0}},{"type":"Feature","geometry":{"type":"Point","coordinates":[12.54569,55.722378]},"properties":{"name":"Emdrup Søpark (Tuborgvej)","lines":"21, 185","arr":["21","185"],"terminus":0,"mode":"bus","color":"#0059a9","colorDark":"#00294f","angle":117.5,"snapDist":5,"label":0}},{"type":"Feature","geometry":{"type":"Point","coordinates":[12.547828,55.72486]},"properties":{"name":"Birkehøj (Tuborgvej)","lines":"21, 185","arr":["21","185"],"terminus":0,"mode":"bus","color":"#0059a9","colorDark":"#00294f","angle":112.1,"snapDist":1,"label":1}},{"type":"Feature","geometry":{"type":"Point","coordinates":[12.55242,55.727593]},"properties":{"name":"Lyngbyvej (Tuborgvej)","lines":"21","arr":["21"],"terminus":0,"mode":"bus","color":"#0059a9","colorDark":"#00294f","angle":157.4,"snapDist":2,"label":0}},{"type":"Feature","geometry":{"type":"Point","coordinates":[12.556198,55.727841]},"properties":{"name":"Sankt Lukas Stiftelsen (Tuborgvej)","lines":"21, 171","arr":["21","171"],"terminus":0,"mode":"bus","color":"#0059a9","colorDark":"#00294f","angle":175.1,"snapDist":0,"label":0}},{"type":"Feature","geometry":{"type":"Point","coordinates":[12.563997,55.727906]},"properties":{"name":"Rymarksvej (Tuborgvej)","lines":"21, 171","arr":["21","171"],"terminus":0,"mode":"bus","color":"#0059a9","colorDark":"#00294f","angle":191,"snapDist":1,"label":0}},{"type":"Feature","geometry":{"type":"Point","coordinates":[12.56734,55.727535]},"properties":{"name":"Estersvej (Tuborgvej)","lines":"21, 171","arr":["21","171"],"terminus":0,"mode":"bus","color":"#0059a9","colorDark":"#00294f","angle":190.6,"snapDist":0,"label":0}},{"type":"Feature","geometry":{"type":"Point","coordinates":[12.573098,55.726913]},"properties":{"name":"Lundevangen (Tuborgvej)","lines":"21, 171","arr":["21","171"],"terminus":0,"mode":"bus","color":"#0059a9","colorDark":"#00294f","angle":190.8,"snapDist":0,"label":0}},{"type":"Feature","geometry":{"type":"Point","coordinates":[12.471547,55.711991]},"properties":{"name":"Husum Torv","lines":"22","arr":["22"],"terminus":1,"mode":"bus","color":"#0059a9","colorDark":"#00294f","angle":111.6,"snapDist":9,"label":1}},{"type":"Feature","geometry":{"type":"Point","coordinates":[12.477113,55.710279]},"properties":{"name":"Frederikssundsvej (Husumvej)","lines":"22","arr":["22"],"terminus":0,"mode":"bus","color":"#0059a9","colorDark":"#00294f","angle":265.4,"snapDist":0,"label":1}},{"type":"Feature","geometry":{"type":"Point","coordinates":[12.477667,55.708368]},"properties":{"name":"Korsager Allé (Husumvej)","lines":"22","arr":["22"],"terminus":0,"mode":"bus","color":"#0059a9","colorDark":"#00294f","angle":260.5,"snapDist":1,"label":1}},{"type":"Feature","geometry":{"type":"Point","coordinates":[12.47864,55.705085]},"properties":{"name":"Kildebrøndevej (Husumvej)","lines":"22","arr":["22"],"terminus":0,"mode":"bus","color":"#0059a9","colorDark":"#00294f","angle":260.5,"snapDist":0,"label":1}},{"type":"Feature","geometry":{"type":"Point","coordinates":[12.479365,55.702637]},"properties":{"name":"Veksøvej (Husumvej)","lines":"22","arr":["22"],"terminus":0,"mode":"bus","color":"#0059a9","colorDark":"#00294f","angle":260.5,"snapDist":1,"label":1}},{"type":"Feature","geometry":{"type":"Point","coordinates":[12.480193,55.699843]},"properties":{"name":"Bjernedevej (Husumvej)","lines":"22","arr":["22"],"terminus":0,"mode":"bus","color":"#0059a9","colorDark":"#00294f","angle":260.5,"snapDist":0,"label":1}},{"type":"Feature","geometry":{"type":"Point","coordinates":[12.49064,55.686915]},"properties":{"name":"Vanløse St. (Jernbane Allé)","lines":"22","arr":["22"],"terminus":0,"mode":"bus","color":"#0059a9","colorDark":"#00294f","angle":241.5,"snapDist":1,"label":1}},{"type":"Feature","geometry":{"type":"Point","coordinates":[12.474355,55.672177]},"properties":{"name":"Damhustorvet (Hvidovrevej)","lines":"22, 132","arr":["22","132"],"terminus":0,"mode":"bus","color":"#0059a9","colorDark":"#00294f","angle":249.7,"snapDist":2,"label":1}},{"type":"Feature","geometry":{"type":"Point","coordinates":[12.474363,55.666822]},"properties":{"name":"Randrupvej (Hvidovrevej)","lines":"22, 132","arr":["22","132"],"terminus":0,"mode":"bus","color":"#0059a9","colorDark":"#00294f","angle":284.8,"snapDist":1,"label":1}},{"type":"Feature","geometry":{"type":"Point","coordinates":[12.47414,55.664696]},"properties":{"name":"Hvidovre St. (Hvidovrevej)","lines":"22, 132","arr":["22","132"],"terminus":0,"mode":"bus","color":"#0059a9","colorDark":"#00294f","angle":359.9,"snapDist":1,"label":1}},{"type":"Feature","geometry":{"type":"Point","coordinates":[12.473564,55.661789]},"properties":{"name":"Holmelundsvej (Hvidovrevej)","lines":"22, 132","arr":["22","132"],"terminus":0,"mode":"bus","color":"#0059a9","colorDark":"#00294f","angle":273.3,"snapDist":1,"label":1}},{"type":"Feature","geometry":{"type":"Point","coordinates":[12.473257,55.658498]},"properties":{"name":"Åstrupgårdsvej (Hvidovrevej)","lines":"22, 132","arr":["22","132"],"terminus":0,"mode":"bus","color":"#0059a9","colorDark":"#00294f","angle":273.3,"snapDist":1,"label":1}},{"type":"Feature","geometry":{"type":"Point","coordinates":[12.474446,55.653701]},"properties":{"name":"Hvidovre Butikstorv (Hvidovrevej)","lines":"22, 132","arr":["22","132"],"terminus":0,"mode":"bus","color":"#0059a9","colorDark":"#00294f","angle":255.1,"snapDist":1,"label":1}},{"type":"Feature","geometry":{"type":"Point","coordinates":[12.444996,55.644821]},"properties":{"name":"Kettevej (Byvej)","lines":"22","arr":["22"],"terminus":0,"mode":"bus","color":"#0059a9","colorDark":"#00294f","angle":80.1,"snapDist":1,"label":0}},{"type":"Feature","geometry":{"type":"Point","coordinates":[12.444758,55.650053]},"properties":{"name":"Hulegården (Brøndbyøstervej)","lines":"22","arr":["22"],"terminus":0,"mode":"bus","color":"#0059a9","colorDark":"#00294f","angle":70.1,"snapDist":4,"label":1}},{"type":"Feature","geometry":{"type":"Point","coordinates":[12.442436,55.656281]},"properties":{"name":"Brøndbyøster Kirke (Brøndbyøstervej)","lines":"22","arr":["22"],"terminus":0,"mode":"bus","color":"#0059a9","colorDark":"#00294f","angle":70,"snapDist":2,"label":1}},{"type":"Feature","geometry":{"type":"Point","coordinates":[12.445003,55.660083]},"properties":{"name":"Ved Lindelund (Brøndbyøster Boulevard)","lines":"22","arr":["22"],"terminus":0,"mode":"bus","color":"#0059a9","colorDark":"#00294f","angle":59.2,"snapDist":1,"label":1}},{"type":"Feature","geometry":{"type":"Point","coordinates":[12.439994,55.662835]},"properties":{"name":"Brøndbyøster Torv","lines":"22","arr":["22"],"terminus":0,"mode":"bus","color":"#0059a9","colorDark":"#00294f","angle":91.8,"snapDist":1,"label":1}},{"type":"Feature","geometry":{"type":"Point","coordinates":[12.439175,55.6645]},"properties":{"name":"Brøndbyøster St.","lines":"22","arr":["22"],"terminus":0,"mode":"bus","color":"#0059a9","colorDark":"#00294f","angle":1.4,"snapDist":2,"label":1}},{"type":"Feature","geometry":{"type":"Point","coordinates":[12.438836,55.662779]},"properties":{"name":"Brøndbyøster Torv","lines":"22","arr":["22"],"terminus":0,"mode":"bus","color":"#0059a9","colorDark":"#00294f","angle":270.8,"snapDist":2,"label":0}},{"type":"Feature","geometry":{"type":"Point","coordinates":[12.435092,55.661448]},"properties":{"name":"Horsedammen (Højstens Boulevard)","lines":"22, 130","arr":["22","130"],"terminus":0,"mode":"bus","color":"#0059a9","colorDark":"#00294f","angle":337.3,"snapDist":1,"label":1}},{"type":"Feature","geometry":{"type":"Point","coordinates":[12.430857,55.657725]},"properties":{"name":"Kærdammen (Højstens Boulevard)","lines":"22, 130","arr":["22","130"],"terminus":0,"mode":"bus","color":"#0059a9","colorDark":"#00294f","angle":294.2,"snapDist":1,"label":1}},{"type":"Feature","geometry":{"type":"Point","coordinates":[12.42933,55.655797]},"properties":{"name":"Grønnedammen (Højstens Boulevard)","lines":"22, 130","arr":["22","130"],"terminus":0,"mode":"bus","color":"#0059a9","colorDark":"#00294f","angle":294.6,"snapDist":0,"label":1}},{"type":"Feature","geometry":{"type":"Point","coordinates":[12.426829,55.654122]},"properties":{"name":"Højstens Boulevard (Park Allé)","lines":"22, 130","arr":["22","130"],"terminus":0,"mode":"bus","color":"#0059a9","colorDark":"#00294f","angle":343.7,"snapDist":0,"label":1}},{"type":"Feature","geometry":{"type":"Point","coordinates":[12.419504,55.652874]},"properties":{"name":"Brøndby Rådhus (Park Allé)","lines":"22, 130","arr":["22","130"],"terminus":0,"mode":"bus","color":"#0059a9","colorDark":"#00294f","angle":345.3,"snapDist":1,"label":1}},{"type":"Feature","geometry":{"type":"Point","coordinates":[12.416445,55.652658]},"properties":{"name":"Gildhøj Centret (Park Allé)","lines":"22, 135, 500S","arr":["22","135","500S"],"terminus":0,"mode":"bus","color":"#0059a9","colorDark":"#00294f","angle":2.3,"snapDist":1,"label":1}},{"type":"Feature","geometry":{"type":"Point","coordinates":[12.410029,55.653431]},"properties":{"name":"Tranevænget (Park Allé)","lines":"22","arr":["22"],"terminus":0,"mode":"bus","color":"#0059a9","colorDark":"#00294f","angle":18.9,"snapDist":1,"label":1}},{"type":"Feature","geometry":{"type":"Point","coordinates":[12.407035,55.65399]},"properties":{"name":"Tranehaven (Park Allé)","lines":"22, 500S","arr":["22","500S"],"terminus":0,"mode":"bus","color":"#0059a9","colorDark":"#00294f","angle":13.1,"snapDist":0,"label":1}},{"type":"Feature","geometry":{"type":"Point","coordinates":[12.401679,55.654214]},"properties":{"name":"Kirkebjerg Torv (Park Allé)","lines":"22, 149","arr":["22","149"],"terminus":0,"mode":"bus","color":"#0059a9","colorDark":"#00294f","angle":3,"snapDist":1,"label":1}},{"type":"Feature","geometry":{"type":"Point","coordinates":[12.396685,55.65658]},"properties":{"name":"Park Allé (Kirkebjerg Parkvej)","lines":"22","arr":["22"],"terminus":0,"mode":"bus","color":"#0059a9","colorDark":"#00294f","angle":73.4,"snapDist":0,"label":1}},{"type":"Feature","geometry":{"type":"Point","coordinates":[12.395219,55.659356]},"properties":{"name":"Kirkebjerg Søpark (Kirkebjerg Parkvej)","lines":"22","arr":["22"],"terminus":0,"mode":"bus","color":"#0059a9","colorDark":"#00294f","angle":73.5,"snapDist":1,"label":1}},{"type":"Feature","geometry":{"type":"Point","coordinates":[12.399079,55.661405]},"properties":{"name":"Glostrup St., Glosemosevej (Glosemosevej)","lines":"22, 135, 847","arr":["22","135","847"],"terminus":1,"mode":"bus","color":"#0059a9","colorDark":"#00294f","angle":274.5,"snapDist":0,"label":1}},{"type":"Feature","geometry":{"type":"Point","coordinates":[12.395353,55.659101]},"properties":{"name":"Kirkebjerg Søpark (Kirkebjerg Parkvej)","lines":"22","arr":["22"],"terminus":0,"mode":"bus","color":"#0059a9","colorDark":"#00294f","angle":253.5,"snapDist":1,"label":0}},{"type":"Feature","geometry":{"type":"Point","coordinates":[12.396666,55.656615]},"properties":{"name":"Park Allé (Kirkebjerg Parkvej)","lines":"22","arr":["22"],"terminus":0,"mode":"bus","color":"#0059a9","colorDark":"#00294f","angle":253.4,"snapDist":0,"label":0}},{"type":"Feature","geometry":{"type":"Point","coordinates":[12.402028,55.654204]},"properties":{"name":"Kirkebjerg Torv (Park Allé)","lines":"22, 149","arr":["22","149"],"terminus":0,"mode":"bus","color":"#0059a9","colorDark":"#00294f","angle":182.5,"snapDist":1,"label":0}},{"type":"Feature","geometry":{"type":"Point","coordinates":[12.406861,55.654013]},"properties":{"name":"Tranehaven (Park Allé)","lines":"22, 500S","arr":["22","500S"],"terminus":0,"mode":"bus","color":"#0059a9","colorDark":"#00294f","angle":193.1,"snapDist":0,"label":0}},{"type":"Feature","geometry":{"type":"Point","coordinates":[12.411008,55.653233]},"properties":{"name":"Tranevænget (Park Allé)","lines":"22","arr":["22"],"terminus":0,"mode":"bus","color":"#0059a9","colorDark":"#00294f","angle":199.9,"snapDist":0,"label":0}},{"type":"Feature","geometry":{"type":"Point","coordinates":[12.418235,55.652723]},"properties":{"name":"Brøndby Rådhus (Park Allé)","lines":"22, 130","arr":["22","130"],"terminus":0,"mode":"bus","color":"#0059a9","colorDark":"#00294f","angle":172.9,"snapDist":1,"label":0}},{"type":"Feature","geometry":{"type":"Point","coordinates":[12.421177,55.65315]},"properties":{"name":"Marinegården (Park Allé)","lines":"22, 130","arr":["22","130"],"terminus":0,"mode":"bus","color":"#0059a9","colorDark":"#00294f","angle":163.1,"snapDist":0,"label":1}},{"type":"Feature","geometry":{"type":"Point","coordinates":[12.429074,55.655481]},"properties":{"name":"Grønnedammen (Højstens Boulevard)","lines":"22, 130","arr":["22","130"],"terminus":0,"mode":"bus","color":"#0059a9","colorDark":"#00294f","angle":114.6,"snapDist":0,"label":0}},{"type":"Feature","geometry":{"type":"Point","coordinates":[12.431485,55.658507]},"properties":{"name":"Kærdammen (Højstens Boulevard)","lines":"22, 130","arr":["22","130"],"terminus":0,"mode":"bus","color":"#0059a9","colorDark":"#00294f","angle":114.5,"snapDist":0,"label":0}},{"type":"Feature","geometry":{"type":"Point","coordinates":[12.435829,55.661583]},"properties":{"name":"Horsedammen (Højstens Boulevard)","lines":"22, 130","arr":["22","130"],"terminus":0,"mode":"bus","color":"#0059a9","colorDark":"#00294f","angle":166.6,"snapDist":1,"label":0}},{"type":"Feature","geometry":{"type":"Point","coordinates":[12.445332,55.659398]},"properties":{"name":"Ved Lindelund (Brøndbyøster Boulevard)","lines":"22","arr":["22"],"terminus":0,"mode":"bus","color":"#0059a9","colorDark":"#00294f","angle":253.6,"snapDist":1,"label":0}},{"type":"Feature","geometry":{"type":"Point","coordinates":[12.440758,55.655977]},"properties":{"name":"Brøndbyøster Kirke (Vestre Gade)","lines":"22","arr":["22"],"terminus":0,"mode":"bus","color":"#0059a9","colorDark":"#00294f","angle":204.7,"snapDist":2,"label":1}},{"type":"Feature","geometry":{"type":"Point","coordinates":[12.444527,55.65039]},"properties":{"name":"Hulegården (Brøndbyøstervej)","lines":"22","arr":["22"],"terminus":0,"mode":"bus","color":"#0059a9","colorDark":"#00294f","angle":247.5,"snapDist":7,"label":0}},{"type":"Feature","geometry":{"type":"Point","coordinates":[12.445016,55.644759]},"properties":{"name":"Kettevej (Byvej)","lines":"22","arr":["22"],"terminus":0,"mode":"bus","color":"#0059a9","colorDark":"#00294f","angle":260.2,"snapDist":1,"label":0}},{"type":"Feature","geometry":{"type":"Point","coordinates":[12.474533,55.653715]},"properties":{"name":"Hvidovre Butikstorv (Hvidovrevej)","lines":"22, 132","arr":["22","132"],"terminus":0,"mode":"bus","color":"#0059a9","colorDark":"#00294f","angle":71.4,"snapDist":0,"label":0}},{"type":"Feature","geometry":{"type":"Point","coordinates":[12.473239,55.65832]},"properties":{"name":"Åstrupgårdsvej (Hvidovrevej)","lines":"22, 132","arr":["22","132"],"terminus":0,"mode":"bus","color":"#0059a9","colorDark":"#00294f","angle":93.3,"snapDist":1,"label":0}},{"type":"Feature","geometry":{"type":"Point","coordinates":[12.473593,55.662131]},"properties":{"name":"Holmelundsvej (Hvidovrevej)","lines":"22, 132","arr":["22","132"],"terminus":0,"mode":"bus","color":"#0059a9","colorDark":"#00294f","angle":94.5,"snapDist":1,"label":0}},{"type":"Feature","geometry":{"type":"Point","coordinates":[12.473881,55.664964]},"properties":{"name":"Hvidovre St.","lines":"22, 132","arr":["22","132"],"terminus":0,"mode":"bus","color":"#0059a9","colorDark":"#00294f","angle":92.2,"snapDist":0,"label":1}},{"type":"Feature","geometry":{"type":"Point","coordinates":[12.490561,55.686996]},"properties":{"name":"Vanløse St. (Jernbane Allé)","lines":"22","arr":["22"],"terminus":0,"mode":"bus","color":"#0059a9","colorDark":"#00294f","angle":61.5,"snapDist":2,"label":0}},{"type":"Feature","geometry":{"type":"Point","coordinates":[12.479911,55.698235]},"properties":{"name":"Slotsherrensvej (Husumvej)","lines":"22","arr":["22"],"terminus":0,"mode":"bus","color":"#0059a9","colorDark":"#00294f","angle":122.5,"snapDist":1,"label":1}},{"type":"Feature","geometry":{"type":"Point","coordinates":[12.480077,55.700234]},"properties":{"name":"Bjernedevej (Husumvej)","lines":"22","arr":["22"],"terminus":0,"mode":"bus","color":"#0059a9","colorDark":"#00294f","angle":80.5,"snapDist":1,"label":0}},{"type":"Feature","geometry":{"type":"Point","coordinates":[12.479188,55.703234]},"properties":{"name":"Veksøvej (Husumvej)","lines":"22","arr":["22"],"terminus":0,"mode":"bus","color":"#0059a9","colorDark":"#00294f","angle":80.5,"snapDist":0,"label":0}},{"type":"Feature","geometry":{"type":"Point","coordinates":[12.47842,55.705828]},"properties":{"name":"Kildebrøndevej (Husumvej)","lines":"22","arr":["22"],"terminus":0,"mode":"bus","color":"#0059a9","colorDark":"#00294f","angle":80.5,"snapDist":0,"label":0}},{"type":"Feature","geometry":{"type":"Point","coordinates":[12.477512,55.708892]},"properties":{"name":"Korsager Allé (Husumvej)","lines":"22","arr":["22"],"terminus":0,"mode":"bus","color":"#0059a9","colorDark":"#00294f","angle":80.5,"snapDist":0,"label":0}},{"type":"Feature","geometry":{"type":"Point","coordinates":[12.473766,55.712132]},"properties":{"name":"Husum Torv (Storegårdsvej)","lines":"22, 131","arr":["22","131"],"terminus":0,"mode":"bus","color":"#0059a9","colorDark":"#00294f","angle":153.2,"snapDist":4,"label":1}},{"type":"Feature","geometry":{"type":"Point","coordinates":[12.476286,55.71319]},"properties":{"name":"Gadelandet (Bystævnet)","lines":"22","arr":["22"],"terminus":0,"mode":"bus","color":"#0059a9","colorDark":"#00294f","angle":87.1,"snapDist":1,"label":1}},{"type":"Feature","geometry":{"type":"Point","coordinates":[12.473754,55.714407]},"properties":{"name":"Bystævneparken syd (Bystævneparken)","lines":"22","arr":["22"],"terminus":0,"mode":"bus","color":"#0059a9","colorDark":"#00294f","angle":47.5,"snapDist":1,"label":1}},{"type":"Feature","geometry":{"type":"Point","coordinates":[12.473345,55.71665]},"properties":{"name":"Bystævneparken nord (Bystævneparken)","lines":"22","arr":["22"],"terminus":0,"mode":"bus","color":"#0059a9","colorDark":"#00294f","angle":321.7,"snapDist":1,"label":1}},{"type":"Feature","geometry":{"type":"Point","coordinates":[12.476534,55.715394]},"properties":{"name":"Bystævneparken øst (Bystævneparken)","lines":"22","arr":["22"],"terminus":0,"mode":"bus","color":"#0059a9","colorDark":"#00294f","angle":271.3,"snapDist":2,"label":1}},{"type":"Feature","geometry":{"type":"Point","coordinates":[12.475679,55.712676]},"properties":{"name":"Bystævnet (Storegårdsvej)","lines":"22, 131","arr":["22","131"],"terminus":0,"mode":"bus","color":"#0059a9","colorDark":"#00294f","angle":153.4,"snapDist":2,"label":1}},{"type":"Feature","geometry":{"type":"Point","coordinates":[12.501632,55.654339]},"properties":{"name":"Nøddehaven (Retortvej)","lines":"23","arr":["23"],"terminus":0,"mode":"bus","color":"#0059a9","colorDark":"#00294f","angle":254.6,"snapDist":1,"label":1}},{"type":"Feature","geometry":{"type":"Point","coordinates":[12.508585,55.650563]},"properties":{"name":"Gl. Køge Landevej (Ellebjergvej)","lines":"23","arr":["23"],"terminus":0,"mode":"bus","color":"#0059a9","colorDark":"#00294f","angle":182.4,"snapDist":1,"label":1}},{"type":"Feature","geometry":{"type":"Point","coordinates":[12.516418,55.650312]},"properties":{"name":"Valbyhallen (Ellebjergvej)","lines":"23","arr":["23"],"terminus":0,"mode":"bus","color":"#0059a9","colorDark":"#00294f","angle":183.1,"snapDist":1,"label":1}},{"type":"Feature","geometry":{"type":"Point","coordinates":[12.521951,55.649852]},"properties":{"name":"Spontinisvej (Stubmøllevej)","lines":"23","arr":["23"],"terminus":0,"mode":"bus","color":"#0059a9","colorDark":"#00294f","angle":213.3,"snapDist":1,"label":1}},{"type":"Feature","geometry":{"type":"Point","coordinates":[12.524653,55.648924]},"properties":{"name":"Händelsvej (Stubmøllevej)","lines":"23","arr":["23"],"terminus":0,"mode":"bus","color":"#0059a9","colorDark":"#00294f","angle":211.2,"snapDist":1,"label":1}},{"type":"Feature","geometry":{"type":"Point","coordinates":[12.536609,55.656007]},"properties":{"name":"Sydhavn St. (Tranehavevej)","lines":"23","arr":["23"],"terminus":0,"mode":"bus","color":"#0059a9","colorDark":"#00294f","angle":51.8,"snapDist":1,"label":1}},{"type":"Feature","geometry":{"type":"Point","coordinates":[12.534265,55.65849]},"properties":{"name":"Tranehavegård (Bavnehøj Allè)","lines":"23","arr":["23"],"terminus":0,"mode":"bus","color":"#0059a9","colorDark":"#00294f","angle":180.5,"snapDist":1,"label":1}},{"type":"Feature","geometry":{"type":"Point","coordinates":[12.546686,55.667455]},"properties":{"name":"Enghave Plads St. (Istedgade)","lines":"23","arr":["23"],"terminus":0,"mode":"bus","color":"#0059a9","colorDark":"#00294f","angle":172.5,"snapDist":1,"label":1}},{"type":"Feature","geometry":{"type":"Point","coordinates":[12.551999,55.668791]},"properties":{"name":"Saxogade (Istedgade)","lines":"23","arr":["23"],"terminus":0,"mode":"bus","color":"#0059a9","colorDark":"#00294f","angle":152.3,"snapDist":0,"label":1}},{"type":"Feature","geometry":{"type":"Point","coordinates":[12.558327,55.670716]},"properties":{"name":"Gasværksvej (Istedgade)","lines":"23","arr":["23"],"terminus":0,"mode":"bus","color":"#0059a9","colorDark":"#00294f","angle":149.7,"snapDist":0,"label":1}},{"type":"Feature","geometry":{"type":"Point","coordinates":[12.563314,55.672759]},"properties":{"name":"Hovedbanegården (Reventlowsgade)","lines":"23","arr":["23"],"terminus":0,"mode":"bus","color":"#0059a9","colorDark":"#00294f","angle":68.9,"snapDist":1,"label":1}},{"type":"Feature","geometry":{"type":"Point","coordinates":[12.583707,55.677028]},"properties":{"name":"Holmens Kirke (Holmens Kanal)","lines":"23, 26","arr":["23","26"],"terminus":0,"mode":"bus","color":"#0059a9","colorDark":"#00294f","angle":156,"snapDist":3,"label":1}},{"type":"Feature","geometry":{"type":"Point","coordinates":[12.585697,55.679151]},"properties":{"name":"Kongens Nytorv St. (Kongens Nytorv)","lines":"23, 68","arr":["23","68"],"terminus":0,"mode":"bus","color":"#0059a9","colorDark":"#00294f","angle":76.2,"snapDist":0,"label":1}},{"type":"Feature","geometry":{"type":"Point","coordinates":[12.588569,55.683209]},"properties":{"name":"Odd Fellow Palæet (Dronningens Tværgade)","lines":"23","arr":["23"],"terminus":0,"mode":"bus","color":"#0059a9","colorDark":"#00294f","angle":26.2,"snapDist":1,"label":1}},{"type":"Feature","geometry":{"type":"Point","coordinates":[12.586111,55.683888]},"properties":{"name":"Store Kongensgade (Dronningens Tværgade)","lines":"23","arr":["23"],"terminus":0,"mode":"bus","color":"#0059a9","colorDark":"#00294f","angle":26,"snapDist":1,"label":1}},{"type":"Feature","geometry":{"type":"Point","coordinates":[12.585857,55.68542]},"properties":{"name":"Borgergade (Sølvgade)","lines":"23","arr":["23"],"terminus":0,"mode":"bus","color":"#0059a9","colorDark":"#00294f","angle":26.2,"snapDist":2,"label":1}},{"type":"Feature","geometry":{"type":"Point","coordinates":[12.583691,55.68602]},"properties":{"name":"Kronprinsessegade (Sølvgade)","lines":"23","arr":["23"],"terminus":0,"mode":"bus","color":"#0059a9","colorDark":"#00294f","angle":26.2,"snapDist":0,"label":1}},{"type":"Feature","geometry":{"type":"Point","coordinates":[12.579083,55.687756]},"properties":{"name":"Georg Brandes Plads (Øster Voldgade)","lines":"23","arr":["23"],"terminus":0,"mode":"bus","color":"#0059a9","colorDark":"#00294f","angle":139.2,"snapDist":1,"label":0}},{"type":"Feature","geometry":{"type":"Point","coordinates":[12.583779,55.689848]},"properties":{"name":"Suensonsgade (Øster Voldgade)","lines":"23","arr":["23"],"terminus":0,"mode":"bus","color":"#0059a9","colorDark":"#00294f","angle":146.1,"snapDist":4,"label":1}},{"type":"Feature","geometry":{"type":"Point","coordinates":[12.58734,55.692057]},"properties":{"name":"Østerport St. (Oslo Plads)","lines":"23, 27","arr":["23","27"],"terminus":0,"mode":"bus","color":"#0059a9","colorDark":"#00294f","angle":40.6,"snapDist":1,"label":0}},{"type":"Feature","geometry":{"type":"Point","coordinates":[12.580562,55.695522]},"properties":{"name":"Lille Triangel (Dag Hammarskjölds Allé)","lines":"23","arr":["23"],"terminus":0,"mode":"bus","color":"#0059a9","colorDark":"#00294f","angle":37.8,"snapDist":0,"label":1}},{"type":"Feature","geometry":{"type":"Point","coordinates":[12.580694,55.696489]},"properties":{"name":"Lille Triangel (Classensgade)","lines":"23","arr":["23"],"terminus":0,"mode":"bus","color":"#0059a9","colorDark":"#00294f","angle":157.2,"snapDist":1,"label":1}},{"type":"Feature","geometry":{"type":"Point","coordinates":[12.585837,55.697706]},"properties":{"name":"Lipkesgade (Classensgade)","lines":"23","arr":["23"],"terminus":0,"mode":"bus","color":"#0059a9","colorDark":"#00294f","angle":157.2,"snapDist":3,"label":1}},{"type":"Feature","geometry":{"type":"Point","coordinates":[12.589517,55.698576]},"properties":{"name":"Strandboulevarden (Classensgade)","lines":"23","arr":["23"],"terminus":0,"mode":"bus","color":"#0059a9","colorDark":"#00294f","angle":157.2,"snapDist":1,"label":1}},{"type":"Feature","geometry":{"type":"Point","coordinates":[12.589281,55.701084]},"properties":{"name":"Præstøgade (Strandboulevarden)","lines":"23","arr":["23"],"terminus":0,"mode":"bus","color":"#0059a9","colorDark":"#00294f","angle":67.2,"snapDist":3,"label":1}},{"type":"Feature","geometry":{"type":"Point","coordinates":[12.568047,55.731364]},"properties":{"name":"Hellerup St.","lines":"23, 176","arr":["23","176"],"terminus":1,"mode":"bus","color":"#0059a9","colorDark":"#00294f","angle":261.1,"snapDist":7,"label":0}},{"type":"Feature","geometry":{"type":"Point","coordinates":[12.576604,55.72989]},"properties":{"name":"Callisensvej (Strandvejen)","lines":"23, 171","arr":["23","171"],"terminus":0,"mode":"bus","color":"#0059a9","colorDark":"#00294f","angle":85.3,"snapDist":1,"label":0}},{"type":"Feature","geometry":{"type":"Point","coordinates":[12.575469,55.73279]},"properties":{"name":"Onsgårdsvej (Strandvejen)","lines":"23, 171","arr":["23","171"],"terminus":0,"mode":"bus","color":"#0059a9","colorDark":"#00294f","angle":80,"snapDist":0,"label":1}},{"type":"Feature","geometry":{"type":"Point","coordinates":[12.574926,55.734804]},"properties":{"name":"Lille Strandvej (Strandvejen)","lines":"23, 171","arr":["23","171"],"terminus":0,"mode":"bus","color":"#0059a9","colorDark":"#00294f","angle":85.3,"snapDist":1,"label":1}},{"type":"Feature","geometry":{"type":"Point","coordinates":[12.57547,55.737067]},"properties":{"name":"A.N. Hansens Allé (Strandvejen)","lines":"23, 171","arr":["23","171"],"terminus":0,"mode":"bus","color":"#0059a9","colorDark":"#00294f","angle":106.5,"snapDist":2,"label":1}},{"type":"Feature","geometry":{"type":"Point","coordinates":[12.578166,55.740831]},"properties":{"name":"Annasvej (Strandvejen)","lines":"23, 171","arr":["23","171"],"terminus":0,"mode":"bus","color":"#0059a9","colorDark":"#00294f","angle":127.4,"snapDist":0,"label":1}},{"type":"Feature","geometry":{"type":"Point","coordinates":[12.582713,55.744169]},"properties":{"name":"Constantia (Strandvejen)","lines":"23, 171, 192","arr":["23","171","192"],"terminus":0,"mode":"bus","color":"#0059a9","colorDark":"#00294f","angle":126.5,"snapDist":0,"label":1}},{"type":"Feature","geometry":{"type":"Point","coordinates":[12.586815,55.747817]},"properties":{"name":"Jægersborg Allé (Strandvejen)","lines":"23, 171, 192","arr":["23","171","192"],"terminus":0,"mode":"bus","color":"#0059a9","colorDark":"#00294f","angle":122.3,"snapDist":2,"label":1}},{"type":"Feature","geometry":{"type":"Point","coordinates":[12.589552,55.749991]},"properties":{"name":"Charlottenlund Fort (Strandvejen)","lines":"23","arr":["23"],"terminus":0,"mode":"bus","color":"#0059a9","colorDark":"#00294f","angle":42.7,"snapDist":1,"label":0}},{"type":"Feature","geometry":{"type":"Point","coordinates":[12.590711,55.75155]},"properties":{"name":"Traverbanevej (Strandvejen)","lines":"23","arr":["23"],"terminus":0,"mode":"bus","color":"#0059a9","colorDark":"#00294f","angle":122.3,"snapDist":0,"label":1}},{"type":"Feature","geometry":{"type":"Point","coordinates":[12.592591,55.753138]},"properties":{"name":"Strandhøjsvej (Strandvejen)","lines":"23","arr":["23"],"terminus":0,"mode":"bus","color":"#0059a9","colorDark":"#00294f","angle":118.3,"snapDist":1,"label":1}},{"type":"Feature","geometry":{"type":"Point","coordinates":[12.594346,55.756244]},"properties":{"name":"Øresundshøj (Strandvejen)","lines":"23","arr":["23"],"terminus":0,"mode":"bus","color":"#0059a9","colorDark":"#00294f","angle":110.7,"snapDist":1,"label":1}},{"type":"Feature","geometry":{"type":"Point","coordinates":[12.596035,55.757807]},"properties":{"name":"Skovshovedvej (Strandvejen)","lines":"23","arr":["23"],"terminus":0,"mode":"bus","color":"#0059a9","colorDark":"#00294f","angle":124.3,"snapDist":0,"label":1}},{"type":"Feature","geometry":{"type":"Point","coordinates":[12.597121,55.759123]},"properties":{"name":"Skovshoved Hotel (Strandvejen)","lines":"23","arr":["23"],"terminus":0,"mode":"bus","color":"#0059a9","colorDark":"#00294f","angle":98.8,"snapDist":1,"label":1}},{"type":"Feature","geometry":{"type":"Point","coordinates":[12.59749,55.761083]},"properties":{"name":"Søndre Havnevej (Strandvejen)","lines":"23","arr":["23"],"terminus":0,"mode":"bus","color":"#0059a9","colorDark":"#00294f","angle":84.5,"snapDist":0,"label":1}},{"type":"Feature","geometry":{"type":"Point","coordinates":[12.597068,55.763524]},"properties":{"name":"Teglgårdsvej (Strandvejen)","lines":"23","arr":["23"],"terminus":0,"mode":"bus","color":"#0059a9","colorDark":"#00294f","angle":83.2,"snapDist":1,"label":1}},{"type":"Feature","geometry":{"type":"Point","coordinates":[12.596243,55.765688]},"properties":{"name":"Damgårdsvej (Strandvejen)","lines":"23","arr":["23"],"terminus":0,"mode":"bus","color":"#0059a9","colorDark":"#00294f","angle":73.8,"snapDist":1,"label":1}},{"type":"Feature","geometry":{"type":"Point","coordinates":[12.594554,55.768374]},"properties":{"name":"Strandvejen (Hvidørevej)","lines":"23","arr":["23"],"terminus":0,"mode":"bus","color":"#0059a9","colorDark":"#00294f","angle":0.3,"snapDist":3,"label":1}},{"type":"Feature","geometry":{"type":"Point","coordinates":[12.589195,55.768389]},"properties":{"name":"Emiliekildevej (Hvidørevej)","lines":"23","arr":["23"],"terminus":0,"mode":"bus","color":"#0059a9","colorDark":"#00294f","angle":0.3,"snapDist":3,"label":1}},{"type":"Feature","geometry":{"type":"Point","coordinates":[12.584899,55.769186]},"properties":{"name":"Hvidørevej (Christiansholmsvej)","lines":"23, 185","arr":["23","185"],"terminus":0,"mode":"bus","color":"#0059a9","colorDark":"#00294f","angle":81.2,"snapDist":1,"label":1}},{"type":"Feature","geometry":{"type":"Point","coordinates":[12.584344,55.772455]},"properties":{"name":"Fabritius Allé (Christiansholmsvej)","lines":"23, 185","arr":["23","185"],"terminus":0,"mode":"bus","color":"#0059a9","colorDark":"#00294f","angle":86.1,"snapDist":1,"label":1}},{"type":"Feature","geometry":{"type":"Point","coordinates":[12.584031,55.774361]},"properties":{"name":"Dyrehaven (Christiansholmsvej)","lines":"23, 185","arr":["23","185"],"terminus":0,"mode":"bus","color":"#0059a9","colorDark":"#00294f","angle":84.9,"snapDist":0,"label":1}},{"type":"Feature","geometry":{"type":"Point","coordinates":[12.587507,55.77715]},"properties":{"name":"Klampenborg St. (Dyrehavevej)","lines":"23","arr":["23"],"terminus":1,"mode":"bus","color":"#0059a9","colorDark":"#00294f","angle":67.4,"snapDist":1,"label":1}},{"type":"Feature","geometry":{"type":"Point","coordinates":[12.589507,55.779967]},"properties":{"name":"Taarbæk Strandvej (Strandvejen)","lines":"23","arr":["23"],"terminus":0,"mode":"bus","color":"#0059a9","colorDark":"#00294f","angle":254.9,"snapDist":1,"label":1}},{"type":"Feature","geometry":{"type":"Point","coordinates":[12.590507,55.777954]},"properties":{"name":"Bellevue (Strandvejen)","lines":"23","arr":["23"],"terminus":0,"mode":"bus","color":"#0059a9","colorDark":"#00294f","angle":252.2,"snapDist":4,"label":1}},{"type":"Feature","geometry":{"type":"Point","coordinates":[12.594817,55.772096]},"properties":{"name":"Emiliekildevej (Strandvejen)","lines":"23","arr":["23"],"terminus":0,"mode":"bus","color":"#0059a9","colorDark":"#00294f","angle":247.3,"snapDist":0,"label":1}},{"type":"Feature","geometry":{"type":"Point","coordinates":[12.595162,55.770188]},"properties":{"name":"Zicavej (Strandvejen)","lines":"23","arr":["23"],"terminus":0,"mode":"bus","color":"#0059a9","colorDark":"#00294f","angle":272.3,"snapDist":1,"label":1}},{"type":"Feature","geometry":{"type":"Point","coordinates":[12.595193,55.768165]},"properties":{"name":"Hvidørevej (Strandvejen)","lines":"23","arr":["23"],"terminus":0,"mode":"bus","color":"#0059a9","colorDark":"#00294f","angle":260.3,"snapDist":0,"label":1}},{"type":"Feature","geometry":{"type":"Point","coordinates":[12.596194,55.765782]},"properties":{"name":"Damgårdsvej (Strandvejen)","lines":"23","arr":["23"],"terminus":0,"mode":"bus","color":"#0059a9","colorDark":"#00294f","angle":253.8,"snapDist":1,"label":0}},{"type":"Feature","geometry":{"type":"Point","coordinates":[12.597123,55.763263]},"properties":{"name":"Teglgårdsvej (Strandvejen)","lines":"23","arr":["23"],"terminus":0,"mode":"bus","color":"#0059a9","colorDark":"#00294f","angle":263.2,"snapDist":2,"label":0}},{"type":"Feature","geometry":{"type":"Point","coordinates":[12.59745,55.760463]},"properties":{"name":"Søndre Havnevej (Strandvejen)","lines":"23","arr":["23"],"terminus":0,"mode":"bus","color":"#0059a9","colorDark":"#00294f","angle":271.4,"snapDist":0,"label":0}},{"type":"Feature","geometry":{"type":"Point","coordinates":[12.597089,55.759008]},"properties":{"name":"Skovshoved Hotel (Strandvejen)","lines":"23","arr":["23"],"terminus":0,"mode":"bus","color":"#0059a9","colorDark":"#00294f","angle":278.7,"snapDist":0,"label":0}},{"type":"Feature","geometry":{"type":"Point","coordinates":[12.59592,55.757718]},"properties":{"name":"Skovshovedvej (Strandvejen)","lines":"23","arr":["23"],"terminus":0,"mode":"bus","color":"#0059a9","colorDark":"#00294f","angle":306.9,"snapDist":0,"label":0}},{"type":"Feature","geometry":{"type":"Point","coordinates":[12.593914,55.755538]},"properties":{"name":"Øresundshøj (Strandvejen)","lines":"23","arr":["23"],"terminus":0,"mode":"bus","color":"#0059a9","colorDark":"#00294f","angle":287.2,"snapDist":1,"label":0}},{"type":"Feature","geometry":{"type":"Point","coordinates":[12.592611,55.753165]},"properties":{"name":"Strandhøjsvej (Strandvejen)","lines":"23","arr":["23"],"terminus":0,"mode":"bus","color":"#0059a9","colorDark":"#00294f","angle":290.7,"snapDist":1,"label":0}},{"type":"Feature","geometry":{"type":"Point","coordinates":[12.591254,55.751986]},"properties":{"name":"Traverbanevej (Strandvejen)","lines":"23","arr":["23"],"terminus":0,"mode":"bus","color":"#0059a9","colorDark":"#00294f","angle":307.2,"snapDist":0,"label":0}},{"type":"Feature","geometry":{"type":"Point","coordinates":[12.588633,55.74965]},"properties":{"name":"Charlottenlund Fort (Strandvejen)","lines":"23, 192","arr":["23","192"],"terminus":1,"mode":"bus","color":"#0059a9","colorDark":"#00294f","angle":289.5,"snapDist":1,"label":1}},{"type":"Feature","geometry":{"type":"Point","coordinates":[12.586991,55.748091]},"properties":{"name":"Jægersborg Allé (Strandvejen)","lines":"23, 172, 192","arr":["23","172","192"],"terminus":0,"mode":"bus","color":"#0059a9","colorDark":"#00294f","angle":300.7,"snapDist":2,"label":0}},{"type":"Feature","geometry":{"type":"Point","coordinates":[12.582734,55.744185]},"properties":{"name":"Constantia (Strandvejen)","lines":"23, 172, 192","arr":["23","172","192"],"terminus":0,"mode":"bus","color":"#0059a9","colorDark":"#00294f","angle":306.5,"snapDist":0,"label":0}},{"type":"Feature","geometry":{"type":"Point","coordinates":[12.580491,55.742572]},"properties":{"name":"Blidahpark (Strandvejen)","lines":"23, 172","arr":["23","172"],"terminus":0,"mode":"bus","color":"#0059a9","colorDark":"#00294f","angle":328.9,"snapDist":0,"label":1}},{"type":"Feature","geometry":{"type":"Point","coordinates":[12.577926,55.740737]},"properties":{"name":"Annasvej (Strandvejen)","lines":"23, 172","arr":["23","172"],"terminus":0,"mode":"bus","color":"#0059a9","colorDark":"#00294f","angle":307.1,"snapDist":1,"label":0}},{"type":"Feature","geometry":{"type":"Point","coordinates":[12.575207,55.736762]},"properties":{"name":"A.N. Hansens Allé (Strandvejen)","lines":"23, 172","arr":["23","172"],"terminus":0,"mode":"bus","color":"#0059a9","colorDark":"#00294f","angle":286.3,"snapDist":1,"label":0}},{"type":"Feature","geometry":{"type":"Point","coordinates":[12.575074,55.733981]},"properties":{"name":"Lille Strandvej (Strandvejen)","lines":"23, 172","arr":["23","172"],"terminus":0,"mode":"bus","color":"#0059a9","colorDark":"#00294f","angle":259.4,"snapDist":0,"label":0}},{"type":"Feature","geometry":{"type":"Point","coordinates":[12.574889,55.731504]},"properties":{"name":"Strandvejen (Hellerupvej)","lines":"23, 172","arr":["23","172"],"terminus":0,"mode":"bus","color":"#0059a9","colorDark":"#00294f","angle":7.9,"snapDist":0,"label":0}},{"type":"Feature","geometry":{"type":"Point","coordinates":[12.568049,55.731355]},"properties":{"name":"Hellerup St. (Ryvangs Alle)","lines":"23","arr":["23"],"terminus":0,"mode":"bus","color":"#0059a9","colorDark":"#00294f","angle":261.1,"snapDist":7,"label":1}},{"type":"Feature","geometry":{"type":"Point","coordinates":[12.587496,55.706896]},"properties":{"name":"Vardegade (Århusgade)","lines":"23","arr":["23"],"terminus":0,"mode":"bus","color":"#0059a9","colorDark":"#00294f","angle":349,"snapDist":0,"label":1}},{"type":"Feature","geometry":{"type":"Point","coordinates":[12.587892,55.702982]},"properties":{"name":"Ndr. Frihavnsgade (Strandboulevarden)","lines":"23","arr":["23"],"terminus":0,"mode":"bus","color":"#0059a9","colorDark":"#00294f","angle":260,"snapDist":1,"label":1}},{"type":"Feature","geometry":{"type":"Point","coordinates":[12.589452,55.70049]},"properties":{"name":"Præstøgade (Strandboulevarden)","lines":"23","arr":["23"],"terminus":0,"mode":"bus","color":"#0059a9","colorDark":"#00294f","angle":247.2,"snapDist":3,"label":0}},{"type":"Feature","geometry":{"type":"Point","coordinates":[12.589864,55.698658]},"properties":{"name":"Strandboulevarden (Classensgade)","lines":"23","arr":["23"],"terminus":0,"mode":"bus","color":"#0059a9","colorDark":"#00294f","angle":337.2,"snapDist":0,"label":0}},{"type":"Feature","geometry":{"type":"Point","coordinates":[12.585115,55.697535]},"properties":{"name":"Lipkesgade (Classensgade)","lines":"23","arr":["23"],"terminus":0,"mode":"bus","color":"#0059a9","colorDark":"#00294f","angle":337.2,"snapDist":4,"label":0}},{"type":"Feature","geometry":{"type":"Point","coordinates":[12.58068,55.696486]},"properties":{"name":"Lille Triangel (Classensgade)","lines":"23","arr":["23"],"terminus":0,"mode":"bus","color":"#0059a9","colorDark":"#00294f","angle":337.2,"snapDist":0,"label":0}},{"type":"Feature","geometry":{"type":"Point","coordinates":[12.580875,55.695367]},"properties":{"name":"Lille Triangel (Dag Hammarskjölds Allé)","lines":"23","arr":["23"],"terminus":0,"mode":"bus","color":"#0059a9","colorDark":"#00294f","angle":222,"snapDist":1,"label":0}},{"type":"Feature","geometry":{"type":"Point","coordinates":[12.587018,55.692085]},"properties":{"name":"Østerport St. (Oslo Plads)","lines":"23, 27","arr":["23","27"],"terminus":1,"mode":"bus","color":"#0059a9","colorDark":"#00294f","angle":223.3,"snapDist":3,"label":1}},{"type":"Feature","geometry":{"type":"Point","coordinates":[12.58326,55.689661]},"properties":{"name":"Suensonsgade (Øster Voldgade)","lines":"23","arr":["23"],"terminus":0,"mode":"bus","color":"#0059a9","colorDark":"#00294f","angle":331.7,"snapDist":0,"label":0}},{"type":"Feature","geometry":{"type":"Point","coordinates":[12.579287,55.687855]},"properties":{"name":"Georg Brandes Plads (Øster Voldgade)","lines":"23","arr":["23"],"terminus":0,"mode":"bus","color":"#0059a9","colorDark":"#00294f","angle":319.2,"snapDist":1,"label":0}},{"type":"Feature","geometry":{"type":"Point","coordinates":[12.584264,55.685861]},"properties":{"name":"Kronprinsessegade (Sølvgade)","lines":"23","arr":["23"],"terminus":0,"mode":"bus","color":"#0059a9","colorDark":"#00294f","angle":206.2,"snapDist":3,"label":0}},{"type":"Feature","geometry":{"type":"Point","coordinates":[12.586096,55.68487]},"properties":{"name":"Borgergade (Sølvgade)","lines":"23","arr":["23"],"terminus":0,"mode":"bus","color":"#0059a9","colorDark":"#00294f","angle":295.2,"snapDist":2,"label":0}},{"type":"Feature","geometry":{"type":"Point","coordinates":[12.586726,55.683122]},"properties":{"name":"Dronningens Tværgade (Store Kongensgade)","lines":"23","arr":["23"],"terminus":0,"mode":"bus","color":"#0059a9","colorDark":"#00294f","angle":295.1,"snapDist":1,"label":1}},{"type":"Feature","geometry":{"type":"Point","coordinates":[12.585621,55.678913]},"properties":{"name":"Kongens Nytorv St. (Holmens Kanal)","lines":"23","arr":["23"],"terminus":0,"mode":"bus","color":"#0059a9","colorDark":"#00294f","angle":257.4,"snapDist":0,"label":1}},{"type":"Feature","geometry":{"type":"Point","coordinates":[12.584633,55.677314]},"properties":{"name":"Holmens Kirke (Holmens Kanal)","lines":"23, 26","arr":["23","26"],"terminus":0,"mode":"bus","color":"#0059a9","colorDark":"#00294f","angle":336.1,"snapDist":6,"label":0}},{"type":"Feature","geometry":{"type":"Point","coordinates":[12.567104,55.675498]},"properties":{"name":"Rådhuspladsen St. (Vesterbrogade)","lines":"23, 250S","arr":["23","250S"],"terminus":0,"mode":"bus","color":"#0059a9","colorDark":"#00294f","angle":326.3,"snapDist":7,"label":0}},{"type":"Feature","geometry":{"type":"Point","coordinates":[12.562943,55.672221]},"properties":{"name":"Hovedbanegården (Istedgade)","lines":"23","arr":["23"],"terminus":0,"mode":"bus","color":"#0059a9","colorDark":"#00294f","angle":330,"snapDist":1,"label":1}},{"type":"Feature","geometry":{"type":"Point","coordinates":[12.556857,55.670242]},"properties":{"name":"Gasværksvej (Istedgade)","lines":"23","arr":["23"],"terminus":0,"mode":"bus","color":"#0059a9","colorDark":"#00294f","angle":331,"snapDist":1,"label":0}},{"type":"Feature","geometry":{"type":"Point","coordinates":[12.551867,55.668752]},"properties":{"name":"Saxogade (Istedgade)","lines":"23","arr":["23"],"terminus":0,"mode":"bus","color":"#0059a9","colorDark":"#00294f","angle":332.3,"snapDist":0,"label":0}},{"type":"Feature","geometry":{"type":"Point","coordinates":[12.546113,55.667408]},"properties":{"name":"Enghave Plads St. (Istedgade)","lines":"23","arr":["23"],"terminus":0,"mode":"bus","color":"#0059a9","colorDark":"#00294f","angle":350.5,"snapDist":0,"label":0}},{"type":"Feature","geometry":{"type":"Point","coordinates":[12.538797,55.658646]},"properties":{"name":"Enghavevej (Bavnehøj Allé)","lines":"23","arr":["23"],"terminus":0,"mode":"bus","color":"#0059a9","colorDark":"#00294f","angle":0,"snapDist":0,"label":1}},{"type":"Feature","geometry":{"type":"Point","coordinates":[12.533864,55.658185]},"properties":{"name":"Tranehavegård (Tranehavevej)","lines":"23","arr":["23"],"terminus":0,"mode":"bus","color":"#0059a9","colorDark":"#00294f","angle":248.7,"snapDist":1,"label":1}},{"type":"Feature","geometry":{"type":"Point","coordinates":[12.526672,55.648235]},"properties":{"name":"Rubinsteinsvej (Stubmøllevej)","lines":"23","arr":["23"],"terminus":0,"mode":"bus","color":"#0059a9","colorDark":"#00294f","angle":31.2,"snapDist":1,"label":1}},{"type":"Feature","geometry":{"type":"Point","coordinates":[12.525036,55.648793]},"properties":{"name":"Händelsvej (Stubmøllevej)","lines":"23","arr":["23"],"terminus":0,"mode":"bus","color":"#0059a9","colorDark":"#00294f","angle":31.2,"snapDist":1,"label":0}},{"type":"Feature","geometry":{"type":"Point","coordinates":[12.521153,55.650274]},"properties":{"name":"Spontinisvej (Ellebjergvej)","lines":"23","arr":["23"],"terminus":0,"mode":"bus","color":"#0059a9","colorDark":"#00294f","angle":1.5,"snapDist":0,"label":1}},{"type":"Feature","geometry":{"type":"Point","coordinates":[12.516824,55.65039]},"properties":{"name":"Valbyhallen (Ellebjergvej)","lines":"23","arr":["23"],"terminus":0,"mode":"bus","color":"#0059a9","colorDark":"#00294f","angle":4,"snapDist":1,"label":0}},{"type":"Feature","geometry":{"type":"Point","coordinates":[12.502963,55.651497]},"properties":{"name":"Folehaven (Retortvej)","lines":"23","arr":["23"],"terminus":0,"mode":"bus","color":"#0059a9","colorDark":"#00294f","angle":77.2,"snapDist":1,"label":1}},{"type":"Feature","geometry":{"type":"Point","coordinates":[12.501063,55.655547]},"properties":{"name":"Nøddehaven (Retortvej)","lines":"23","arr":["23"],"terminus":0,"mode":"bus","color":"#0059a9","colorDark":"#00294f","angle":75,"snapDist":2,"label":0}},{"type":"Feature","geometry":{"type":"Point","coordinates":[12.596137,55.712865]},"properties":{"name":"Orientkaj St. (Stubbeløbgade)","lines":"25","arr":["25"],"terminus":1,"mode":"bus","color":"#0059a9","colorDark":"#00294f","angle":198.4,"snapDist":0,"label":1}},{"type":"Feature","geometry":{"type":"Point","coordinates":[12.618023,55.714376]},"properties":{"name":"Oceankaj","lines":"25, 164","arr":["25","164"],"terminus":1,"mode":"bus","color":"#0059a9","colorDark":"#00294f","angle":199.6,"snapDist":2,"label":1}},{"type":"Feature","geometry":{"type":"Point","coordinates":[12.622273,55.715011]},"properties":{"name":"Oceankaj, afsætning (Oceankaj)","lines":"25","arr":["25"],"terminus":0,"mode":"bus","color":"#0059a9","colorDark":"#00294f","angle":140.8,"snapDist":1,"label":1}},{"type":"Feature","geometry":{"type":"Point","coordinates":[12.628574,55.717863]},"properties":{"name":"Oceankaj, Terminal (Oceankaj)","lines":"25","arr":["25"],"terminus":1,"mode":"bus","color":"#0059a9","colorDark":"#00294f","angle":141.1,"snapDist":11,"label":1}},{"type":"Feature","geometry":{"type":"Point","coordinates":[12.624408,55.715988]},"properties":{"name":"Oceankaj, Terminal (Oceankaj)","lines":"25","arr":["25"],"terminus":0,"mode":"bus","color":"#0059a9","colorDark":"#00294f","angle":140.9,"snapDist":14,"label":1}},{"type":"Feature","geometry":{"type":"Point","coordinates":[12.618136,55.714354]},"properties":{"name":"Oceankaj","lines":"25, 164","arr":["25","164"],"terminus":1,"mode":"bus","color":"#0059a9","colorDark":"#00294f","angle":199.6,"snapDist":1,"label":0}},{"type":"Feature","geometry":{"type":"Point","coordinates":[12.516493,55.706045]},"properties":{"name":"Bellahøj (Frederikssundsvej)","lines":"26","arr":["26"],"terminus":1,"mode":"bus","color":"#0059a9","colorDark":"#00294f","angle":231.8,"snapDist":9,"label":1}},{"type":"Feature","geometry":{"type":"Point","coordinates":[12.51367,55.705262]},"properties":{"name":"Bellahøjhallen (Bellahøjvej)","lines":"26","arr":["26"],"terminus":0,"mode":"bus","color":"#0059a9","colorDark":"#00294f","angle":286.2,"snapDist":0,"label":1}},{"type":"Feature","geometry":{"type":"Point","coordinates":[12.512997,55.703905]},"properties":{"name":"Ved Bellahøj Nord (Bellahøjvej)","lines":"26","arr":["26"],"terminus":0,"mode":"bus","color":"#0059a9","colorDark":"#00294f","angle":285.4,"snapDist":1,"label":1}},{"type":"Feature","geometry":{"type":"Point","coordinates":[12.509258,55.699553]},"properties":{"name":"Hvidkildevej (Bellahøjvej)","lines":"26","arr":["26"],"terminus":0,"mode":"bus","color":"#0059a9","colorDark":"#00294f","angle":302.3,"snapDist":2,"label":1}},{"type":"Feature","geometry":{"type":"Point","coordinates":[12.506091,55.696955]},"properties":{"name":"Rødkilde Skole (Bellahøjvej)","lines":"26","arr":["26"],"terminus":0,"mode":"bus","color":"#0059a9","colorDark":"#00294f","angle":322.2,"snapDist":0,"label":1}},{"type":"Feature","geometry":{"type":"Point","coordinates":[12.502593,55.69601]},"properties":{"name":"Annebergvej (Bellahøjvej)","lines":"26","arr":["26"],"terminus":0,"mode":"bus","color":"#0059a9","colorDark":"#00294f","angle":336.7,"snapDist":1,"label":1}},{"type":"Feature","geometry":{"type":"Point","coordinates":[12.498786,55.695052]},"properties":{"name":"Brønshøjvej (Bellahøjvej)","lines":"26","arr":["26"],"terminus":0,"mode":"bus","color":"#0059a9","colorDark":"#00294f","angle":335.1,"snapDist":0,"label":1}},{"type":"Feature","geometry":{"type":"Point","coordinates":[12.490986,55.670005]},"properties":{"name":"Vigerslevvej (Valby Langgade)","lines":"26","arr":["26"],"terminus":0,"mode":"bus","color":"#0059a9","colorDark":"#00294f","angle":209.4,"snapDist":4,"label":1}},{"type":"Feature","geometry":{"type":"Point","coordinates":[12.494273,55.669073]},"properties":{"name":"Nakskovvej (Valby Langgade)","lines":"26","arr":["26"],"terminus":0,"mode":"bus","color":"#0059a9","colorDark":"#00294f","angle":203,"snapDist":0,"label":1}},{"type":"Feature","geometry":{"type":"Point","coordinates":[12.497134,55.668411]},"properties":{"name":"Skellet (Valby Langgade)","lines":"26","arr":["26"],"terminus":0,"mode":"bus","color":"#0059a9","colorDark":"#00294f","angle":203.1,"snapDist":2,"label":1}},{"type":"Feature","geometry":{"type":"Point","coordinates":[12.501152,55.667467]},"properties":{"name":"Søndre Allé (Valby Langgade)","lines":"26","arr":["26"],"terminus":0,"mode":"bus","color":"#0059a9","colorDark":"#00294f","angle":200.6,"snapDist":2,"label":1}},{"type":"Feature","geometry":{"type":"Point","coordinates":[12.503421,55.666988]},"properties":{"name":"Langgade St. (Valby Langgade)","lines":"26","arr":["26"],"terminus":0,"mode":"bus","color":"#0059a9","colorDark":"#00294f","angle":200.5,"snapDist":0,"label":1}},{"type":"Feature","geometry":{"type":"Point","coordinates":[12.507316,55.666162]},"properties":{"name":"Gåsebæksvej (Valby Langgade)","lines":"26","arr":["26"],"terminus":0,"mode":"bus","color":"#0059a9","colorDark":"#00294f","angle":201.5,"snapDist":1,"label":1}},{"type":"Feature","geometry":{"type":"Point","coordinates":[12.51321,55.666054]},"properties":{"name":"Tingstedet (Valby Langgade)","lines":"26","arr":["26"],"terminus":0,"mode":"bus","color":"#0059a9","colorDark":"#00294f","angle":169.9,"snapDist":2,"label":1}},{"type":"Feature","geometry":{"type":"Point","coordinates":[12.518579,55.66659]},"properties":{"name":"Sdr. Fasanvej (Valby Langgade)","lines":"26","arr":["26"],"terminus":0,"mode":"bus","color":"#0059a9","colorDark":"#00294f","angle":181.6,"snapDist":2,"label":1}},{"type":"Feature","geometry":{"type":"Point","coordinates":[12.521324,55.666494]},"properties":{"name":"Gl. Jernbanevej (Valby Langgade)","lines":"26","arr":["26"],"terminus":0,"mode":"bus","color":"#0059a9","colorDark":"#00294f","angle":184.9,"snapDist":2,"label":1}},{"type":"Feature","geometry":{"type":"Point","coordinates":[12.527784,55.66718]},"properties":{"name":"Bjerregårdsvej (Valby Langgade)","lines":"26","arr":["26"],"terminus":0,"mode":"bus","color":"#0059a9","colorDark":"#00294f","angle":160.4,"snapDist":2,"label":1}},{"type":"Feature","geometry":{"type":"Point","coordinates":[12.530531,55.668687]},"properties":{"name":"Kammasvej (Pile Allé)","lines":"26","arr":["26"],"terminus":0,"mode":"bus","color":"#0059a9","colorDark":"#00294f","angle":98.8,"snapDist":0,"label":1}},{"type":"Feature","geometry":{"type":"Point","coordinates":[12.531986,55.670772]},"properties":{"name":"De Små Haver (Vesterbrogade)","lines":"26","arr":["26"],"terminus":0,"mode":"bus","color":"#0059a9","colorDark":"#00294f","angle":186.8,"snapDist":1,"label":1}},{"type":"Feature","geometry":{"type":"Point","coordinates":[12.535795,55.670488]},"properties":{"name":"Barfods Skole (Vesterbrogade)","lines":"26","arr":["26"],"terminus":0,"mode":"bus","color":"#0059a9","colorDark":"#00294f","angle":187.4,"snapDist":1,"label":0}},{"type":"Feature","geometry":{"type":"Point","coordinates":[12.540047,55.670225]},"properties":{"name":"Platanvej (Vesterbrogade)","lines":"26","arr":["26"],"terminus":0,"mode":"bus","color":"#0059a9","colorDark":"#00294f","angle":178.5,"snapDist":3,"label":0}},{"type":"Feature","geometry":{"type":"Point","coordinates":[12.545208,55.6715]},"properties":{"name":"Enghavevej (Vesterbrogade)","lines":"26","arr":["26"],"terminus":0,"mode":"bus","color":"#0059a9","colorDark":"#00294f","angle":154.7,"snapDist":2,"label":1}},{"type":"Feature","geometry":{"type":"Point","coordinates":[12.588175,55.678021]},"properties":{"name":"Tordenskjoldsgade (Holbergsgade)","lines":"26","arr":["26"],"terminus":0,"mode":"bus","color":"#0059a9","colorDark":"#00294f","angle":157.8,"snapDist":0,"label":1}},{"type":"Feature","geometry":{"type":"Point","coordinates":[12.591045,55.679275]},"properties":{"name":"Nyhavnsbroen (Holbergsgade)","lines":"26","arr":["26"],"terminus":0,"mode":"bus","color":"#0059a9","colorDark":"#00294f","angle":113.9,"snapDist":0,"label":1}},{"type":"Feature","geometry":{"type":"Point","coordinates":[12.593993,55.681006]},"properties":{"name":"Sankt Annæ Plads, Skuespilhuset (Sankt Annæ Plads)","lines":"26","arr":["26"],"terminus":1,"mode":"bus","color":"#0059a9","colorDark":"#00294f","angle":25,"snapDist":3,"label":1}},{"type":"Feature","geometry":{"type":"Point","coordinates":[12.59101,55.679231]},"properties":{"name":"Nyhavnsbroen (Holbergsgade)","lines":"26","arr":["26"],"terminus":0,"mode":"bus","color":"#0059a9","colorDark":"#00294f","angle":293.9,"snapDist":0,"label":0}},{"type":"Feature","geometry":{"type":"Point","coordinates":[12.587919,55.677962]},"properties":{"name":"Tordenskjoldsgade (Holbergsgade)","lines":"26","arr":["26"],"terminus":0,"mode":"bus","color":"#0059a9","colorDark":"#00294f","angle":337.8,"snapDist":0,"label":0}},{"type":"Feature","geometry":{"type":"Point","coordinates":[12.530441,55.668365]},"properties":{"name":"Kammasvej (Pile Allé)","lines":"26","arr":["26"],"terminus":0,"mode":"bus","color":"#0059a9","colorDark":"#00294f","angle":279.4,"snapDist":1,"label":0}},{"type":"Feature","geometry":{"type":"Point","coordinates":[12.526034,55.66685]},"properties":{"name":"Bjerregårdsvej (Valby Langgade)","lines":"26","arr":["26"],"terminus":0,"mode":"bus","color":"#0059a9","colorDark":"#00294f","angle":342.9,"snapDist":3,"label":0}},{"type":"Feature","geometry":{"type":"Point","coordinates":[12.519675,55.666566]},"properties":{"name":"Gl. Jernbanevej (Valby Langgade)","lines":"26","arr":["26"],"terminus":0,"mode":"bus","color":"#0059a9","colorDark":"#00294f","angle":3.7,"snapDist":2,"label":0}},{"type":"Feature","geometry":{"type":"Point","coordinates":[12.516514,55.666604]},"properties":{"name":"Sdr. Fasanvej (Valby Langgade)","lines":"26","arr":["26"],"terminus":0,"mode":"bus","color":"#0059a9","colorDark":"#00294f","angle":359.4,"snapDist":1,"label":0}},{"type":"Feature","geometry":{"type":"Point","coordinates":[12.512952,55.666034]},"properties":{"name":"Tingstedet (Valby Langgade)","lines":"26","arr":["26"],"terminus":0,"mode":"bus","color":"#0059a9","colorDark":"#00294f","angle":353.2,"snapDist":2,"label":0}},{"type":"Feature","geometry":{"type":"Point","coordinates":[12.507297,55.666166]},"properties":{"name":"Gåsebæksvej (Valby Langgade)","lines":"26","arr":["26"],"terminus":0,"mode":"bus","color":"#0059a9","colorDark":"#00294f","angle":21.5,"snapDist":1,"label":0}},{"type":"Feature","geometry":{"type":"Point","coordinates":[12.503299,55.667014]},"properties":{"name":"Langgade St. (Valby Langgade)","lines":"26","arr":["26"],"terminus":0,"mode":"bus","color":"#0059a9","colorDark":"#00294f","angle":20.5,"snapDist":0,"label":0}},{"type":"Feature","geometry":{"type":"Point","coordinates":[12.499183,55.667911]},"properties":{"name":"Søndre Allé (Valby Langgade)","lines":"26","arr":["26"],"terminus":0,"mode":"bus","color":"#0059a9","colorDark":"#00294f","angle":23.5,"snapDist":1,"label":0}},{"type":"Feature","geometry":{"type":"Point","coordinates":[12.495881,55.668706]},"properties":{"name":"Skellet (Valby Langgade)","lines":"26","arr":["26"],"terminus":0,"mode":"bus","color":"#0059a9","colorDark":"#00294f","angle":22,"snapDist":1,"label":0}},{"type":"Feature","geometry":{"type":"Point","coordinates":[12.492229,55.669623]},"properties":{"name":"Nakskovvej (Valby Langgade)","lines":"26","arr":["26"],"terminus":0,"mode":"bus","color":"#0059a9","colorDark":"#00294f","angle":31.2,"snapDist":1,"label":0}},{"type":"Feature","geometry":{"type":"Point","coordinates":[12.500097,55.687807]},"properties":{"name":"C.F. Richs Vej (Apollovej)","lines":"26","arr":["26"],"terminus":0,"mode":"bus","color":"#0059a9","colorDark":"#00294f","angle":5,"snapDist":2,"label":1}},{"type":"Feature","geometry":{"type":"Point","coordinates":[12.49501,55.694107]},"properties":{"name":"Slotsherrensvej (Bellahøjvej)","lines":"26","arr":["26"],"terminus":0,"mode":"bus","color":"#0059a9","colorDark":"#00294f","angle":144.5,"snapDist":0,"label":1}},{"type":"Feature","geometry":{"type":"Point","coordinates":[12.499012,55.695111]},"properties":{"name":"Brønshøjvej (Bellahøjvej)","lines":"26","arr":["26"],"terminus":0,"mode":"bus","color":"#0059a9","colorDark":"#00294f","angle":155.1,"snapDist":0,"label":0}},{"type":"Feature","geometry":{"type":"Point","coordinates":[12.503853,55.696317]},"properties":{"name":"Primulavej (Bellahøjvej)","lines":"26","arr":["26"],"terminus":0,"mode":"bus","color":"#0059a9","colorDark":"#00294f","angle":156.5,"snapDist":0,"label":1}},{"type":"Feature","geometry":{"type":"Point","coordinates":[12.506893,55.697401]},"properties":{"name":"Rødkilde Skole (Bellahøjvej)","lines":"26","arr":["26"],"terminus":0,"mode":"bus","color":"#0059a9","colorDark":"#00294f","angle":125.5,"snapDist":0,"label":0}},{"type":"Feature","geometry":{"type":"Point","coordinates":[12.510756,55.700897]},"properties":{"name":"Hvidkildevej (Bellahøjvej)","lines":"26","arr":["26"],"terminus":0,"mode":"bus","color":"#0059a9","colorDark":"#00294f","angle":121.8,"snapDist":0,"label":0}},{"type":"Feature","geometry":{"type":"Point","coordinates":[12.512688,55.703275]},"properties":{"name":"Ved Bellahøj Nord (Bellahøjvej)","lines":"26","arr":["26"],"terminus":0,"mode":"bus","color":"#0059a9","colorDark":"#00294f","angle":105.4,"snapDist":1,"label":0}},{"type":"Feature","geometry":{"type":"Point","coordinates":[12.51396,55.705809]},"properties":{"name":"Bellahøjhallen (Bellahøjvej)","lines":"26","arr":["26"],"terminus":0,"mode":"bus","color":"#0059a9","colorDark":"#00294f","angle":106.9,"snapDist":1,"label":0}},{"type":"Feature","geometry":{"type":"Point","coordinates":[12.59501,55.695425]},"properties":{"name":"Søndre Frihavn (Indiakaj)","lines":"27","arr":["27"],"terminus":0,"mode":"bus","color":"#0059a9","colorDark":"#00294f","angle":187.8,"snapDist":0,"label":1}},{"type":"Feature","geometry":{"type":"Point","coordinates":[12.598425,55.695159]},"properties":{"name":"Indiakaj","lines":"27","arr":["27"],"terminus":0,"mode":"bus","color":"#0059a9","colorDark":"#00294f","angle":187.9,"snapDist":1,"label":1}},{"type":"Feature","geometry":{"type":"Point","coordinates":[12.597888,55.695201]},"properties":{"name":"Indiakaj","lines":"27","arr":["27"],"terminus":0,"mode":"bus","color":"#0059a9","colorDark":"#00294f","angle":187.9,"snapDist":0,"label":0}},{"type":"Feature","geometry":{"type":"Point","coordinates":[12.594084,55.695687]},"properties":{"name":"Søndre Frihavn (Kalkbrænderihavnsgade)","lines":"27","arr":["27"],"terminus":0,"mode":"bus","color":"#0059a9","colorDark":"#00294f","angle":80.7,"snapDist":0,"label":1}},{"type":"Feature","geometry":{"type":"Point","coordinates":[12.594849,55.69853]},"properties":{"name":"Pakhusvej (Dampfærgevej)","lines":"27","arr":["27"],"terminus":0,"mode":"bus","color":"#0059a9","colorDark":"#00294f","angle":100.8,"snapDist":1,"label":1}},{"type":"Feature","geometry":{"type":"Point","coordinates":[12.59426,55.700977]},"properties":{"name":"Færgeterminal Søndre Frihavn (Dampfærgevej)","lines":"27","arr":["27"],"terminus":1,"mode":"bus","color":"#0059a9","colorDark":"#00294f","angle":25.5,"snapDist":5,"label":1}},{"type":"Feature","geometry":{"type":"Point","coordinates":[12.593594,55.694993]},"properties":{"name":"Søndre Frihavn (Folke Bernadottes Allé)","lines":"27","arr":["27"],"terminus":0,"mode":"bus","color":"#0059a9","colorDark":"#00294f","angle":302.1,"snapDist":1,"label":1}},{"type":"Feature","geometry":{"type":"Point","coordinates":[12.480676,55.69154]},"properties":{"name":"Ålekistevej, Sløjfen","lines":"31","arr":["31"],"terminus":1,"mode":"bus","color":"#0059a9","colorDark":"#00294f","angle":166.2,"snapDist":0,"label":1}},{"type":"Feature","geometry":{"type":"Point","coordinates":[12.481284,55.690505]},"properties":{"name":"Jyllingevej (Ålekistevej)","lines":"31, 142","arr":["31","142"],"terminus":0,"mode":"bus","color":"#0059a9","colorDark":"#00294f","angle":258.8,"snapDist":0,"label":0}},{"type":"Feature","geometry":{"type":"Point","coordinates":[12.482367,55.687256]},"properties":{"name":"Klitmøllervej (Ålekistevej)","lines":"31, 142","arr":["31","142"],"terminus":0,"mode":"bus","color":"#0059a9","colorDark":"#00294f","angle":259.2,"snapDist":0,"label":1}},{"type":"Feature","geometry":{"type":"Point","coordinates":[12.492237,55.685286]},"properties":{"name":"Grøndals Parkvej (Jernbane Allé)","lines":"31","arr":["31"],"terminus":0,"mode":"bus","color":"#0059a9","colorDark":"#00294f","angle":241.8,"snapDist":0,"label":0}},{"type":"Feature","geometry":{"type":"Point","coordinates":[12.528582,55.678989]},"properties":{"name":"John Winthers Plads (Smallegade)","lines":"31","arr":["31"],"terminus":0,"mode":"bus","color":"#0059a9","colorDark":"#00294f","angle":190.5,"snapDist":4,"label":1}},{"type":"Feature","geometry":{"type":"Point","coordinates":[12.532278,55.678535]},"properties":{"name":"Frederiksberg Rådhus (Smallegade)","lines":"31","arr":["31"],"terminus":0,"mode":"bus","color":"#0059a9","colorDark":"#00294f","angle":193.2,"snapDist":2,"label":0}},{"type":"Feature","geometry":{"type":"Point","coordinates":[12.536103,55.677692]},"properties":{"name":"Henrik Steffens Vej (Gammel Kongevej)","lines":"31","arr":["31"],"terminus":0,"mode":"bus","color":"#0059a9","colorDark":"#00294f","angle":203.5,"snapDist":1,"label":1}},{"type":"Feature","geometry":{"type":"Point","coordinates":[12.540879,55.676603]},"properties":{"name":"Bülowsvej (Gammel Kongevej)","lines":"31","arr":["31"],"terminus":0,"mode":"bus","color":"#0059a9","colorDark":"#00294f","angle":201.4,"snapDist":3,"label":1}},{"type":"Feature","geometry":{"type":"Point","coordinates":[12.545881,55.675388]},"properties":{"name":"H.C. Ørsteds Vej (Gammel Kongevej)","lines":"31","arr":["31"],"terminus":0,"mode":"bus","color":"#0059a9","colorDark":"#00294f","angle":203.1,"snapDist":2,"label":1}},{"type":"Feature","geometry":{"type":"Point","coordinates":[12.549197,55.674625]},"properties":{"name":"Værnedamsvej (Gammel Kongevej)","lines":"31","arr":["31"],"terminus":0,"mode":"bus","color":"#0059a9","colorDark":"#00294f","angle":200.5,"snapDist":4,"label":1}},{"type":"Feature","geometry":{"type":"Point","coordinates":[12.55604,55.673847]},"properties":{"name":"Det Ny Teater (Gammel Kongevej)","lines":"31","arr":["31"],"terminus":0,"mode":"bus","color":"#0059a9","colorDark":"#00294f","angle":173.6,"snapDist":4,"label":1}},{"type":"Feature","geometry":{"type":"Point","coordinates":[12.561131,55.675007]},"properties":{"name":"Vesterport St. (Ved Vesterport)","lines":"31","arr":["31"],"terminus":0,"mode":"bus","color":"#0059a9","colorDark":"#00294f","angle":139.2,"snapDist":0,"label":1}},{"type":"Feature","geometry":{"type":"Point","coordinates":[12.566743,55.672635]},"properties":{"name":"Hovedbanegården, Tivoli (Bernstorffsgade)","lines":"31, 37","arr":["31","37"],"terminus":0,"mode":"bus","color":"#0059a9","colorDark":"#00294f","angle":238.8,"snapDist":1,"label":0}},{"type":"Feature","geometry":{"type":"Point","coordinates":[12.596676,55.668286]},"properties":{"name":"Christmas Møllers Plads (Amagerbrogade)","lines":"31","arr":["31"],"terminus":0,"mode":"bus","color":"#0059a9","colorDark":"#00294f","angle":233.2,"snapDist":0,"label":1}},{"type":"Feature","geometry":{"type":"Point","coordinates":[12.598905,55.666035]},"properties":{"name":"Sønderport (Amagerbrogade)","lines":"31","arr":["31"],"terminus":0,"mode":"bus","color":"#0059a9","colorDark":"#00294f","angle":241.1,"snapDist":1,"label":1}},{"type":"Feature","geometry":{"type":"Point","coordinates":[12.602394,55.664257]},"properties":{"name":"Amagerbro St. (Holmbladsgade)","lines":"31","arr":["31"],"terminus":0,"mode":"bus","color":"#0059a9","colorDark":"#00294f","angle":160.3,"snapDist":0,"label":1}},{"type":"Feature","geometry":{"type":"Point","coordinates":[12.609745,55.665743]},"properties":{"name":"Lyneborggade (Holmbladsgade)","lines":"31","arr":["31"],"terminus":0,"mode":"bus","color":"#0059a9","colorDark":"#00294f","angle":160.3,"snapDist":1,"label":1}},{"type":"Feature","geometry":{"type":"Point","coordinates":[12.613183,55.66579]},"properties":{"name":"Holmbladsgade (Østrigsgade)","lines":"31","arr":["31"],"terminus":0,"mode":"bus","color":"#0059a9","colorDark":"#00294f","angle":246.8,"snapDist":1,"label":1}},{"type":"Feature","geometry":{"type":"Point","coordinates":[12.61484,55.663631]},"properties":{"name":"Bulgariensgade (Østrigsgade)","lines":"31","arr":["31"],"terminus":0,"mode":"bus","color":"#0059a9","colorDark":"#00294f","angle":245.9,"snapDist":0,"label":1}},{"type":"Feature","geometry":{"type":"Point","coordinates":[12.616185,55.662112]},"properties":{"name":"Lergravsparken St. (Østrigsgade)","lines":"31","arr":["31"],"terminus":0,"mode":"bus","color":"#0059a9","colorDark":"#00294f","angle":229.2,"snapDist":1,"label":1}},{"type":"Feature","geometry":{"type":"Point","coordinates":[12.61992,55.658177]},"properties":{"name":"Florensvej (Backersvej)","lines":"31","arr":["31"],"terminus":0,"mode":"bus","color":"#0059a9","colorDark":"#00294f","angle":245.3,"snapDist":2,"label":1}},{"type":"Feature","geometry":{"type":"Point","coordinates":[12.623093,55.654526]},"properties":{"name":"Italiensvej, Hospitalet (Backersvej)","lines":"31","arr":["31"],"terminus":0,"mode":"bus","color":"#0059a9","colorDark":"#00294f","angle":243.9,"snapDist":1,"label":1}},{"type":"Feature","geometry":{"type":"Point","coordinates":[12.624965,55.652416]},"properties":{"name":"Samosvej (Backersvej)","lines":"31","arr":["31"],"terminus":0,"mode":"bus","color":"#0059a9","colorDark":"#00294f","angle":244,"snapDist":2,"label":1}},{"type":"Feature","geometry":{"type":"Point","coordinates":[12.627243,55.648579]},"properties":{"name":"Ceylonvej (Backersvej)","lines":"31","arr":["31"],"terminus":0,"mode":"bus","color":"#0059a9","colorDark":"#00294f","angle":254.7,"snapDist":2,"label":1}},{"type":"Feature","geometry":{"type":"Point","coordinates":[12.628389,55.646274]},"properties":{"name":"Greisvej (Backersvej)","lines":"31","arr":["31"],"terminus":0,"mode":"bus","color":"#0059a9","colorDark":"#00294f","angle":255.6,"snapDist":1,"label":1}},{"type":"Feature","geometry":{"type":"Point","coordinates":[12.629275,55.643585]},"properties":{"name":"Postparken (Kastrupvej)","lines":"31","arr":["31"],"terminus":0,"mode":"bus","color":"#0059a9","colorDark":"#00294f","angle":231.3,"snapDist":0,"label":1}},{"type":"Feature","geometry":{"type":"Point","coordinates":[12.633515,55.640601]},"properties":{"name":"Hyben Allé (Kastrupvej)","lines":"31","arr":["31"],"terminus":0,"mode":"bus","color":"#0059a9","colorDark":"#00294f","angle":231.2,"snapDist":0,"label":1}},{"type":"Feature","geometry":{"type":"Point","coordinates":[12.636037,55.637221]},"properties":{"name":"Skottegårdsskolen (Kastrupvej)","lines":"31","arr":["31"],"terminus":0,"mode":"bus","color":"#0059a9","colorDark":"#00294f","angle":259.2,"snapDist":3,"label":1}},{"type":"Feature","geometry":{"type":"Point","coordinates":[12.637485,55.635304]},"properties":{"name":"Sirgræsvej (Alleen)","lines":"31, 32","arr":["31","32"],"terminus":0,"mode":"bus","color":"#0059a9","colorDark":"#00294f","angle":169.8,"snapDist":0,"label":1}},{"type":"Feature","geometry":{"type":"Point","coordinates":[12.641951,55.635811]},"properties":{"name":"Kastruplundgade (Alleen)","lines":"31, 32","arr":["31","32"],"terminus":0,"mode":"bus","color":"#0059a9","colorDark":"#00294f","angle":168.3,"snapDist":0,"label":1}},{"type":"Feature","geometry":{"type":"Point","coordinates":[12.643976,55.63455]},"properties":{"name":"Kastruplundgade (Ved Stationen)","lines":"31, 32","arr":["31","32"],"terminus":0,"mode":"bus","color":"#0059a9","colorDark":"#00294f","angle":160.7,"snapDist":1,"label":1}},{"type":"Feature","geometry":{"type":"Point","coordinates":[12.646491,55.635791]},"properties":{"name":"Kastrup St. (Ved Stationen)","lines":"31","arr":["31"],"terminus":1,"mode":"bus","color":"#0059a9","colorDark":"#00294f","angle":81,"snapDist":1,"label":1}},{"type":"Feature","geometry":{"type":"Point","coordinates":[12.64136,55.635742]},"properties":{"name":"Kastruplundgade (Alleen)","lines":"31, 32","arr":["31","32"],"terminus":0,"mode":"bus","color":"#0059a9","colorDark":"#00294f","angle":348.3,"snapDist":0,"label":0}},{"type":"Feature","geometry":{"type":"Point","coordinates":[12.636471,55.635677]},"properties":{"name":"Sirgræsvej (Alleen)","lines":"31","arr":["31"],"terminus":0,"mode":"bus","color":"#0059a9","colorDark":"#00294f","angle":81.8,"snapDist":2,"label":0}},{"type":"Feature","geometry":{"type":"Point","coordinates":[12.635731,55.637982]},"properties":{"name":"Skottegårdsskolen (Kastrupvej)","lines":"31","arr":["31"],"terminus":0,"mode":"bus","color":"#0059a9","colorDark":"#00294f","angle":75.2,"snapDist":1,"label":0}},{"type":"Feature","geometry":{"type":"Point","coordinates":[12.631766,55.64183]},"properties":{"name":"Hyben Allé (Kastrupvej)","lines":"31","arr":["31"],"terminus":0,"mode":"bus","color":"#0059a9","colorDark":"#00294f","angle":51.4,"snapDist":0,"label":0}},{"type":"Feature","geometry":{"type":"Point","coordinates":[12.628601,55.645384]},"properties":{"name":"Borneovej (Backersvej)","lines":"31","arr":["31"],"terminus":0,"mode":"bus","color":"#0059a9","colorDark":"#00294f","angle":87.5,"snapDist":0,"label":1}},{"type":"Feature","geometry":{"type":"Point","coordinates":[12.62805,55.646949]},"properties":{"name":"Greisvej (Backersvej)","lines":"31","arr":["31"],"terminus":0,"mode":"bus","color":"#0059a9","colorDark":"#00294f","angle":72.7,"snapDist":1,"label":0}},{"type":"Feature","geometry":{"type":"Point","coordinates":[12.626806,55.649392]},"properties":{"name":"Formosavej (Backersvej)","lines":"31","arr":["31"],"terminus":0,"mode":"bus","color":"#0059a9","colorDark":"#00294f","angle":72.7,"snapDist":2,"label":1}},{"type":"Feature","geometry":{"type":"Point","coordinates":[12.624488,55.652959]},"properties":{"name":"Samosvej (Backersvej)","lines":"31","arr":["31"],"terminus":0,"mode":"bus","color":"#0059a9","colorDark":"#00294f","angle":63.3,"snapDist":2,"label":0}},{"type":"Feature","geometry":{"type":"Point","coordinates":[12.622465,55.655247]},"properties":{"name":"Italiensvej, Hospitalet (Backersvej)","lines":"31","arr":["31"],"terminus":0,"mode":"bus","color":"#0059a9","colorDark":"#00294f","angle":62.6,"snapDist":1,"label":0}},{"type":"Feature","geometry":{"type":"Point","coordinates":[12.620102,55.657954]},"properties":{"name":"Florensvej (Backersvej)","lines":"31","arr":["31"],"terminus":0,"mode":"bus","color":"#0059a9","colorDark":"#00294f","angle":65.3,"snapDist":2,"label":0}},{"type":"Feature","geometry":{"type":"Point","coordinates":[12.616068,55.662188]},"properties":{"name":"Lergravsparken St. (Østrigsgade)","lines":"31","arr":["31"],"terminus":0,"mode":"bus","color":"#0059a9","colorDark":"#00294f","angle":49.2,"snapDist":1,"label":0}},{"type":"Feature","geometry":{"type":"Point","coordinates":[12.614479,55.664099]},"properties":{"name":"Bulgariensgade (Østrigsgade)","lines":"31","arr":["31"],"terminus":0,"mode":"bus","color":"#0059a9","colorDark":"#00294f","angle":67.2,"snapDist":0,"label":0}},{"type":"Feature","geometry":{"type":"Point","coordinates":[12.613076,55.66593]},"properties":{"name":"Holmbladsgade (Østrigsgade)","lines":"31","arr":["31"],"terminus":0,"mode":"bus","color":"#0059a9","colorDark":"#00294f","angle":66.8,"snapDist":2,"label":0}},{"type":"Feature","geometry":{"type":"Point","coordinates":[12.608578,55.665509]},"properties":{"name":"Lyneborggade (Holmbladsgade)","lines":"31","arr":["31"],"terminus":0,"mode":"bus","color":"#0059a9","colorDark":"#00294f","angle":340.5,"snapDist":1,"label":0}},{"type":"Feature","geometry":{"type":"Point","coordinates":[12.604893,55.664765]},"properties":{"name":"Jemtelandsgade (Holmbladsgade)","lines":"31","arr":["31"],"terminus":0,"mode":"bus","color":"#0059a9","colorDark":"#00294f","angle":340.3,"snapDist":0,"label":1}},{"type":"Feature","geometry":{"type":"Point","coordinates":[12.600558,55.664337]},"properties":{"name":"Amagerbro St. (Amagerbrogade)","lines":"31","arr":["31"],"terminus":0,"mode":"bus","color":"#0059a9","colorDark":"#00294f","angle":61.8,"snapDist":1,"label":0}},{"type":"Feature","geometry":{"type":"Point","coordinates":[12.598854,55.666088]},"properties":{"name":"Sønderport (Amagerbrogade)","lines":"31","arr":["31"],"terminus":0,"mode":"bus","color":"#0059a9","colorDark":"#00294f","angle":61.1,"snapDist":0,"label":0}},{"type":"Feature","geometry":{"type":"Point","coordinates":[12.596919,55.66807]},"properties":{"name":"Christmas Møllers Plads (Amagerbrogade)","lines":"31","arr":["31"],"terminus":0,"mode":"bus","color":"#0059a9","colorDark":"#00294f","angle":60.9,"snapDist":2,"label":0}},{"type":"Feature","geometry":{"type":"Point","coordinates":[12.566482,55.672572]},"properties":{"name":"Hovedbanegården, Tivoli (Bernstorffsgade)","lines":"31, 37","arr":["31","37"],"terminus":0,"mode":"bus","color":"#0059a9","colorDark":"#00294f","angle":58.6,"snapDist":0,"label":0}},{"type":"Feature","geometry":{"type":"Point","coordinates":[12.562623,55.675548]},"properties":{"name":"Vesterport St. (Ved Vesterport)","lines":"31","arr":["31"],"terminus":0,"mode":"bus","color":"#0059a9","colorDark":"#00294f","angle":334,"snapDist":1,"label":0}},{"type":"Feature","geometry":{"type":"Point","coordinates":[12.555794,55.673829]},"properties":{"name":"Det Ny Teater (Gammel Kongevej)","lines":"31","arr":["31"],"terminus":0,"mode":"bus","color":"#0059a9","colorDark":"#00294f","angle":352,"snapDist":5,"label":0}},{"type":"Feature","geometry":{"type":"Point","coordinates":[12.551119,55.674207]},"properties":{"name":"Værnedamsvej (Gammel Kongevej)","lines":"31, 71","arr":["31","71"],"terminus":0,"mode":"bus","color":"#0059a9","colorDark":"#00294f","angle":21.5,"snapDist":3,"label":0}},{"type":"Feature","geometry":{"type":"Point","coordinates":[12.546159,55.67532]},"properties":{"name":"H.C. Ørsteds Vej (Gammel Kongevej)","lines":"31, 71","arr":["31","71"],"terminus":0,"mode":"bus","color":"#0059a9","colorDark":"#00294f","angle":21.4,"snapDist":3,"label":0}},{"type":"Feature","geometry":{"type":"Point","coordinates":[12.540631,55.676657]},"properties":{"name":"Bülowsvej (Gammel Kongevej)","lines":"31, 71","arr":["31","71"],"terminus":0,"mode":"bus","color":"#0059a9","colorDark":"#00294f","angle":21,"snapDist":3,"label":0}},{"type":"Feature","geometry":{"type":"Point","coordinates":[12.53693,55.6775]},"properties":{"name":"Henrik Steffens Vej (Gammel Kongevej)","lines":"31, 71","arr":["31","71"],"terminus":0,"mode":"bus","color":"#0059a9","colorDark":"#00294f","angle":22.4,"snapDist":2,"label":0}},{"type":"Feature","geometry":{"type":"Point","coordinates":[12.532547,55.678495]},"properties":{"name":"Frederiksberg Rådhus (Smallegade)","lines":"31","arr":["31"],"terminus":0,"mode":"bus","color":"#0059a9","colorDark":"#00294f","angle":15.4,"snapDist":2,"label":0}},{"type":"Feature","geometry":{"type":"Point","coordinates":[12.52842,55.679004]},"properties":{"name":"John Winthers Plads (Smallegade)","lines":"31, 72","arr":["31","72"],"terminus":0,"mode":"bus","color":"#0059a9","colorDark":"#00294f","angle":8.5,"snapDist":3,"label":0}},{"type":"Feature","geometry":{"type":"Point","coordinates":[12.522415,55.679488]},"properties":{"name":"Fasanvej (Smallegade)","lines":"31, 71, 72, 74","arr":["31","71","72","74"],"terminus":0,"mode":"bus","color":"#0059a9","colorDark":"#00294f","angle":347.5,"snapDist":1,"label":0}},{"type":"Feature","geometry":{"type":"Point","coordinates":[12.483037,55.685251]},"properties":{"name":"Vanløse, Jydeholmen (Ålekistevej)","lines":"31, 142","arr":["31","142"],"terminus":0,"mode":"bus","color":"#0059a9","colorDark":"#00294f","angle":79.5,"snapDist":0,"label":1}},{"type":"Feature","geometry":{"type":"Point","coordinates":[12.48234,55.687337]},"properties":{"name":"Klitmøllervej (Ålekistevej)","lines":"31, 142","arr":["31","142"],"terminus":0,"mode":"bus","color":"#0059a9","colorDark":"#00294f","angle":79.2,"snapDist":0,"label":0}},{"type":"Feature","geometry":{"type":"Point","coordinates":[12.646564,55.635533]},"properties":{"name":"Kastrup St. (Ved Stationen)","lines":"32","arr":["32"],"terminus":1,"mode":"bus","color":"#0059a9","colorDark":"#00294f","angle":81,"snapDist":1,"label":0}},{"type":"Feature","geometry":{"type":"Point","coordinates":[12.634044,55.635077]},"properties":{"name":"Terosevej (Sirgræsvej)","lines":"32","arr":["32"],"terminus":0,"mode":"bus","color":"#0059a9","colorDark":"#00294f","angle":345.6,"snapDist":1,"label":1}},{"type":"Feature","geometry":{"type":"Point","coordinates":[12.627219,55.634114]},"properties":{"name":"Røllikevej (Sirgræsvej)","lines":"32","arr":["32"],"terminus":0,"mode":"bus","color":"#0059a9","colorDark":"#00294f","angle":346.8,"snapDist":0,"label":1}},{"type":"Feature","geometry":{"type":"Point","coordinates":[12.624397,55.633753]},"properties":{"name":"Bøgevang","lines":"32","arr":["32"],"terminus":0,"mode":"bus","color":"#0059a9","colorDark":"#00294f","angle":350.3,"snapDist":2,"label":1}},{"type":"Feature","geometry":{"type":"Point","coordinates":[12.621417,55.631884]},"properties":{"name":"Gammel Kirkevej (Amager Landevej)","lines":"32, 35","arr":["32","35"],"terminus":0,"mode":"bus","color":"#0059a9","colorDark":"#00294f","angle":254.1,"snapDist":0,"label":1}},{"type":"Feature","geometry":{"type":"Point","coordinates":[12.623476,55.627734]},"properties":{"name":"Skyttehøj (Amager Landevej)","lines":"32, 35","arr":["32","35"],"terminus":0,"mode":"bus","color":"#0059a9","colorDark":"#00294f","angle":253.8,"snapDist":1,"label":1}},{"type":"Feature","geometry":{"type":"Point","coordinates":[12.624461,55.625734]},"properties":{"name":"Maglebo (Amager Landevej)","lines":"32, 35","arr":["32","35"],"terminus":0,"mode":"bus","color":"#0059a9","colorDark":"#00294f","angle":254.5,"snapDist":0,"label":1}},{"type":"Feature","geometry":{"type":"Point","coordinates":[12.624888,55.622992]},"properties":{"name":"Amager Landevej (Løjtegårdsvej)","lines":"32, 34","arr":["32","34"],"terminus":0,"mode":"bus","color":"#0059a9","colorDark":"#00294f","angle":1.8,"snapDist":1,"label":1}},{"type":"Feature","geometry":{"type":"Point","coordinates":[12.620158,55.62306]},"properties":{"name":"Løjtegårdsskolen (Løjtegårdsvej)","lines":"32, 34","arr":["32","34"],"terminus":0,"mode":"bus","color":"#0059a9","colorDark":"#00294f","angle":1.1,"snapDist":0,"label":1}},{"type":"Feature","geometry":{"type":"Point","coordinates":[12.614491,55.623128]},"properties":{"name":"Amagerhallen (Løjtegårdsvej)","lines":"32, 34","arr":["32","34"],"terminus":0,"mode":"bus","color":"#0059a9","colorDark":"#00294f","angle":1.2,"snapDist":1,"label":1}},{"type":"Feature","geometry":{"type":"Point","coordinates":[12.609887,55.623184]},"properties":{"name":"Plejehjemmet Løjtegårdsvej (Løjtegårdsvej)","lines":"32, 34","arr":["32","34"],"terminus":0,"mode":"bus","color":"#0059a9","colorDark":"#00294f","angle":1.2,"snapDist":1,"label":1}},{"type":"Feature","geometry":{"type":"Point","coordinates":[12.603459,55.623262]},"properties":{"name":"Englandsvej (Løjtegårdsvej)","lines":"32, 36","arr":["32","36"],"terminus":0,"mode":"bus","color":"#0059a9","colorDark":"#00294f","angle":1.1,"snapDist":0,"label":1}},{"type":"Feature","geometry":{"type":"Point","coordinates":[12.599092,55.623287]},"properties":{"name":"Præstefælledvej (Løjtegårdsvej)","lines":"32, 36","arr":["32","36"],"terminus":0,"mode":"bus","color":"#0059a9","colorDark":"#00294f","angle":353.3,"snapDist":0,"label":1}},{"type":"Feature","geometry":{"type":"Point","coordinates":[12.596311,55.622937]},"properties":{"name":"Egensevej (Løjtegårdsvej)","lines":"32, 36","arr":["32","36"],"terminus":0,"mode":"bus","color":"#0059a9","colorDark":"#00294f","angle":346.6,"snapDist":0,"label":1}},{"type":"Feature","geometry":{"type":"Point","coordinates":[12.590531,55.62214]},"properties":{"name":"Oliefabriksvej (Løjtegårdsvej)","lines":"32","arr":["32"],"terminus":0,"mode":"bus","color":"#0059a9","colorDark":"#00294f","angle":345.4,"snapDist":0,"label":1}},{"type":"Feature","geometry":{"type":"Point","coordinates":[12.585648,55.620866]},"properties":{"name":"Kongelundsvej (Otto Baches Allé)","lines":"32, 33","arr":["32","33"],"terminus":0,"mode":"bus","color":"#0059a9","colorDark":"#00294f","angle":331.1,"snapDist":2,"label":1}},{"type":"Feature","geometry":{"type":"Point","coordinates":[12.577754,55.617964]},"properties":{"name":"Foldbyvej (Otto Baches Allé)","lines":"32, 33","arr":["32","33"],"terminus":0,"mode":"bus","color":"#0059a9","colorDark":"#00294f","angle":338.2,"snapDist":2,"label":1}},{"type":"Feature","geometry":{"type":"Point","coordinates":[12.575322,55.619752]},"properties":{"name":"Vestamager St. (Ørestads Boulevard)","lines":"32, 33","arr":["32","33"],"terminus":0,"mode":"bus","color":"#0059a9","colorDark":"#00294f","angle":102.8,"snapDist":1,"label":1}},{"type":"Feature","geometry":{"type":"Point","coordinates":[12.579352,55.62978]},"properties":{"name":"Ørestad St. (Ørestads Boulevard)","lines":"32, 33","arr":["32","33"],"terminus":0,"mode":"bus","color":"#0059a9","colorDark":"#00294f","angle":102.2,"snapDist":3,"label":0}},{"type":"Feature","geometry":{"type":"Point","coordinates":[12.581236,55.629422]},"properties":{"name":"Ørestad St., Kay Fiskers Plads (Kay Fiskers Plads)","lines":"32","arr":["32"],"terminus":1,"mode":"bus","color":"#0059a9","colorDark":"#00294f","angle":193,"snapDist":1,"label":1}},{"type":"Feature","geometry":{"type":"Point","coordinates":[12.579038,55.628989]},"properties":{"name":"Ørestad St. (Ørestads Boulevard)","lines":"32, 33","arr":["32","33"],"terminus":0,"mode":"bus","color":"#0059a9","colorDark":"#00294f","angle":282.4,"snapDist":2,"label":0}},{"type":"Feature","geometry":{"type":"Point","coordinates":[12.57499,55.618925]},"properties":{"name":"Vestamager St. (Ørestads Boulevard)","lines":"32, 33","arr":["32","33"],"terminus":0,"mode":"bus","color":"#0059a9","colorDark":"#00294f","angle":283.2,"snapDist":2,"label":0}},{"type":"Feature","geometry":{"type":"Point","coordinates":[12.578148,55.618053]},"properties":{"name":"Foldbyvej (Otto Baches Allé)","lines":"32, 33","arr":["32","33"],"terminus":0,"mode":"bus","color":"#0059a9","colorDark":"#00294f","angle":157.9,"snapDist":3,"label":0}},{"type":"Feature","geometry":{"type":"Point","coordinates":[12.586655,55.621004]},"properties":{"name":"Kongelundsvej (Løjtegårdsvej)","lines":"32","arr":["32"],"terminus":0,"mode":"bus","color":"#0059a9","colorDark":"#00294f","angle":164.3,"snapDist":1,"label":1}},{"type":"Feature","geometry":{"type":"Point","coordinates":[12.59259,55.622435]},"properties":{"name":"Oliefabriksvej (Løjtegårdsvej)","lines":"32, 36","arr":["32","36"],"terminus":0,"mode":"bus","color":"#0059a9","colorDark":"#00294f","angle":166.6,"snapDist":1,"label":0}},{"type":"Feature","geometry":{"type":"Point","coordinates":[12.597181,55.623053]},"properties":{"name":"Egensevej (Løjtegårdsvej)","lines":"32, 36","arr":["32","36"],"terminus":0,"mode":"bus","color":"#0059a9","colorDark":"#00294f","angle":166.5,"snapDist":0,"label":0}},{"type":"Feature","geometry":{"type":"Point","coordinates":[12.600824,55.623291]},"properties":{"name":"Præstefælledvej (Løjtegårdsvej)","lines":"32, 36","arr":["32","36"],"terminus":0,"mode":"bus","color":"#0059a9","colorDark":"#00294f","angle":181.1,"snapDist":0,"label":0}},{"type":"Feature","geometry":{"type":"Point","coordinates":[12.606474,55.623226]},"properties":{"name":"Englandsvej (Løjtegårdsvej)","lines":"32, 34","arr":["32","34"],"terminus":0,"mode":"bus","color":"#0059a9","colorDark":"#00294f","angle":181.2,"snapDist":1,"label":0}},{"type":"Feature","geometry":{"type":"Point","coordinates":[12.610935,55.623171]},"properties":{"name":"Plejehjemmet Løjtegårdsvej (Løjtegårdsvej)","lines":"32, 34","arr":["32","34"],"terminus":0,"mode":"bus","color":"#0059a9","colorDark":"#00294f","angle":181.2,"snapDist":1,"label":0}},{"type":"Feature","geometry":{"type":"Point","coordinates":[12.614443,55.623128]},"properties":{"name":"Amagerhallen (Løjtegårdsvej)","lines":"32, 34","arr":["32","34"],"terminus":0,"mode":"bus","color":"#0059a9","colorDark":"#00294f","angle":181.2,"snapDist":0,"label":0}},{"type":"Feature","geometry":{"type":"Point","coordinates":[12.619475,55.623067]},"properties":{"name":"Løjtegårdsskolen (Løjtegårdsvej)","lines":"32, 34","arr":["32","34"],"terminus":0,"mode":"bus","color":"#0059a9","colorDark":"#00294f","angle":181,"snapDist":0,"label":0}},{"type":"Feature","geometry":{"type":"Point","coordinates":[12.625556,55.623516]},"properties":{"name":"Løjtegårdsvej (Amager Landevej)","lines":"32, 35","arr":["32","35"],"terminus":0,"mode":"bus","color":"#0059a9","colorDark":"#00294f","angle":74.6,"snapDist":0,"label":1}},{"type":"Feature","geometry":{"type":"Point","coordinates":[12.624097,55.626475]},"properties":{"name":"Maglebo (Amager Landevej)","lines":"32, 35","arr":["32","35"],"terminus":0,"mode":"bus","color":"#0059a9","colorDark":"#00294f","angle":74.7,"snapDist":1,"label":0}},{"type":"Feature","geometry":{"type":"Point","coordinates":[12.623237,55.628218]},"properties":{"name":"Skyttehøj (Amager Landevej)","lines":"32, 35","arr":["32","35"],"terminus":0,"mode":"bus","color":"#0059a9","colorDark":"#00294f","angle":74.5,"snapDist":1,"label":0}},{"type":"Feature","geometry":{"type":"Point","coordinates":[12.621073,55.63257]},"properties":{"name":"Gammel Kirkevej (Amager Landevej)","lines":"32, 35","arr":["32","35"],"terminus":0,"mode":"bus","color":"#0059a9","colorDark":"#00294f","angle":74.1,"snapDist":0,"label":0}},{"type":"Feature","geometry":{"type":"Point","coordinates":[12.624094,55.633724]},"properties":{"name":"Bøgevang (Sirgræsvej)","lines":"32","arr":["32"],"terminus":0,"mode":"bus","color":"#0059a9","colorDark":"#00294f","angle":170.3,"snapDist":2,"label":1}},{"type":"Feature","geometry":{"type":"Point","coordinates":[12.629294,55.634394]},"properties":{"name":"Røllikevej (Sirgræsvej)","lines":"32","arr":["32"],"terminus":0,"mode":"bus","color":"#0059a9","colorDark":"#00294f","angle":165.9,"snapDist":0,"label":0}},{"type":"Feature","geometry":{"type":"Point","coordinates":[12.63369,55.635025]},"properties":{"name":"Terosevej (Sirgræsvej)","lines":"32","arr":["32"],"terminus":0,"mode":"bus","color":"#0059a9","colorDark":"#00294f","angle":165.2,"snapDist":1,"label":0}},{"type":"Feature","geometry":{"type":"Point","coordinates":[12.566553,55.677324]},"properties":{"name":"Rådhuspladsen St. (H.C. Andersens Boulevard)","lines":"33","arr":["33"],"terminus":1,"mode":"bus","color":"#0059a9","colorDark":"#00294f","angle":-120.8,"snapDist":6,"label":0}},{"type":"Feature","geometry":{"type":"Point","coordinates":[12.580985,55.667418]},"properties":{"name":"Weidekampsgade (Klaksvigsgade)","lines":"33, 68","arr":["33","68"],"terminus":0,"mode":"bus","color":"#0059a9","colorDark":"#00294f","angle":306.4,"snapDist":1,"label":1}},{"type":"Feature","geometry":{"type":"Point","coordinates":[12.579121,55.666381]},"properties":{"name":"Isafjordsgade (Njalsgade)","lines":"33, 68","arr":["33","68"],"terminus":0,"mode":"bus","color":"#0059a9","colorDark":"#00294f","angle":217.2,"snapDist":1,"label":1}},{"type":"Feature","geometry":{"type":"Point","coordinates":[12.5858,55.663949]},"properties":{"name":"Islands Brygge St. (Njalsgade)","lines":"33, 77","arr":["33","77"],"terminus":0,"mode":"bus","color":"#0059a9","colorDark":"#00294f","angle":197.6,"snapDist":3,"label":1}},{"type":"Feature","geometry":{"type":"Point","coordinates":[12.593844,55.662559]},"properties":{"name":"Amagerfælled Skole (Amagerfælledvej)","lines":"33","arr":["33"],"terminus":0,"mode":"bus","color":"#0059a9","colorDark":"#00294f","angle":279.5,"snapDist":1,"label":1}},{"type":"Feature","geometry":{"type":"Point","coordinates":[12.592543,55.658271]},"properties":{"name":"Hørgården (Amagerfælledvej)","lines":"33","arr":["33"],"terminus":0,"mode":"bus","color":"#0059a9","colorDark":"#00294f","angle":280.1,"snapDist":0,"label":1}},{"type":"Feature","geometry":{"type":"Point","coordinates":[12.59532,55.654956]},"properties":{"name":"Grønjords Kollegiet (Peder Lykkes Vej)","lines":"33, 78","arr":["33","78"],"terminus":0,"mode":"bus","color":"#0059a9","colorDark":"#00294f","angle":181.9,"snapDist":0,"label":1}},{"type":"Feature","geometry":{"type":"Point","coordinates":[12.600004,55.654456]},"properties":{"name":"Tingvej (Peder Lykkes Vej)","lines":"33, 78","arr":["33","78"],"terminus":0,"mode":"bus","color":"#0059a9","colorDark":"#00294f","angle":201.4,"snapDist":1,"label":1}},{"type":"Feature","geometry":{"type":"Point","coordinates":[12.601646,55.652256]},"properties":{"name":"Irlandsvej (Englandsvej)","lines":"33","arr":["33"],"terminus":0,"mode":"bus","color":"#0059a9","colorDark":"#00294f","angle":301.6,"snapDist":0,"label":1}},{"type":"Feature","geometry":{"type":"Point","coordinates":[12.597981,55.648166]},"properties":{"name":"Dyvekeskolen (Englandsvej)","lines":"33","arr":["33"],"terminus":0,"mode":"bus","color":"#0059a9","colorDark":"#00294f","angle":280.5,"snapDist":1,"label":1}},{"type":"Feature","geometry":{"type":"Point","coordinates":[12.598146,55.645788]},"properties":{"name":"Sundbyvestervej (Englandsvej)","lines":"33","arr":["33"],"terminus":0,"mode":"bus","color":"#0059a9","colorDark":"#00294f","angle":266,"snapDist":1,"label":1}},{"type":"Feature","geometry":{"type":"Point","coordinates":[12.591342,55.641921]},"properties":{"name":"Vejlands Allé (Røde Mellemvej)","lines":"33","arr":["33"],"terminus":0,"mode":"bus","color":"#0059a9","colorDark":"#00294f","angle":282.3,"snapDist":1,"label":1}},{"type":"Feature","geometry":{"type":"Point","coordinates":[12.589085,55.640478]},"properties":{"name":"Gårdfæstevej (Kongelundsvej)","lines":"33","arr":["33"],"terminus":0,"mode":"bus","color":"#0059a9","colorDark":"#00294f","angle":274.8,"snapDist":0,"label":1}},{"type":"Feature","geometry":{"type":"Point","coordinates":[12.588694,55.637666]},"properties":{"name":"Toskiftevej (Kongelundsvej)","lines":"33","arr":["33"],"terminus":0,"mode":"bus","color":"#0059a9","colorDark":"#00294f","angle":274.4,"snapDist":1,"label":1}},{"type":"Feature","geometry":{"type":"Point","coordinates":[12.588274,55.63463]},"properties":{"name":"Kanadavej (Kongelundsvej)","lines":"33","arr":["33"],"terminus":0,"mode":"bus","color":"#0059a9","colorDark":"#00294f","angle":274.8,"snapDist":1,"label":1}},{"type":"Feature","geometry":{"type":"Point","coordinates":[12.586889,55.630069]},"properties":{"name":"Kongelundsvej (Slusevej)","lines":"33","arr":["33"],"terminus":0,"mode":"bus","color":"#0059a9","colorDark":"#00294f","angle":10.1,"snapDist":1,"label":1}},{"type":"Feature","geometry":{"type":"Point","coordinates":[12.5862,55.620196]},"properties":{"name":"Otto Baches Allé (Kongelundsvej)","lines":"33","arr":["33"],"terminus":0,"mode":"bus","color":"#0059a9","colorDark":"#00294f","angle":275.1,"snapDist":2,"label":1}},{"type":"Feature","geometry":{"type":"Point","coordinates":[12.585463,55.615775]},"properties":{"name":"Pilegård Allé (Kongelundsvej)","lines":"33","arr":["33"],"terminus":0,"mode":"bus","color":"#0059a9","colorDark":"#00294f","angle":275.4,"snapDist":2,"label":1}},{"type":"Feature","geometry":{"type":"Point","coordinates":[12.585094,55.61371]},"properties":{"name":"Ryumgårdsvej (Kongelundsvej)","lines":"33","arr":["33"],"terminus":0,"mode":"bus","color":"#0059a9","colorDark":"#00294f","angle":275.8,"snapDist":0,"label":1}},{"type":"Feature","geometry":{"type":"Point","coordinates":[12.584632,55.611098]},"properties":{"name":"Kollundvej (Kongelundsvej)","lines":"33","arr":["33"],"terminus":0,"mode":"bus","color":"#0059a9","colorDark":"#00294f","angle":275,"snapDist":1,"label":1}},{"type":"Feature","geometry":{"type":"Point","coordinates":[12.584075,55.607615]},"properties":{"name":"Oliefabriksvej (Kongelundsvej)","lines":"33, 36","arr":["33","36"],"terminus":0,"mode":"bus","color":"#0059a9","colorDark":"#00294f","angle":277.9,"snapDist":1,"label":1}},{"type":"Feature","geometry":{"type":"Point","coordinates":[12.583282,55.603016]},"properties":{"name":"Ugandavej (Kongelundsvej)","lines":"33, 34, 36","arr":["33","34","36"],"terminus":0,"mode":"bus","color":"#0059a9","colorDark":"#00294f","angle":275.2,"snapDist":1,"label":1}},{"type":"Feature","geometry":{"type":"Point","coordinates":[12.582539,55.598705]},"properties":{"name":"Tunisvej (Kongelundsvej)","lines":"33, 34, 36","arr":["33","34","36"],"terminus":0,"mode":"bus","color":"#0059a9","colorDark":"#00294f","angle":275.1,"snapDist":0,"label":1}},{"type":"Feature","geometry":{"type":"Point","coordinates":[12.582195,55.59653]},"properties":{"name":"Alkmaar Allé (Kongelundsvej)","lines":"33, 34, 36","arr":["33","34","36"],"terminus":0,"mode":"bus","color":"#0059a9","colorDark":"#00294f","angle":275.1,"snapDist":0,"label":1}},{"type":"Feature","geometry":{"type":"Point","coordinates":[12.581789,55.594059]},"properties":{"name":"Haarlem Allé (Kongelundsvej)","lines":"33, 34, 36","arr":["33","34","36"],"terminus":0,"mode":"bus","color":"#0059a9","colorDark":"#00294f","angle":275.7,"snapDist":1,"label":1}},{"type":"Feature","geometry":{"type":"Point","coordinates":[12.581613,55.591241]},"properties":{"name":"Nøragersmindevej (Kongelundsvej)","lines":"33","arr":["33"],"terminus":0,"mode":"bus","color":"#0059a9","colorDark":"#00294f","angle":276.6,"snapDist":1,"label":0}},{"type":"Feature","geometry":{"type":"Point","coordinates":[12.596366,55.592597]},"properties":{"name":"Viberup, Nøragersmindevej (Tømmerupvej)","lines":"33","arr":["33"],"terminus":0,"mode":"bus","color":"#0059a9","colorDark":"#00294f","angle":294.7,"snapDist":1,"label":1}},{"type":"Feature","geometry":{"type":"Point","coordinates":[12.596649,55.588896]},"properties":{"name":"Fægårdsvej (Tømmerupvej)","lines":"33","arr":["33"],"terminus":0,"mode":"bus","color":"#0059a9","colorDark":"#00294f","angle":260,"snapDist":1,"label":1}},{"type":"Feature","geometry":{"type":"Point","coordinates":[12.599082,55.58682]},"properties":{"name":"Ullerupstræde (Tømmerupvej)","lines":"33","arr":["33"],"terminus":0,"mode":"bus","color":"#0059a9","colorDark":"#00294f","angle":255.2,"snapDist":1,"label":1}},{"type":"Feature","geometry":{"type":"Point","coordinates":[12.600136,55.583155]},"properties":{"name":"Maglegård (Tømmerupvej)","lines":"33","arr":["33"],"terminus":0,"mode":"bus","color":"#0059a9","colorDark":"#00294f","angle":256.7,"snapDist":0,"label":1}},{"type":"Feature","geometry":{"type":"Point","coordinates":[12.600884,55.578402]},"properties":{"name":"Rågård, Ullerup (Tømmerupvej)","lines":"33","arr":["33"],"terminus":0,"mode":"bus","color":"#0059a9","colorDark":"#00294f","angle":262.9,"snapDist":0,"label":1}},{"type":"Feature","geometry":{"type":"Point","coordinates":[12.604197,55.573857]},"properties":{"name":"Møllevangstien (Kalvebodvej)","lines":"33","arr":["33"],"terminus":0,"mode":"bus","color":"#0059a9","colorDark":"#00294f","angle":249.6,"snapDist":1,"label":1}},{"type":"Feature","geometry":{"type":"Point","coordinates":[12.592905,55.570342]},"properties":{"name":"Dragør Golfklub (Kalvebodvej)","lines":"33","arr":["33"],"terminus":0,"mode":"bus","color":"#0059a9","colorDark":"#00294f","angle":333.9,"snapDist":1,"label":1}},{"type":"Feature","geometry":{"type":"Point","coordinates":[12.583459,55.567746]},"properties":{"name":"Skovvej (Kalvebodvej)","lines":"33","arr":["33"],"terminus":0,"mode":"bus","color":"#0059a9","colorDark":"#00294f","angle":334.7,"snapDist":1,"label":1}},{"type":"Feature","geometry":{"type":"Point","coordinates":[12.578764,55.566495]},"properties":{"name":"Rosenlundsvej (Kalvebodvej)","lines":"33","arr":["33"],"terminus":0,"mode":"bus","color":"#0059a9","colorDark":"#00294f","angle":154.7,"snapDist":2,"label":1}},{"type":"Feature","geometry":{"type":"Point","coordinates":[12.574901,55.565465]},"properties":{"name":"TAMU-Center (Kalvebodvej)","lines":"33","arr":["33"],"terminus":0,"mode":"bus","color":"#0059a9","colorDark":"#00294f","angle":334.6,"snapDist":1,"label":1}},{"type":"Feature","geometry":{"type":"Point","coordinates":[12.570546,55.564304]},"properties":{"name":"Kongelundslejren (Kalvebodvej)","lines":"33","arr":["33"],"terminus":0,"mode":"bus","color":"#0059a9","colorDark":"#00294f","angle":334.7,"snapDist":1,"label":1}},{"type":"Feature","geometry":{"type":"Point","coordinates":[12.569067,55.563323]},"properties":{"name":"Sydvestpynten (Kalvebodvej)","lines":"33","arr":["33"],"terminus":0,"mode":"bus","color":"#0059a9","colorDark":"#00294f","angle":154,"snapDist":0,"label":1}},{"type":"Feature","geometry":{"type":"Point","coordinates":[12.570411,55.564268]},"properties":{"name":"Kongelundslejren (Kalvebodvej)","lines":"33","arr":["33"],"terminus":0,"mode":"bus","color":"#0059a9","colorDark":"#00294f","angle":334.8,"snapDist":0,"label":0}},{"type":"Feature","geometry":{"type":"Point","coordinates":[12.575145,55.56553]},"properties":{"name":"TAMU-Center (Kalvebodvej)","lines":"33","arr":["33"],"terminus":0,"mode":"bus","color":"#0059a9","colorDark":"#00294f","angle":334.7,"snapDist":1,"label":0}},{"type":"Feature","geometry":{"type":"Point","coordinates":[12.578257,55.566359]},"properties":{"name":"Rosenlundsvej (Kalvebodvej)","lines":"33","arr":["33"],"terminus":0,"mode":"bus","color":"#0059a9","colorDark":"#00294f","angle":334.7,"snapDist":1,"label":0}},{"type":"Feature","geometry":{"type":"Point","coordinates":[12.584365,55.567489]},"properties":{"name":"Kalvebodvej (Skydebanevej)","lines":"33","arr":["33"],"terminus":0,"mode":"bus","color":"#0059a9","colorDark":"#00294f","angle":250.4,"snapDist":1,"label":1}},{"type":"Feature","geometry":{"type":"Point","coordinates":[12.586449,55.564359]},"properties":{"name":"Rosenlund, Sandagergård (Skydebanevej)","lines":"33","arr":["33"],"terminus":0,"mode":"bus","color":"#0059a9","colorDark":"#00294f","angle":248.5,"snapDist":0,"label":1}},{"type":"Feature","geometry":{"type":"Point","coordinates":[12.595767,55.565493]},"properties":{"name":"Skolevej (Fælledvej)","lines":"33","arr":["33"],"terminus":0,"mode":"bus","color":"#0059a9","colorDark":"#00294f","angle":152.8,"snapDist":2,"label":1}},{"type":"Feature","geometry":{"type":"Point","coordinates":[12.600484,55.566859]},"properties":{"name":"Birkelund (Fælledvej)","lines":"33","arr":["33"],"terminus":0,"mode":"bus","color":"#0059a9","colorDark":"#00294f","angle":153.3,"snapDist":1,"label":1}},{"type":"Feature","geometry":{"type":"Point","coordinates":[12.607363,55.568822]},"properties":{"name":"Søvang, Rønnevej (Fælledvej)","lines":"33","arr":["33"],"terminus":0,"mode":"bus","color":"#0059a9","colorDark":"#00294f","angle":153.2,"snapDist":1,"label":1}},{"type":"Feature","geometry":{"type":"Point","coordinates":[12.612231,55.570214]},"properties":{"name":"Kastanievej (Fælledvej)","lines":"33","arr":["33"],"terminus":0,"mode":"bus","color":"#0059a9","colorDark":"#00294f","angle":153.5,"snapDist":1,"label":1}},{"type":"Feature","geometry":{"type":"Point","coordinates":[12.616377,55.573871]},"properties":{"name":"Søvang, Kalvebodvej (Fælledvej)","lines":"33","arr":["33"],"terminus":0,"mode":"bus","color":"#0059a9","colorDark":"#00294f","angle":118.5,"snapDist":0,"label":1}},{"type":"Feature","geometry":{"type":"Point","coordinates":[12.61808,55.575757]},"properties":{"name":"Sølyst (Fælledvej)","lines":"33","arr":["33"],"terminus":0,"mode":"bus","color":"#0059a9","colorDark":"#00294f","angle":116.9,"snapDist":0,"label":1}},{"type":"Feature","geometry":{"type":"Point","coordinates":[12.622084,55.580158]},"properties":{"name":"Bachersmindelejren (Fælledvej)","lines":"33","arr":["33"],"terminus":0,"mode":"bus","color":"#0059a9","colorDark":"#00294f","angle":117.4,"snapDist":0,"label":1}},{"type":"Feature","geometry":{"type":"Point","coordinates":[12.625782,55.583343]},"properties":{"name":"Fælledvej (Bachersmindevej)","lines":"33","arr":["33"],"terminus":0,"mode":"bus","color":"#0059a9","colorDark":"#00294f","angle":176.1,"snapDist":1,"label":1}},{"type":"Feature","geometry":{"type":"Point","coordinates":[12.630826,55.583446]},"properties":{"name":"Copenhagen Camping (Bachersmindevej)","lines":"33","arr":["33"],"terminus":0,"mode":"bus","color":"#0059a9","colorDark":"#00294f","angle":177.6,"snapDist":0,"label":1}},{"type":"Feature","geometry":{"type":"Point","coordinates":[12.636395,55.584008]},"properties":{"name":"Store Magleby Strandvej (Møllevej)","lines":"33, 250S","arr":["33","250S"],"terminus":0,"mode":"bus","color":"#0059a9","colorDark":"#00294f","angle":82.8,"snapDist":0,"label":1}},{"type":"Feature","geometry":{"type":"Point","coordinates":[12.635933,55.586018]},"properties":{"name":"Gåsevænget (Møllevej)","lines":"33","arr":["33"],"terminus":0,"mode":"bus","color":"#0059a9","colorDark":"#00294f","angle":82.6,"snapDist":1,"label":1}},{"type":"Feature","geometry":{"type":"Point","coordinates":[12.635342,55.588554]},"properties":{"name":"Fasanvænget (Møllevej)","lines":"33, 250S","arr":["33","250S"],"terminus":0,"mode":"bus","color":"#0059a9","colorDark":"#00294f","angle":82.5,"snapDist":1,"label":1}},{"type":"Feature","geometry":{"type":"Point","coordinates":[12.634424,55.592482]},"properties":{"name":"Søndergade (Møllegade)","lines":"33","arr":["33"],"terminus":0,"mode":"bus","color":"#0059a9","colorDark":"#00294f","angle":82.8,"snapDist":0,"label":1}},{"type":"Feature","geometry":{"type":"Point","coordinates":[12.638162,55.596136]},"properties":{"name":"Dragør Rådhus (Kirkevej)","lines":"33, 35","arr":["33","35"],"terminus":0,"mode":"bus","color":"#0059a9","colorDark":"#00294f","angle":183.8,"snapDist":3,"label":1}},{"type":"Feature","geometry":{"type":"Point","coordinates":[12.648518,55.595484]},"properties":{"name":"Slørvej (Kirkevej)","lines":"33, 35","arr":["33","35"],"terminus":0,"mode":"bus","color":"#0059a9","colorDark":"#00294f","angle":186.4,"snapDist":1,"label":1}},{"type":"Feature","geometry":{"type":"Point","coordinates":[12.655118,55.595082]},"properties":{"name":"HF Maglebylund (Kirkevej)","lines":"33, 35","arr":["33","35"],"terminus":0,"mode":"bus","color":"#0059a9","colorDark":"#00294f","angle":186.3,"snapDist":0,"label":1}},{"type":"Feature","geometry":{"type":"Point","coordinates":[12.658167,55.596082]},"properties":{"name":"Magleby Torv (Hartkornsvej)","lines":"33","arr":["33"],"terminus":0,"mode":"bus","color":"#0059a9","colorDark":"#00294f","angle":93.5,"snapDist":1,"label":1}},{"type":"Feature","geometry":{"type":"Point","coordinates":[12.658505,55.598725]},"properties":{"name":"Køjevænget (Hartkornsvej)","lines":"33","arr":["33"],"terminus":0,"mode":"bus","color":"#0059a9","colorDark":"#00294f","angle":94.1,"snapDist":1,"label":1}},{"type":"Feature","geometry":{"type":"Point","coordinates":[12.662802,55.601011]},"properties":{"name":"D. B. Dirchsens Allé (Nordre Dragørvej)","lines":"33, 35","arr":["33","35"],"terminus":0,"mode":"bus","color":"#0059a9","colorDark":"#00294f","angle":183.2,"snapDist":1,"label":1}},{"type":"Feature","geometry":{"type":"Point","coordinates":[12.668237,55.600087]},"properties":{"name":"Nordre Tangvej (Stationsvej)","lines":"33, 35","arr":["33","35"],"terminus":0,"mode":"bus","color":"#0059a9","colorDark":"#00294f","angle":256.4,"snapDist":0,"label":1}},{"type":"Feature","geometry":{"type":"Point","coordinates":[12.669186,55.598103]},"properties":{"name":"F.J. Madsens Vej (Stationsvej)","lines":"33, 35","arr":["33","35"],"terminus":0,"mode":"bus","color":"#0059a9","colorDark":"#00294f","angle":252.8,"snapDist":1,"label":1}},{"type":"Feature","geometry":{"type":"Point","coordinates":[12.669266,55.595279]},"properties":{"name":"Dragør Stationsplads","lines":"33, 35, 250S","arr":["33","35","250S"],"terminus":1,"mode":"bus","color":"#0059a9","colorDark":"#00294f","angle":10.8,"snapDist":2,"label":1}},{"type":"Feature","geometry":{"type":"Point","coordinates":[12.669067,55.594515]},"properties":{"name":"Dragør Kirke (Linde Allé)","lines":"33, 35","arr":["33","35"],"terminus":0,"mode":"bus","color":"#0059a9","colorDark":"#00294f","angle":276.5,"snapDist":0,"label":1}},{"type":"Feature","geometry":{"type":"Point","coordinates":[12.670242,55.594573]},"properties":{"name":"Kongevejen (Stationsvej)","lines":"33, 35, 250S","arr":["33","35","250S"],"terminus":0,"mode":"bus","color":"#0059a9","colorDark":"#00294f","angle":85.5,"snapDist":2,"label":1}},{"type":"Feature","geometry":{"type":"Point","coordinates":[12.669166,55.598139]},"properties":{"name":"F.J. Madsens Vej (Stationsvej)","lines":"33, 35","arr":["33","35"],"terminus":0,"mode":"bus","color":"#0059a9","colorDark":"#00294f","angle":72.1,"snapDist":1,"label":0}},{"type":"Feature","geometry":{"type":"Point","coordinates":[12.66812,55.600361]},"properties":{"name":"Nordre Tangvej (Stationsvej)","lines":"33, 35","arr":["33","35"],"terminus":0,"mode":"bus","color":"#0059a9","colorDark":"#00294f","angle":76.4,"snapDist":0,"label":0}},{"type":"Feature","geometry":{"type":"Point","coordinates":[12.662786,55.601012]},"properties":{"name":"D. B. Dirchsens Allé (Nordre Dragørvej)","lines":"33, 35","arr":["33","35"],"terminus":0,"mode":"bus","color":"#0059a9","colorDark":"#00294f","angle":3.2,"snapDist":1,"label":0}},{"type":"Feature","geometry":{"type":"Point","coordinates":[12.658548,55.599057]},"properties":{"name":"Køjevænget (Hartkornsvej)","lines":"33","arr":["33"],"terminus":0,"mode":"bus","color":"#0059a9","colorDark":"#00294f","angle":274.1,"snapDist":1,"label":0}},{"type":"Feature","geometry":{"type":"Point","coordinates":[12.658146,55.595895]},"properties":{"name":"Magleby Torv (Hartkornsvej)","lines":"33","arr":["33"],"terminus":0,"mode":"bus","color":"#0059a9","colorDark":"#00294f","angle":273.5,"snapDist":1,"label":0}},{"type":"Feature","geometry":{"type":"Point","coordinates":[12.65335,55.595193]},"properties":{"name":"HF Maglebylund (Kirkevej)","lines":"33, 35","arr":["33","35"],"terminus":0,"mode":"bus","color":"#0059a9","colorDark":"#00294f","angle":6.3,"snapDist":0,"label":0}},{"type":"Feature","geometry":{"type":"Point","coordinates":[12.647508,55.595548]},"properties":{"name":"Slørvej (Kirkevej)","lines":"33, 35","arr":["33","35"],"terminus":0,"mode":"bus","color":"#0059a9","colorDark":"#00294f","angle":6.5,"snapDist":1,"label":0}},{"type":"Feature","geometry":{"type":"Point","coordinates":[12.637132,55.596171]},"properties":{"name":"Dragør Rådhus (Kirkevej)","lines":"33, 35","arr":["33","35"],"terminus":0,"mode":"bus","color":"#0059a9","colorDark":"#00294f","angle":3.2,"snapDist":0,"label":0}},{"type":"Feature","geometry":{"type":"Point","coordinates":[12.634305,55.593565]},"properties":{"name":"Søndergade (Møllegade)","lines":"33","arr":["33"],"terminus":0,"mode":"bus","color":"#0059a9","colorDark":"#00294f","angle":272.3,"snapDist":0,"label":0}},{"type":"Feature","geometry":{"type":"Point","coordinates":[12.635371,55.588428]},"properties":{"name":"Fasanvænget (Møllevej)","lines":"33, 250S","arr":["33","250S"],"terminus":0,"mode":"bus","color":"#0059a9","colorDark":"#00294f","angle":262.5,"snapDist":1,"label":0}},{"type":"Feature","geometry":{"type":"Point","coordinates":[12.635798,55.586598]},"properties":{"name":"Gåsevænget (Møllevej)","lines":"33","arr":["33"],"terminus":0,"mode":"bus","color":"#0059a9","colorDark":"#00294f","angle":262.5,"snapDist":1,"label":0}},{"type":"Feature","geometry":{"type":"Point","coordinates":[12.635374,55.583542]},"properties":{"name":"Store Magleby Strandvej (Bachersmindevej)","lines":"33","arr":["33"],"terminus":0,"mode":"bus","color":"#0059a9","colorDark":"#00294f","angle":358,"snapDist":1,"label":1}},{"type":"Feature","geometry":{"type":"Point","coordinates":[12.631049,55.583451]},"properties":{"name":"Copenhagen Camping (Bachersmindevej)","lines":"33","arr":["33"],"terminus":0,"mode":"bus","color":"#0059a9","colorDark":"#00294f","angle":357.6,"snapDist":1,"label":0}},{"type":"Feature","geometry":{"type":"Point","coordinates":[12.626005,55.583348]},"properties":{"name":"Fælledvej (Bachersmindevej)","lines":"33","arr":["33"],"terminus":0,"mode":"bus","color":"#0059a9","colorDark":"#00294f","angle":358,"snapDist":2,"label":0}},{"type":"Feature","geometry":{"type":"Point","coordinates":[12.621852,55.579901]},"properties":{"name":"Bachersmindelejren (Fælledvej)","lines":"33","arr":["33"],"terminus":0,"mode":"bus","color":"#0059a9","colorDark":"#00294f","angle":298.4,"snapDist":1,"label":0}},{"type":"Feature","geometry":{"type":"Point","coordinates":[12.616053,55.573522]},"properties":{"name":"Søvang, Kalvebodvej (Fælledvej)","lines":"33","arr":["33"],"terminus":0,"mode":"bus","color":"#0059a9","colorDark":"#00294f","angle":296.7,"snapDist":0,"label":0}},{"type":"Feature","geometry":{"type":"Point","coordinates":[12.612231,55.570214]},"properties":{"name":"Kastanievej (Fælledvej)","lines":"33","arr":["33"],"terminus":0,"mode":"bus","color":"#0059a9","colorDark":"#00294f","angle":333.5,"snapDist":1,"label":0}},{"type":"Feature","geometry":{"type":"Point","coordinates":[12.607674,55.568911]},"properties":{"name":"Søvang, Rønnevej (Fælledvej)","lines":"33","arr":["33"],"terminus":0,"mode":"bus","color":"#0059a9","colorDark":"#00294f","angle":333.2,"snapDist":1,"label":0}},{"type":"Feature","geometry":{"type":"Point","coordinates":[12.600217,55.566783]},"properties":{"name":"Birkelund (Fælledvej)","lines":"33","arr":["33"],"terminus":0,"mode":"bus","color":"#0059a9","colorDark":"#00294f","angle":332.8,"snapDist":2,"label":0}},{"type":"Feature","geometry":{"type":"Point","coordinates":[12.595994,55.565559]},"properties":{"name":"Skolevej (Fælledvej)","lines":"33","arr":["33"],"terminus":0,"mode":"bus","color":"#0059a9","colorDark":"#00294f","angle":332.8,"snapDist":2,"label":0}},{"type":"Feature","geometry":{"type":"Point","coordinates":[12.586391,55.564442]},"properties":{"name":"Rosenlund, Sandagergård (Skydebanevej)","lines":"33","arr":["33"],"terminus":0,"mode":"bus","color":"#0059a9","colorDark":"#00294f","angle":68.5,"snapDist":0,"label":0}},{"type":"Feature","geometry":{"type":"Point","coordinates":[12.592968,55.570359]},"properties":{"name":"Dragør Golfklub (Kalvebodvej)","lines":"33","arr":["33"],"terminus":0,"mode":"bus","color":"#0059a9","colorDark":"#00294f","angle":153.9,"snapDist":1,"label":0}},{"type":"Feature","geometry":{"type":"Point","coordinates":[12.604179,55.573884]},"properties":{"name":"Møllevangstien (Tømmerupvej)","lines":"33","arr":["33"],"terminus":0,"mode":"bus","color":"#0059a9","colorDark":"#00294f","angle":69.6,"snapDist":1,"label":1}},{"type":"Feature","geometry":{"type":"Point","coordinates":[12.600936,55.578195]},"properties":{"name":"Rågård, Ullerup (Tømmerupvej)","lines":"33","arr":["33"],"terminus":0,"mode":"bus","color":"#0059a9","colorDark":"#00294f","angle":72.8,"snapDist":1,"label":0}},{"type":"Feature","geometry":{"type":"Point","coordinates":[12.59999,55.583465]},"properties":{"name":"Maglegård (Tømmerupvej)","lines":"33","arr":["33"],"terminus":0,"mode":"bus","color":"#0059a9","colorDark":"#00294f","angle":74,"snapDist":0,"label":0}},{"type":"Feature","geometry":{"type":"Point","coordinates":[12.599108,55.586766]},"properties":{"name":"Ullerupstræde (Tømmerupvej)","lines":"33","arr":["33"],"terminus":0,"mode":"bus","color":"#0059a9","colorDark":"#00294f","angle":75.1,"snapDist":1,"label":0}},{"type":"Feature","geometry":{"type":"Point","coordinates":[12.596607,55.589031]},"properties":{"name":"Fægårdsvej (Tømmerupvej)","lines":"33","arr":["33"],"terminus":0,"mode":"bus","color":"#0059a9","colorDark":"#00294f","angle":80.1,"snapDist":0,"label":0}},{"type":"Feature","geometry":{"type":"Point","coordinates":[12.596558,55.592831]},"properties":{"name":"Viberup, Nøragersmindevej (Tømmerupvej)","lines":"33","arr":["33"],"terminus":0,"mode":"bus","color":"#0059a9","colorDark":"#00294f","angle":114.7,"snapDist":1,"label":0}},{"type":"Feature","geometry":{"type":"Point","coordinates":[12.581666,55.591536]},"properties":{"name":"Nøragersmindevej (Kongelundsvej)","lines":"33, 34","arr":["33","34"],"terminus":1,"mode":"bus","color":"#0059a9","colorDark":"#00294f","angle":58,"snapDist":3,"label":1}},{"type":"Feature","geometry":{"type":"Point","coordinates":[12.58181,55.594175]},"properties":{"name":"Haarlem Allé (Kongelundsvej)","lines":"33, 34, 36","arr":["33","34","36"],"terminus":0,"mode":"bus","color":"#0059a9","colorDark":"#00294f","angle":95.7,"snapDist":2,"label":0}},{"type":"Feature","geometry":{"type":"Point","coordinates":[12.582212,55.596637]},"properties":{"name":"Alkmaar Allé (Kongelundsvej)","lines":"33, 34, 36","arr":["33","34","36"],"terminus":0,"mode":"bus","color":"#0059a9","colorDark":"#00294f","angle":95.1,"snapDist":1,"label":0}},{"type":"Feature","geometry":{"type":"Point","coordinates":[12.582656,55.599412]},"properties":{"name":"Tunisvej (Kongelundsvej)","lines":"33, 34, 36","arr":["33","34","36"],"terminus":0,"mode":"bus","color":"#0059a9","colorDark":"#00294f","angle":95.7,"snapDist":1,"label":0}},{"type":"Feature","geometry":{"type":"Point","coordinates":[12.583467,55.604127]},"properties":{"name":"Ugandavej (Kongelundsvej)","lines":"33, 36","arr":["33","36"],"terminus":0,"mode":"bus","color":"#0059a9","colorDark":"#00294f","angle":95.5,"snapDist":0,"label":0}},{"type":"Feature","geometry":{"type":"Point","coordinates":[12.584317,55.609065]},"properties":{"name":"Oliefabriksvej (Kongelundsvej)","lines":"33","arr":["33"],"terminus":0,"mode":"bus","color":"#0059a9","colorDark":"#00294f","angle":94.7,"snapDist":1,"label":0}},{"type":"Feature","geometry":{"type":"Point","coordinates":[12.584596,55.610865]},"properties":{"name":"Kollundvej (Kongelundsvej)","lines":"33","arr":["33"],"terminus":0,"mode":"bus","color":"#0059a9","colorDark":"#00294f","angle":95,"snapDist":1,"label":0}},{"type":"Feature","geometry":{"type":"Point","coordinates":[12.585061,55.613531]},"properties":{"name":"Ryumgårdsvej (Kongelundsvej)","lines":"33","arr":["33"],"terminus":0,"mode":"bus","color":"#0059a9","colorDark":"#00294f","angle":95.8,"snapDist":0,"label":0}},{"type":"Feature","geometry":{"type":"Point","coordinates":[12.585587,55.616473]},"properties":{"name":"Pilegård Allé (Kongelundsvej)","lines":"33","arr":["33"],"terminus":0,"mode":"bus","color":"#0059a9","colorDark":"#00294f","angle":94.5,"snapDist":2,"label":0}},{"type":"Feature","geometry":{"type":"Point","coordinates":[12.587672,55.630368]},"properties":{"name":"Slusevej (Kongelundsvej)","lines":"33","arr":["33"],"terminus":0,"mode":"bus","color":"#0059a9","colorDark":"#00294f","angle":94.3,"snapDist":2,"label":1}},{"type":"Feature","geometry":{"type":"Point","coordinates":[12.58837,55.635284]},"properties":{"name":"Kanadavej (Kongelundsvej)","lines":"33","arr":["33"],"terminus":0,"mode":"bus","color":"#0059a9","colorDark":"#00294f","angle":95.1,"snapDist":1,"label":0}},{"type":"Feature","geometry":{"type":"Point","coordinates":[12.588754,55.638096]},"properties":{"name":"Toskiftevej (Kongelundsvej)","lines":"33","arr":["33"],"terminus":0,"mode":"bus","color":"#0059a9","colorDark":"#00294f","angle":94.3,"snapDist":1,"label":0}},{"type":"Feature","geometry":{"type":"Point","coordinates":[12.589041,55.64012]},"properties":{"name":"Gårdfæstevej (Kongelundsvej)","lines":"33","arr":["33"],"terminus":0,"mode":"bus","color":"#0059a9","colorDark":"#00294f","angle":93.4,"snapDist":1,"label":0}},{"type":"Feature","geometry":{"type":"Point","coordinates":[12.59846,55.64302]},"properties":{"name":"Vejlands Allé (Englandsvej)","lines":"33","arr":["33"],"terminus":0,"mode":"bus","color":"#0059a9","colorDark":"#00294f","angle":86.6,"snapDist":2,"label":1}},{"type":"Feature","geometry":{"type":"Point","coordinates":[12.598063,55.646556]},"properties":{"name":"Sundbyvestervej (Englandsvej)","lines":"33","arr":["33"],"terminus":0,"mode":"bus","color":"#0059a9","colorDark":"#00294f","angle":86.6,"snapDist":1,"label":0}},{"type":"Feature","geometry":{"type":"Point","coordinates":[12.598547,55.649003]},"properties":{"name":"Dyvekeskolen (Englandsvej)","lines":"33","arr":["33"],"terminus":0,"mode":"bus","color":"#0059a9","colorDark":"#00294f","angle":114.8,"snapDist":0,"label":0}},{"type":"Feature","geometry":{"type":"Point","coordinates":[12.602058,55.65401]},"properties":{"name":"Englandsvej (Peder Lykkes Vej)","lines":"33, 78","arr":["33","78"],"terminus":0,"mode":"bus","color":"#0059a9","colorDark":"#00294f","angle":21.3,"snapDist":0,"label":1}},{"type":"Feature","geometry":{"type":"Point","coordinates":[12.599802,55.6545]},"properties":{"name":"Tingvej (Peder Lykkes Vej)","lines":"33, 78","arr":["33","78"],"terminus":0,"mode":"bus","color":"#0059a9","colorDark":"#00294f","angle":21,"snapDist":1,"label":0}},{"type":"Feature","geometry":{"type":"Point","coordinates":[12.594092,55.655307]},"properties":{"name":"Grønjords Kollegiet (Amagerfælledvej)","lines":"33","arr":["33"],"terminus":0,"mode":"bus","color":"#0059a9","colorDark":"#00294f","angle":72.4,"snapDist":1,"label":1}},{"type":"Feature","geometry":{"type":"Point","coordinates":[12.59284,55.659189]},"properties":{"name":"Hørgården (Amagerfælledvej)","lines":"33","arr":["33"],"terminus":0,"mode":"bus","color":"#0059a9","colorDark":"#00294f","angle":100.3,"snapDist":0,"label":0}},{"type":"Feature","geometry":{"type":"Point","coordinates":[12.593238,55.66309]},"properties":{"name":"Amagerfælled Skole (Njalsgade)","lines":"33, 77","arr":["33","77"],"terminus":0,"mode":"bus","color":"#0059a9","colorDark":"#00294f","angle":11.2,"snapDist":1,"label":1}},{"type":"Feature","geometry":{"type":"Point","coordinates":[12.585955,55.663921]},"properties":{"name":"Islands Brygge St. (Njalsgade)","lines":"33, 77","arr":["33","77"],"terminus":0,"mode":"bus","color":"#0059a9","colorDark":"#00294f","angle":17.6,"snapDist":2,"label":0}},{"type":"Feature","geometry":{"type":"Point","coordinates":[12.578783,55.666525]},"properties":{"name":"Isafjordsgade (Njalsgade)","lines":"33, 68","arr":["33","68"],"terminus":0,"mode":"bus","color":"#0059a9","colorDark":"#00294f","angle":37.1,"snapDist":1,"label":0}},{"type":"Feature","geometry":{"type":"Point","coordinates":[12.580972,55.667408]},"properties":{"name":"Weidekampsgade (Klaksvigsgade)","lines":"33, 68","arr":["33","68"],"terminus":0,"mode":"bus","color":"#0059a9","colorDark":"#00294f","angle":126.4,"snapDist":1,"label":0}},{"type":"Feature","geometry":{"type":"Point","coordinates":[12.571557,55.673973]},"properties":{"name":"Stormgade (H.C. Andersens Boulevard)","lines":"33","arr":["33"],"terminus":0,"mode":"bus","color":"#0059a9","colorDark":"#00294f","angle":41.5,"snapDist":1,"label":1}},{"type":"Feature","geometry":{"type":"Point","coordinates":[12.59862,55.642164]},"properties":{"name":"Vejlands Allé (Englandsvej)","lines":"34","arr":["34"],"terminus":0,"mode":"bus","color":"#0059a9","colorDark":"#00294f","angle":260.1,"snapDist":2,"label":0}},{"type":"Feature","geometry":{"type":"Point","coordinates":[12.600041,55.637406]},"properties":{"name":"Følfodvej (Englandsvej)","lines":"34","arr":["34"],"terminus":0,"mode":"bus","color":"#0059a9","colorDark":"#00294f","angle":261,"snapDist":0,"label":1}},{"type":"Feature","geometry":{"type":"Point","coordinates":[12.600683,55.635104]},"properties":{"name":"Skalbjergvej (Englandsvej)","lines":"34","arr":["34"],"terminus":0,"mode":"bus","color":"#0059a9","colorDark":"#00294f","angle":259.5,"snapDist":1,"label":1}},{"type":"Feature","geometry":{"type":"Point","coordinates":[12.602193,55.630113]},"properties":{"name":"Tårnby St. (Englandsvej)","lines":"34, 36, 250S","arr":["34","36","250S"],"terminus":0,"mode":"bus","color":"#0059a9","colorDark":"#00294f","angle":242.8,"snapDist":10,"label":1}},{"type":"Feature","geometry":{"type":"Point","coordinates":[12.603994,55.627253]},"properties":{"name":"Tårnby Kirke (Englandsvej)","lines":"34, 36","arr":["34","36"],"terminus":0,"mode":"bus","color":"#0059a9","colorDark":"#00294f","angle":262,"snapDist":5,"label":1}},{"type":"Feature","geometry":{"type":"Point","coordinates":[12.625964,55.622687]},"properties":{"name":"Løjtegårdsvej (Amager Landevej)","lines":"34, 35","arr":["34","35"],"terminus":0,"mode":"bus","color":"#0059a9","colorDark":"#00294f","angle":254.8,"snapDist":1,"label":0}},{"type":"Feature","geometry":{"type":"Point","coordinates":[12.627506,55.619558]},"properties":{"name":"Højskole Allé (Amager Landevej)","lines":"34, 35","arr":["34","35"],"terminus":0,"mode":"bus","color":"#0059a9","colorDark":"#00294f","angle":254.5,"snapDist":1,"label":1}},{"type":"Feature","geometry":{"type":"Point","coordinates":[12.629283,55.615952]},"properties":{"name":"Tømmerup Stationsvej (Amager Landevej)","lines":"34, 35","arr":["34","35"],"terminus":0,"mode":"bus","color":"#0059a9","colorDark":"#00294f","angle":254.5,"snapDist":1,"label":1}},{"type":"Feature","geometry":{"type":"Point","coordinates":[12.623983,55.61408]},"properties":{"name":"Østbirk Allé (Tømmerupvej)","lines":"34, 35","arr":["34","35"],"terminus":0,"mode":"bus","color":"#0059a9","colorDark":"#00294f","angle":350,"snapDist":0,"label":1}},{"type":"Feature","geometry":{"type":"Point","coordinates":[12.61825,55.611087]},"properties":{"name":"Høgsbrovej (Tømmerupvej)","lines":"34, 35","arr":["34","35"],"terminus":0,"mode":"bus","color":"#0059a9","colorDark":"#00294f","angle":299.5,"snapDist":0,"label":1}},{"type":"Feature","geometry":{"type":"Point","coordinates":[12.61451,55.609808]},"properties":{"name":"Tømmerup (Englandsvej)","lines":"34, 250S","arr":["34","250S"],"terminus":0,"mode":"bus","color":"#0059a9","colorDark":"#00294f","angle":68.6,"snapDist":2,"label":1}},{"type":"Feature","geometry":{"type":"Point","coordinates":[12.611676,55.612243]},"properties":{"name":"Hjallerup Allé (Ugandavej)","lines":"34","arr":["34"],"terminus":0,"mode":"bus","color":"#0059a9","colorDark":"#00294f","angle":330.1,"snapDist":2,"label":1}},{"type":"Feature","geometry":{"type":"Point","coordinates":[12.597107,55.605803]},"properties":{"name":"Tornholms Ager (Ugandavej)","lines":"34","arr":["34"],"terminus":0,"mode":"bus","color":"#0059a9","colorDark":"#00294f","angle":342.8,"snapDist":0,"label":1}},{"type":"Feature","geometry":{"type":"Point","coordinates":[12.592762,55.605045]},"properties":{"name":"Vestamager Svømmehal (Ugandavej)","lines":"34","arr":["34"],"terminus":0,"mode":"bus","color":"#0059a9","colorDark":"#00294f","angle":342.7,"snapDist":1,"label":1}},{"type":"Feature","geometry":{"type":"Point","coordinates":[12.587321,55.604092]},"properties":{"name":"Vestamager Centret (Ugandavej)","lines":"34","arr":["34"],"terminus":0,"mode":"bus","color":"#0059a9","colorDark":"#00294f","angle":342.7,"snapDist":1,"label":1}},{"type":"Feature","geometry":{"type":"Point","coordinates":[12.58611,55.603886]},"properties":{"name":"Vestamager Centret (Ugandavej)","lines":"34","arr":["34"],"terminus":0,"mode":"bus","color":"#0059a9","colorDark":"#00294f","angle":163.6,"snapDist":1,"label":0}},{"type":"Feature","geometry":{"type":"Point","coordinates":[12.592632,55.605023]},"properties":{"name":"Vestamager Svømmehal (Ugandavej)","lines":"34","arr":["34"],"terminus":0,"mode":"bus","color":"#0059a9","colorDark":"#00294f","angle":162.7,"snapDist":1,"label":0}},{"type":"Feature","geometry":{"type":"Point","coordinates":[12.596964,55.605778]},"properties":{"name":"Tornholms Ager (Ugandavej)","lines":"34","arr":["34"],"terminus":0,"mode":"bus","color":"#0059a9","colorDark":"#00294f","angle":162.8,"snapDist":0,"label":0}},{"type":"Feature","geometry":{"type":"Point","coordinates":[12.612778,55.612159]},"properties":{"name":"Hjallerup Allé (Englandsvej)","lines":"34","arr":["34"],"terminus":0,"mode":"bus","color":"#0059a9","colorDark":"#00294f","angle":242.4,"snapDist":4,"label":1}},{"type":"Feature","geometry":{"type":"Point","coordinates":[12.615473,55.609436]},"properties":{"name":"Tømmerup (Tømmerupvej)","lines":"34, 35","arr":["34","35"],"terminus":0,"mode":"bus","color":"#0059a9","colorDark":"#00294f","angle":151.8,"snapDist":2,"label":1}},{"type":"Feature","geometry":{"type":"Point","coordinates":[12.618726,55.611553]},"properties":{"name":"Høgsbrovej (Tømmerupvej)","lines":"34, 35","arr":["34","35"],"terminus":0,"mode":"bus","color":"#0059a9","colorDark":"#00294f","angle":120,"snapDist":0,"label":0}},{"type":"Feature","geometry":{"type":"Point","coordinates":[12.624688,55.61415]},"properties":{"name":"Østbirk Allé (Tømmerupvej)","lines":"34, 35","arr":["34","35"],"terminus":0,"mode":"bus","color":"#0059a9","colorDark":"#00294f","angle":170,"snapDist":1,"label":0}},{"type":"Feature","geometry":{"type":"Point","coordinates":[12.629319,55.615879]},"properties":{"name":"Tømmerup Stationsvej (Amager Landevej)","lines":"34, 35","arr":["34","35"],"terminus":0,"mode":"bus","color":"#0059a9","colorDark":"#00294f","angle":74.5,"snapDist":0,"label":0}},{"type":"Feature","geometry":{"type":"Point","coordinates":[12.627636,55.619292]},"properties":{"name":"Højskole Allé (Amager Landevej)","lines":"34, 35","arr":["34","35"],"terminus":0,"mode":"bus","color":"#0059a9","colorDark":"#00294f","angle":74.5,"snapDist":1,"label":0}},{"type":"Feature","geometry":{"type":"Point","coordinates":[12.60452,55.62385]},"properties":{"name":"Løjtegårdsvej (Englandsvej)","lines":"34, 36, 250S","arr":["34","36","250S"],"terminus":0,"mode":"bus","color":"#0059a9","colorDark":"#00294f","angle":87.2,"snapDist":1,"label":1}},{"type":"Feature","geometry":{"type":"Point","coordinates":[12.603885,55.627776]},"properties":{"name":"Tårnby Kirke (Englandsvej)","lines":"34, 36","arr":["34","36"],"terminus":0,"mode":"bus","color":"#0059a9","colorDark":"#00294f","angle":84.6,"snapDist":2,"label":0}},{"type":"Feature","geometry":{"type":"Point","coordinates":[12.60221,55.630702]},"properties":{"name":"Tårnby St. (Englandsvej)","lines":"34, 36, 250S","arr":["34","36","250S"],"terminus":0,"mode":"bus","color":"#0059a9","colorDark":"#00294f","angle":63.2,"snapDist":1,"label":0}},{"type":"Feature","geometry":{"type":"Point","coordinates":[12.600616,55.635807]},"properties":{"name":"Skalbjergvej (Englandsvej)","lines":"34","arr":["34"],"terminus":0,"mode":"bus","color":"#0059a9","colorDark":"#00294f","angle":81.6,"snapDist":1,"label":0}},{"type":"Feature","geometry":{"type":"Point","coordinates":[12.599845,55.638435]},"properties":{"name":"Følfodvej (Englandsvej)","lines":"34","arr":["34"],"terminus":0,"mode":"bus","color":"#0059a9","colorDark":"#00294f","angle":77.6,"snapDist":3,"label":0}},{"type":"Feature","geometry":{"type":"Point","coordinates":[12.613487,55.646288]},"properties":{"name":"Sundbyvester Plads","lines":"35, 77","arr":["35","77"],"terminus":1,"mode":"bus","color":"#0059a9","colorDark":"#00294f","angle":277.9,"snapDist":1,"label":1}},{"type":"Feature","geometry":{"type":"Point","coordinates":[12.619903,55.634979]},"properties":{"name":"Korsvejens Skole (Amager Landevej)","lines":"35","arr":["35"],"terminus":0,"mode":"bus","color":"#0059a9","colorDark":"#00294f","angle":254.3,"snapDist":7,"label":0}},{"type":"Feature","geometry":{"type":"Point","coordinates":[12.615192,55.608834]},"properties":{"name":"Tømmerup (Englandsvej)","lines":"35, 250S","arr":["35","250S"],"terminus":0,"mode":"bus","color":"#0059a9","colorDark":"#00294f","angle":248.2,"snapDist":4,"label":0}},{"type":"Feature","geometry":{"type":"Point","coordinates":[12.63443,55.596127]},"properties":{"name":"Store Magleby (Englandsvej)","lines":"35, 250S","arr":["35","250S"],"terminus":0,"mode":"bus","color":"#0059a9","colorDark":"#00294f","angle":181.5,"snapDist":3,"label":1}},{"type":"Feature","geometry":{"type":"Point","coordinates":[12.662131,55.594669]},"properties":{"name":"Jægervej (Kirkevej)","lines":"35","arr":["35"],"terminus":0,"mode":"bus","color":"#0059a9","colorDark":"#00294f","angle":185.1,"snapDist":1,"label":1}},{"type":"Feature","geometry":{"type":"Point","coordinates":[12.667249,55.594366]},"properties":{"name":"Dragør Kirke (Kirkevej)","lines":"35","arr":["35"],"terminus":0,"mode":"bus","color":"#0059a9","colorDark":"#00294f","angle":186.3,"snapDist":1,"label":1}},{"type":"Feature","geometry":{"type":"Point","coordinates":[12.660251,55.60182]},"properties":{"name":"A.P. Møllers Allé","lines":"35","arr":["35"],"terminus":0,"mode":"bus","color":"#0059a9","colorDark":"#00294f","angle":92.4,"snapDist":0,"label":1}},{"type":"Feature","geometry":{"type":"Point","coordinates":[12.661419,55.606217]},"properties":{"name":"A. P. Møllers Allé, Kystvejen (Kystvejen)","lines":"35","arr":["35"],"terminus":0,"mode":"bus","color":"#0059a9","colorDark":"#00294f","angle":88.9,"snapDist":3,"label":1}},{"type":"Feature","geometry":{"type":"Point","coordinates":[12.678271,55.614309]},"properties":{"name":"Lufthavnen Øst, Kystvejen (Kystvejen)","lines":"35","arr":["35"],"terminus":0,"mode":"bus","color":"#0059a9","colorDark":"#00294f","angle":79.3,"snapDist":1,"label":1}},{"type":"Feature","geometry":{"type":"Point","coordinates":[12.676203,55.620342]},"properties":{"name":"Postnord (Kystvejen)","lines":"35","arr":["35"],"terminus":0,"mode":"bus","color":"#0059a9","colorDark":"#00294f","angle":349,"snapDist":1,"label":1}},{"type":"Feature","geometry":{"type":"Point","coordinates":[12.674519,55.626113]},"properties":{"name":"DSB Hallen (Kystvejen)","lines":"35","arr":["35"],"terminus":0,"mode":"bus","color":"#0059a9","colorDark":"#00294f","angle":78.8,"snapDist":0,"label":1}},{"type":"Feature","geometry":{"type":"Point","coordinates":[12.658166,55.63131]},"properties":{"name":"Cirklen (Kystvejen)","lines":"35","arr":["35"],"terminus":0,"mode":"bus","color":"#0059a9","colorDark":"#00294f","angle":312.8,"snapDist":1,"label":1}},{"type":"Feature","geometry":{"type":"Point","coordinates":[12.65002,55.629935]},"properties":{"name":"Københavns Lufthavn (Ellehammersvej)","lines":"35","arr":["35"],"terminus":1,"mode":"bus","color":"#0059a9","colorDark":"#00294f","angle":359.8,"snapDist":2,"label":0}},{"type":"Feature","geometry":{"type":"Point","coordinates":[12.657434,55.630947]},"properties":{"name":"Cirklen (Kystvejen)","lines":"35","arr":["35"],"terminus":0,"mode":"bus","color":"#0059a9","colorDark":"#00294f","angle":143.8,"snapDist":1,"label":0}},{"type":"Feature","geometry":{"type":"Point","coordinates":[12.674583,55.625931]},"properties":{"name":"DSB Hallen (Kystvejen)","lines":"35","arr":["35"],"terminus":0,"mode":"bus","color":"#0059a9","colorDark":"#00294f","angle":258.8,"snapDist":0,"label":0}},{"type":"Feature","geometry":{"type":"Point","coordinates":[12.661419,55.606217]},"properties":{"name":"A. P. Møllers Allé, Kystvejen (A. P. Møllers Allé)","lines":"35","arr":["35"],"terminus":0,"mode":"bus","color":"#0059a9","colorDark":"#00294f","angle":268.9,"snapDist":3,"label":1}},{"type":"Feature","geometry":{"type":"Point","coordinates":[12.660204,55.601291]},"properties":{"name":"A.P. Møllers Allé","lines":"35","arr":["35"],"terminus":0,"mode":"bus","color":"#0059a9","colorDark":"#00294f","angle":273.3,"snapDist":0,"label":0}},{"type":"Feature","geometry":{"type":"Point","coordinates":[12.66401,55.594561]},"properties":{"name":"Jægervej (Kirkevej)","lines":"35","arr":["35"],"terminus":0,"mode":"bus","color":"#0059a9","colorDark":"#00294f","angle":6.4,"snapDist":0,"label":0}},{"type":"Feature","geometry":{"type":"Point","coordinates":[12.660615,55.594758]},"properties":{"name":"Dragør Centret (Kirkevej)","lines":"35","arr":["35"],"terminus":0,"mode":"bus","color":"#0059a9","colorDark":"#00294f","angle":6.5,"snapDist":1,"label":1}},{"type":"Feature","geometry":{"type":"Point","coordinates":[12.633899,55.596248]},"properties":{"name":"Store Magleby (Englandsvej)","lines":"35, 250S","arr":["35","250S"],"terminus":0,"mode":"bus","color":"#0059a9","colorDark":"#00294f","angle":0.1,"snapDist":1,"label":0}},{"type":"Feature","geometry":{"type":"Point","coordinates":[12.65611,55.631486]},"properties":{"name":"Ellehammersvej (Amager Strandvej)","lines":"36","arr":["36"],"terminus":0,"mode":"bus","color":"#0059a9","colorDark":"#00294f","angle":78.5,"snapDist":1,"label":1}},{"type":"Feature","geometry":{"type":"Point","coordinates":[12.652115,55.634179]},"properties":{"name":"Amager Strandvej (Skøjtevej)","lines":"36","arr":["36"],"terminus":0,"mode":"bus","color":"#0059a9","colorDark":"#00294f","angle":348.3,"snapDist":1,"label":1}},{"type":"Feature","geometry":{"type":"Point","coordinates":[12.64774,55.633638]},"properties":{"name":"Oberst Kochs Allé (Skøjtevej)","lines":"36","arr":["36"],"terminus":0,"mode":"bus","color":"#0059a9","colorDark":"#00294f","angle":346.3,"snapDist":1,"label":1}},{"type":"Feature","geometry":{"type":"Point","coordinates":[12.643201,55.63484]},"properties":{"name":"Ved Diget (Kastruplundgade)","lines":"36","arr":["36"],"terminus":0,"mode":"bus","color":"#0059a9","colorDark":"#00294f","angle":70,"snapDist":1,"label":1}},{"type":"Feature","geometry":{"type":"Point","coordinates":[12.641372,55.637776]},"properties":{"name":"Bredager Torv (Kastruplundgade)","lines":"36","arr":["36"],"terminus":0,"mode":"bus","color":"#0059a9","colorDark":"#00294f","angle":72.7,"snapDist":0,"label":1}},{"type":"Feature","geometry":{"type":"Point","coordinates":[12.618696,55.635292]},"properties":{"name":"Korsvejens Skole (Tårnbyvej)","lines":"36, 250S","arr":["36","250S"],"terminus":0,"mode":"bus","color":"#0059a9","colorDark":"#00294f","angle":347,"snapDist":0,"label":1}},{"type":"Feature","geometry":{"type":"Point","coordinates":[12.608993,55.633982]},"properties":{"name":"Irlandsvej (Tårnbyvej)","lines":"36, 250S","arr":["36","250S"],"terminus":0,"mode":"bus","color":"#0059a9","colorDark":"#00294f","angle":346.6,"snapDist":1,"label":1}},{"type":"Feature","geometry":{"type":"Point","coordinates":[12.603794,55.633281]},"properties":{"name":"Melstedvej (Tårnbyvej)","lines":"36","arr":["36"],"terminus":0,"mode":"bus","color":"#0059a9","colorDark":"#00294f","angle":346.1,"snapDist":0,"label":1}},{"type":"Feature","geometry":{"type":"Point","coordinates":[12.592153,55.621686]},"properties":{"name":"Løjtegårdsvej (Oliefabriksvej)","lines":"36","arr":["36"],"terminus":0,"mode":"bus","color":"#0059a9","colorDark":"#00294f","angle":267.2,"snapDist":1,"label":1}},{"type":"Feature","geometry":{"type":"Point","coordinates":[12.592659,55.616896]},"properties":{"name":"HF ved Pilegården (Oliefabriksvej)","lines":"36","arr":["36"],"terminus":0,"mode":"bus","color":"#0059a9","colorDark":"#00294f","angle":267.3,"snapDist":1,"label":1}},{"type":"Feature","geometry":{"type":"Point","coordinates":[12.593127,55.612737]},"properties":{"name":"Fjelstrupvej (Oliefabriksvej)","lines":"36","arr":["36"],"terminus":0,"mode":"bus","color":"#0059a9","colorDark":"#00294f","angle":265.7,"snapDist":1,"label":1}},{"type":"Feature","geometry":{"type":"Point","coordinates":[12.591657,55.609456]},"properties":{"name":"Holdkærs Ager (Oliefabriksvej)","lines":"36","arr":["36"],"terminus":0,"mode":"bus","color":"#0059a9","colorDark":"#00294f","angle":343.1,"snapDist":0,"label":1}},{"type":"Feature","geometry":{"type":"Point","coordinates":[12.581625,55.591299]},"properties":{"name":"Nøragersmindevej (Kongelundsvej)","lines":"36","arr":["36"],"terminus":1,"mode":"bus","color":"#0059a9","colorDark":"#00294f","angle":96.6,"snapDist":6,"label":0}},{"type":"Feature","geometry":{"type":"Point","coordinates":[12.585181,55.608308]},"properties":{"name":"Kongelundsvej (Oliefabriksvej)","lines":"36","arr":["36"],"terminus":0,"mode":"bus","color":"#0059a9","colorDark":"#00294f","angle":163.7,"snapDist":1,"label":1}},{"type":"Feature","geometry":{"type":"Point","coordinates":[12.592448,55.609595]},"properties":{"name":"Holdkærs Ager (Oliefabriksvej)","lines":"36","arr":["36"],"terminus":0,"mode":"bus","color":"#0059a9","colorDark":"#00294f","angle":162.5,"snapDist":0,"label":0}},{"type":"Feature","geometry":{"type":"Point","coordinates":[12.593064,55.613216]},"properties":{"name":"Fjelstrupvej (Oliefabriksvej)","lines":"36","arr":["36"],"terminus":0,"mode":"bus","color":"#0059a9","colorDark":"#00294f","angle":85.8,"snapDist":1,"label":0}},{"type":"Feature","geometry":{"type":"Point","coordinates":[12.592576,55.617709]},"properties":{"name":"HF ved Pilegården (Oliefabriksvej)","lines":"36","arr":["36"],"terminus":0,"mode":"bus","color":"#0059a9","colorDark":"#00294f","angle":86,"snapDist":1,"label":0}},{"type":"Feature","geometry":{"type":"Point","coordinates":[12.60503,55.633447]},"properties":{"name":"Melstedvej (Tårnbyvej)","lines":"36","arr":["36"],"terminus":0,"mode":"bus","color":"#0059a9","colorDark":"#00294f","angle":166.9,"snapDist":0,"label":0}},{"type":"Feature","geometry":{"type":"Point","coordinates":[12.611885,55.634372]},"properties":{"name":"Irlandsvej (Tårnbyvej)","lines":"36, 250S","arr":["36","250S"],"terminus":0,"mode":"bus","color":"#0059a9","colorDark":"#00294f","angle":166.5,"snapDist":0,"label":0}},{"type":"Feature","geometry":{"type":"Point","coordinates":[12.615911,55.634914]},"properties":{"name":"Østermarievej (Tårnbyvej)","lines":"36","arr":["36"],"terminus":0,"mode":"bus","color":"#0059a9","colorDark":"#00294f","angle":166.6,"snapDist":0,"label":1}},{"type":"Feature","geometry":{"type":"Point","coordinates":[12.641637,55.637323]},"properties":{"name":"Bredager Torv (Kastruplundgade)","lines":"36","arr":["36"],"terminus":0,"mode":"bus","color":"#0059a9","colorDark":"#00294f","angle":250.6,"snapDist":1,"label":0}},{"type":"Feature","geometry":{"type":"Point","coordinates":[12.643674,55.634076]},"properties":{"name":"Ved Diget (Kastruplundgade)","lines":"36","arr":["36"],"terminus":0,"mode":"bus","color":"#0059a9","colorDark":"#00294f","angle":251.3,"snapDist":0,"label":0}},{"type":"Feature","geometry":{"type":"Point","coordinates":[12.648998,55.633801]},"properties":{"name":"Oberst Kochs Allé (Skøjtevej)","lines":"36","arr":["36"],"terminus":0,"mode":"bus","color":"#0059a9","colorDark":"#00294f","angle":167.8,"snapDist":0,"label":0}},{"type":"Feature","geometry":{"type":"Point","coordinates":[12.656057,55.631109]},"properties":{"name":"Ellehammersvej (Amager Strandvej)","lines":"36","arr":["36"],"terminus":0,"mode":"bus","color":"#0059a9","colorDark":"#00294f","angle":258.6,"snapDist":1,"label":0}},{"type":"Feature","geometry":{"type":"Point","coordinates":[12.597501,55.668864]},"properties":{"name":"Christmas Møllers Plads (Vermlandsgade)","lines":"37","arr":["37"],"terminus":0,"mode":"bus","color":"#0059a9","colorDark":"#00294f","angle":175.1,"snapDist":1,"label":1}},{"type":"Feature","geometry":{"type":"Point","coordinates":[12.607403,55.66799]},"properties":{"name":"Uplandsgade (Vermlandsgade)","lines":"37","arr":["37"],"terminus":0,"mode":"bus","color":"#0059a9","colorDark":"#00294f","angle":194.1,"snapDist":2,"label":1}},{"type":"Feature","geometry":{"type":"Point","coordinates":[12.612066,55.666728]},"properties":{"name":"Prags Boulevard (Vermlandsgade)","lines":"37","arr":["37"],"terminus":0,"mode":"bus","color":"#0059a9","colorDark":"#00294f","angle":246.2,"snapDist":1,"label":1}},{"type":"Feature","geometry":{"type":"Point","coordinates":[12.614149,55.666643]},"properties":{"name":"Bremensgade (Holmbladsgade)","lines":"37","arr":["37"],"terminus":0,"mode":"bus","color":"#0059a9","colorDark":"#00294f","angle":159.6,"snapDist":0,"label":1}},{"type":"Feature","geometry":{"type":"Point","coordinates":[12.619274,55.668344]},"properties":{"name":"Holmbladsgade (Strandlodsvej)","lines":"37","arr":["37"],"terminus":0,"mode":"bus","color":"#0059a9","colorDark":"#00294f","angle":67.1,"snapDist":2,"label":1}},{"type":"Feature","geometry":{"type":"Point","coordinates":[12.619949,55.670912]},"properties":{"name":"Ved Amagerbanen (Raffinaderivej)","lines":"37","arr":["37"],"terminus":0,"mode":"bus","color":"#0059a9","colorDark":"#00294f","angle":63.6,"snapDist":1,"label":1}},{"type":"Feature","geometry":{"type":"Point","coordinates":[12.617069,55.675981]},"properties":{"name":"Raffinaderivej (Kløvermarksvej)","lines":"37","arr":["37"],"terminus":0,"mode":"bus","color":"#0059a9","colorDark":"#00294f","angle":148.1,"snapDist":1,"label":1}},{"type":"Feature","geometry":{"type":"Point","coordinates":[12.617568,55.67844]},"properties":{"name":"Kraftværksvej (Forlandet)","lines":"37","arr":["37"],"terminus":0,"mode":"bus","color":"#0059a9","colorDark":"#00294f","angle":63.6,"snapDist":2,"label":1}},{"type":"Feature","geometry":{"type":"Point","coordinates":[12.618523,55.684623]},"properties":{"name":"Amager Bakke (Vindmøllevej)","lines":"37","arr":["37"],"terminus":0,"mode":"bus","color":"#0059a9","colorDark":"#00294f","angle":128,"snapDist":15,"label":1}},{"type":"Feature","geometry":{"type":"Point","coordinates":[12.623491,55.687024]},"properties":{"name":"Amagerværket, Vindmøllevej (Vindmøllevej)","lines":"37","arr":["37"],"terminus":1,"mode":"bus","color":"#0059a9","colorDark":"#00294f","angle":147.6,"snapDist":11,"label":1}},{"type":"Feature","geometry":{"type":"Point","coordinates":[12.618509,55.684613]},"properties":{"name":"Amager Bakke (Vindmøllevej)","lines":"37","arr":["37"],"terminus":0,"mode":"bus","color":"#0059a9","colorDark":"#00294f","angle":128,"snapDist":15,"label":0}},{"type":"Feature","geometry":{"type":"Point","coordinates":[12.617584,55.678422]},"properties":{"name":"Kraftværksvej (Forlandet)","lines":"37","arr":["37"],"terminus":0,"mode":"bus","color":"#0059a9","colorDark":"#00294f","angle":243.6,"snapDist":2,"label":0}},{"type":"Feature","geometry":{"type":"Point","coordinates":[12.616189,55.675186]},"properties":{"name":"Kløvermarksvej (Raffinaderivej)","lines":"37","arr":["37"],"terminus":0,"mode":"bus","color":"#0059a9","colorDark":"#00294f","angle":243.6,"snapDist":1,"label":1}},{"type":"Feature","geometry":{"type":"Point","coordinates":[12.620779,55.669246]},"properties":{"name":"Ved Amagerbanen (Prags Boulevard)","lines":"37","arr":["37"],"terminus":0,"mode":"bus","color":"#0059a9","colorDark":"#00294f","angle":339.8,"snapDist":4,"label":1}},{"type":"Feature","geometry":{"type":"Point","coordinates":[12.619338,55.667724]},"properties":{"name":"Strandlodsvej (Holmbladsgade)","lines":"37","arr":["37"],"terminus":0,"mode":"bus","color":"#0059a9","colorDark":"#00294f","angle":340.1,"snapDist":0,"label":1}},{"type":"Feature","geometry":{"type":"Point","coordinates":[12.61491,55.666803]},"properties":{"name":"Bremensgade (Holmbladsgade)","lines":"37","arr":["37"],"terminus":0,"mode":"bus","color":"#0059a9","colorDark":"#00294f","angle":339.6,"snapDist":0,"label":0}},{"type":"Feature","geometry":{"type":"Point","coordinates":[12.610795,55.667511]},"properties":{"name":"Prags Boulevard (Vermlandsgade)","lines":"37","arr":["37"],"terminus":0,"mode":"bus","color":"#0059a9","colorDark":"#00294f","angle":14.1,"snapDist":1,"label":0}},{"type":"Feature","geometry":{"type":"Point","coordinates":[12.606442,55.668105]},"properties":{"name":"Uplandsgade (Vermlandsgade)","lines":"37","arr":["37"],"terminus":0,"mode":"bus","color":"#0059a9","colorDark":"#00294f","angle":9.3,"snapDist":2,"label":0}},{"type":"Feature","geometry":{"type":"Point","coordinates":[12.599883,55.668819]},"properties":{"name":"Kløvermarksvej (Vermlandsgade)","lines":"37","arr":["37"],"terminus":0,"mode":"bus","color":"#0059a9","colorDark":"#00294f","angle":8.9,"snapDist":2,"label":1}},{"type":"Feature","geometry":{"type":"Point","coordinates":[12.596193,55.669082]},"properties":{"name":"Christmas Møllers Plads (Torvegade)","lines":"37","arr":["37"],"terminus":0,"mode":"bus","color":"#0059a9","colorDark":"#00294f","angle":26.3,"snapDist":3,"label":1}},{"type":"Feature","geometry":{"type":"Point","coordinates":[12.571031,55.823152]},"properties":{"name":"Skodsborg St. (Bøllemosevej)","lines":"40E, 191","arr":["40E","191"],"terminus":1,"mode":"bus","color":"#0059a9","colorDark":"#00294f","angle":85.8,"snapDist":1,"label":1}},{"type":"Feature","geometry":{"type":"Point","coordinates":[12.542522,55.817908]},"properties":{"name":"Hegnsvej (Skodsborgvej)","lines":"40E, 191","arr":["40E","191"],"terminus":0,"mode":"bus","color":"#0059a9","colorDark":"#00294f","angle":335.2,"snapDist":0,"label":1}},{"type":"Feature","geometry":{"type":"Point","coordinates":[12.533054,55.815263]},"properties":{"name":"Nærum Vænge (Skodsborgvej)","lines":"40E, 191, 193","arr":["40E","191","193"],"terminus":0,"mode":"bus","color":"#0059a9","colorDark":"#00294f","angle":351.4,"snapDist":0,"label":1}},{"type":"Feature","geometry":{"type":"Point","coordinates":[12.528847,55.81352]},"properties":{"name":"Nærum St. (Helsingørmotorvejen)","lines":"40E","arr":["40E"],"terminus":0,"mode":"bus","color":"#0059a9","colorDark":"#00294f","angle":253,"snapDist":1,"label":1}},{"type":"Feature","geometry":{"type":"Point","coordinates":[12.529654,55.795555]},"properties":{"name":"Lundtofteparken (Lundtoftegårdsvej)","lines":"40E","arr":["40E"],"terminus":0,"mode":"bus","color":"#0059a9","colorDark":"#00294f","angle":95.3,"snapDist":2,"label":1}},{"type":"Feature","geometry":{"type":"Point","coordinates":[12.535546,55.793612]},"properties":{"name":"Eremitageparken","lines":"40E, 182","arr":["40E","182"],"terminus":0,"mode":"bus","color":"#0059a9","colorDark":"#00294f","angle":291.2,"snapDist":1,"label":1}},{"type":"Feature","geometry":{"type":"Point","coordinates":[12.529494,55.787619]},"properties":{"name":"DTU, Rævehøjvej (Rævehøjvej)","lines":"40E","arr":["40E"],"terminus":0,"mode":"bus","color":"#0059a9","colorDark":"#00294f","angle":1,"snapDist":2,"label":1}},{"type":"Feature","geometry":{"type":"Point","coordinates":[12.527266,55.787317]},"properties":{"name":"Rævehøjvej, DTU (Lundtoftegårdsvej)","lines":"40E, 300S","arr":["40E","300S"],"terminus":0,"mode":"bus","color":"#0059a9","colorDark":"#00294f","angle":282.4,"snapDist":0,"label":1}},{"type":"Feature","geometry":{"type":"Point","coordinates":[12.520236,55.785989]},"properties":{"name":"DTU (Anker Engelunds Vej)","lines":"40E, 300S","arr":["40E","300S"],"terminus":0,"mode":"bus","color":"#0059a9","colorDark":"#00294f","angle":17.6,"snapDist":4,"label":1}},{"type":"Feature","geometry":{"type":"Point","coordinates":[12.511884,55.783584]},"properties":{"name":"Elektrovej (Lundtoftevej)","lines":"40E, 193, 300S","arr":["40E","193","300S"],"terminus":0,"mode":"bus","color":"#0059a9","colorDark":"#00294f","angle":295.4,"snapDist":0,"label":1}},{"type":"Feature","geometry":{"type":"Point","coordinates":[12.509383,55.780085]},"properties":{"name":"Lyngby Svømmehal (Lundtoftevej)","lines":"40E, 193, 300S","arr":["40E","193","300S"],"terminus":0,"mode":"bus","color":"#0059a9","colorDark":"#00294f","angle":304.2,"snapDist":0,"label":1}},{"type":"Feature","geometry":{"type":"Point","coordinates":[12.511737,55.777]},"properties":{"name":"Carlshøjvej (Sorgenfrigårdsvej)","lines":"40E, 300S","arr":["40E","300S"],"terminus":0,"mode":"bus","color":"#0059a9","colorDark":"#00294f","angle":250.1,"snapDist":0,"label":1}},{"type":"Feature","geometry":{"type":"Point","coordinates":[12.505067,55.770776]},"properties":{"name":"Lyngby Centrum (Klampenborgvej)","lines":"40E","arr":["40E"],"terminus":0,"mode":"bus","color":"#0059a9","colorDark":"#00294f","angle":23.4,"snapDist":2,"label":1}},{"type":"Feature","geometry":{"type":"Point","coordinates":[12.473732,55.764964]},"properties":{"name":"Aldershvilevej (Bagsværdvej)","lines":"40E, 400S","arr":["40E","400S"],"terminus":0,"mode":"bus","color":"#0059a9","colorDark":"#00294f","angle":19.2,"snapDist":0,"label":1}},{"type":"Feature","geometry":{"type":"Point","coordinates":[12.453391,55.761494]},"properties":{"name":"Bagsværd St., Bindeledet (Bindeledet)","lines":"40E, 400S","arr":["40E","400S"],"terminus":0,"mode":"bus","color":"#0059a9","colorDark":"#00294f","angle":280.4,"snapDist":4,"label":1}},{"type":"Feature","geometry":{"type":"Point","coordinates":[12.398899,55.748785]},"properties":{"name":"Sortemosevej (Ring 4)","lines":"40E, 400S","arr":["40E","400S"],"terminus":0,"mode":"bus","color":"#0059a9","colorDark":"#00294f","angle":320.7,"snapDist":0,"label":1}},{"type":"Feature","geometry":{"type":"Point","coordinates":[12.391595,55.738081]},"properties":{"name":"Lautrupbjerg (Lautrupparken)","lines":"40E, 55E","arr":["40E","55E"],"terminus":0,"mode":"bus","color":"#0059a9","colorDark":"#00294f","angle":270,"snapDist":1,"label":1}},{"type":"Feature","geometry":{"type":"Point","coordinates":[12.390345,55.734409]},"properties":{"name":"Lautruphøj (Lautrupparken)","lines":"40E, 55E","arr":["40E","55E"],"terminus":0,"mode":"bus","color":"#0059a9","colorDark":"#00294f","angle":292.9,"snapDist":1,"label":1}},{"type":"Feature","geometry":{"type":"Point","coordinates":[12.388124,55.731441]},"properties":{"name":"Ballerup, Borupvang (Lautrupparken)","lines":"40E, 55E, 350S","arr":["40E","55E","350S"],"terminus":0,"mode":"bus","color":"#0059a9","colorDark":"#00294f","angle":283.4,"snapDist":2,"label":1}},{"type":"Feature","geometry":{"type":"Point","coordinates":[12.385842,55.725159]},"properties":{"name":"Malmparken St. (Malmparken)","lines":"40E, 55E, 350S","arr":["40E","55E","350S"],"terminus":0,"mode":"bus","color":"#0059a9","colorDark":"#00294f","angle":279.8,"snapDist":0,"label":0}},{"type":"Feature","geometry":{"type":"Point","coordinates":[12.356125,55.71792]},"properties":{"name":"Hedegårdscentret (Hold-an Vej)","lines":"40E, 400S, 500S","arr":["40E","400S","500S"],"terminus":0,"mode":"bus","color":"#0059a9","colorDark":"#00294f","angle":270.7,"snapDist":2,"label":1}},{"type":"Feature","geometry":{"type":"Point","coordinates":[12.27949,55.660709]},"properties":{"name":"Hveen Boulevard (Helgeshøj Allé)","lines":"40E, 400S","arr":["40E","400S"],"terminus":0,"mode":"bus","color":"#0059a9","colorDark":"#00294f","angle":2.1,"snapDist":0,"label":1}},{"type":"Feature","geometry":{"type":"Point","coordinates":[12.268688,55.658934]},"properties":{"name":"Teknologisk Institut (Gregersensvej)","lines":"40E, 400S","arr":["40E","400S"],"terminus":0,"mode":"bus","color":"#0059a9","colorDark":"#00294f","angle":280.4,"snapDist":1,"label":1}},{"type":"Feature","geometry":{"type":"Point","coordinates":[12.269425,55.649325]},"properties":{"name":"Høje Taastrup St.","lines":"40E","arr":["40E"],"terminus":1,"mode":"bus","color":"#0059a9","colorDark":"#00294f","angle":259,"snapDist":1,"label":1}},{"type":"Feature","geometry":{"type":"Point","coordinates":[12.269635,55.648712]},"properties":{"name":"Høje Taastrup St.","lines":"40E","arr":["40E"],"terminus":1,"mode":"bus","color":"#0059a9","colorDark":"#00294f","angle":79,"snapDist":1,"label":0}},{"type":"Feature","geometry":{"type":"Point","coordinates":[12.268555,55.658525]},"properties":{"name":"Teknologisk Institut (Gregersensvej)","lines":"40E, 400S","arr":["40E","400S"],"terminus":0,"mode":"bus","color":"#0059a9","colorDark":"#00294f","angle":100.4,"snapDist":1,"label":0}},{"type":"Feature","geometry":{"type":"Point","coordinates":[12.279211,55.660601]},"properties":{"name":"Hveen Boulevard (Helgeshøj Allé)","lines":"40E, 400S","arr":["40E","400S"],"terminus":0,"mode":"bus","color":"#0059a9","colorDark":"#00294f","angle":182.5,"snapDist":1,"label":0}},{"type":"Feature","geometry":{"type":"Point","coordinates":[12.356291,55.718723]},"properties":{"name":"Hedegårdscentret (Hold-an Vej)","lines":"40E, 400S, 500S","arr":["40E","400S","500S"],"terminus":0,"mode":"bus","color":"#0059a9","colorDark":"#00294f","angle":90.6,"snapDist":2,"label":0}},{"type":"Feature","geometry":{"type":"Point","coordinates":[12.385562,55.724222]},"properties":{"name":"Malmparken St. (Malmparken)","lines":"40E, 55E, 350S","arr":["40E","55E","350S"],"terminus":0,"mode":"bus","color":"#0059a9","colorDark":"#00294f","angle":99.4,"snapDist":0,"label":0}},{"type":"Feature","geometry":{"type":"Point","coordinates":[12.388498,55.731683]},"properties":{"name":"Ballerup, Borupvang (Lautrupparken)","lines":"40E, 55E, 350S","arr":["40E","55E","350S"],"terminus":0,"mode":"bus","color":"#0059a9","colorDark":"#00294f","angle":106.5,"snapDist":1,"label":0}},{"type":"Feature","geometry":{"type":"Point","coordinates":[12.390664,55.734556]},"properties":{"name":"Lautruphøj (Lautrupparken)","lines":"40E, 55E","arr":["40E","55E"],"terminus":0,"mode":"bus","color":"#0059a9","colorDark":"#00294f","angle":110.9,"snapDist":0,"label":0}},{"type":"Feature","geometry":{"type":"Point","coordinates":[12.391837,55.738166]},"properties":{"name":"Lautrupbjerg (Lautrupparken)","lines":"40E, 55E","arr":["40E","55E"],"terminus":0,"mode":"bus","color":"#0059a9","colorDark":"#00294f","angle":90.1,"snapDist":2,"label":0}},{"type":"Feature","geometry":{"type":"Point","coordinates":[12.399885,55.749249]},"properties":{"name":"Sortemosevej (Ring 4)","lines":"40E, 400S","arr":["40E","400S"],"terminus":0,"mode":"bus","color":"#0059a9","colorDark":"#00294f","angle":139.7,"snapDist":1,"label":0}},{"type":"Feature","geometry":{"type":"Point","coordinates":[12.441921,55.759074]},"properties":{"name":"Værebroparken (Hillerødmotorvejen)","lines":"40E, 400S","arr":["40E","400S"],"terminus":0,"mode":"bus","color":"#0059a9","colorDark":"#00294f","angle":242.6,"snapDist":1,"label":1}},{"type":"Feature","geometry":{"type":"Point","coordinates":[12.453597,55.761721]},"properties":{"name":"Bagsværd St., Bindeledet (Bindeledet)","lines":"40E, 165, 400S","arr":["40E","165","400S"],"terminus":0,"mode":"bus","color":"#0059a9","colorDark":"#00294f","angle":98.7,"snapDist":3,"label":0}},{"type":"Feature","geometry":{"type":"Point","coordinates":[12.475316,55.764689]},"properties":{"name":"Aldershvilevej (Bagsværdvej)","lines":"40E, 400S","arr":["40E","400S"],"terminus":0,"mode":"bus","color":"#0059a9","colorDark":"#00294f","angle":195,"snapDist":0,"label":0}},{"type":"Feature","geometry":{"type":"Point","coordinates":[12.504918,55.771007]},"properties":{"name":"Lyngby Centrum (Klampenborgvej)","lines":"40E, 193","arr":["40E","193"],"terminus":0,"mode":"bus","color":"#0059a9","colorDark":"#00294f","angle":161.3,"snapDist":26,"label":0}},{"type":"Feature","geometry":{"type":"Point","coordinates":[12.5111,55.777736]},"properties":{"name":"Carlshøjvej (Sorgenfrigårdsvej)","lines":"40E, 193, 300S","arr":["40E","193","300S"],"terminus":0,"mode":"bus","color":"#0059a9","colorDark":"#00294f","angle":53.7,"snapDist":1,"label":0}},{"type":"Feature","geometry":{"type":"Point","coordinates":[12.510281,55.780843]},"properties":{"name":"Lyngby Svømmehal (Lundtoftevej)","lines":"40E, 193, 300S","arr":["40E","193","300S"],"terminus":0,"mode":"bus","color":"#0059a9","colorDark":"#00294f","angle":118.4,"snapDist":0,"label":0}},{"type":"Feature","geometry":{"type":"Point","coordinates":[12.511543,55.783151]},"properties":{"name":"Elektrovej (Lundtoftevej)","lines":"40E, 193, 300S","arr":["40E","193","300S"],"terminus":0,"mode":"bus","color":"#0059a9","colorDark":"#00294f","angle":109.7,"snapDist":1,"label":0}},{"type":"Feature","geometry":{"type":"Point","coordinates":[12.520221,55.785992]},"properties":{"name":"DTU (Anker Engelunds Vej)","lines":"40E, 300S","arr":["40E","300S"],"terminus":0,"mode":"bus","color":"#0059a9","colorDark":"#00294f","angle":197.6,"snapDist":4,"label":0}},{"type":"Feature","geometry":{"type":"Point","coordinates":[12.527321,55.787459]},"properties":{"name":"Rævehøjvej, DTU (Lundtoftegårdsvej)","lines":"40E","arr":["40E"],"terminus":0,"mode":"bus","color":"#0059a9","colorDark":"#00294f","angle":102.4,"snapDist":0,"label":0}},{"type":"Feature","geometry":{"type":"Point","coordinates":[12.535022,55.792852]},"properties":{"name":"Eremitageparken","lines":"40E, 183","arr":["40E","183"],"terminus":0,"mode":"bus","color":"#0059a9","colorDark":"#00294f","angle":111.2,"snapDist":2,"label":0}},{"type":"Feature","geometry":{"type":"Point","coordinates":[12.535037,55.795435]},"properties":{"name":"Vejporten","lines":"40E","arr":["40E"],"terminus":0,"mode":"bus","color":"#0059a9","colorDark":"#00294f","angle":20.8,"snapDist":0,"label":1}},{"type":"Feature","geometry":{"type":"Point","coordinates":[12.52928,55.814415]},"properties":{"name":"Nærum St. (Helsingørmotorvejen)","lines":"40E","arr":["40E"],"terminus":0,"mode":"bus","color":"#0059a9","colorDark":"#00294f","angle":74.3,"snapDist":1,"label":0}},{"type":"Feature","geometry":{"type":"Point","coordinates":[12.533601,55.81531]},"properties":{"name":"Nærum Vænge (Skodsborgvej)","lines":"40E, 191, 193","arr":["40E","191","193"],"terminus":0,"mode":"bus","color":"#0059a9","colorDark":"#00294f","angle":171.4,"snapDist":0,"label":0}},{"type":"Feature","geometry":{"type":"Point","coordinates":[12.54408,55.818319]},"properties":{"name":"Hegnsvej (Skodsborgvej)","lines":"40E, 191","arr":["40E","191"],"terminus":0,"mode":"bus","color":"#0059a9","colorDark":"#00294f","angle":154.7,"snapDist":0,"label":0}},{"type":"Feature","geometry":{"type":"Point","coordinates":[12.571531,55.820916]},"properties":{"name":"Skodsborgparken (Bøllemosevej)","lines":"40E, 191","arr":["40E","191"],"terminus":0,"mode":"bus","color":"#0059a9","colorDark":"#00294f","angle":80.2,"snapDist":0,"label":1}},{"type":"Feature","geometry":{"type":"Point","coordinates":[12.3559,55.871295]},"properties":{"name":"Allerød St. (Allerød Stationsvej)","lines":"55E","arr":["55E"],"terminus":1,"mode":"bus","color":"#0059a9","colorDark":"#00294f","angle":242.8,"snapDist":1,"label":1}},{"type":"Feature","geometry":{"type":"Point","coordinates":[12.336052,55.866386]},"properties":{"name":"Allerød Gymnasium (Rådhusvej)","lines":"55E","arr":["55E"],"terminus":0,"mode":"bus","color":"#0059a9","colorDark":"#00294f","angle":258.5,"snapDist":1,"label":1}},{"type":"Feature","geometry":{"type":"Point","coordinates":[12.375413,55.819556]},"properties":{"name":"Farum Midtpunkt (Frederiksborgvej)","lines":"55E, 500S","arr":["55E","500S"],"terminus":0,"mode":"bus","color":"#0059a9","colorDark":"#00294f","angle":262.7,"snapDist":1,"label":1}},{"type":"Feature","geometry":{"type":"Point","coordinates":[12.375799,55.813845]},"properties":{"name":"Farum Bytorv (Frederiksborgvej)","lines":"55E, 500S","arr":["55E","500S"],"terminus":0,"mode":"bus","color":"#0059a9","colorDark":"#00294f","angle":263.6,"snapDist":1,"label":1}},{"type":"Feature","geometry":{"type":"Point","coordinates":[12.373669,55.78947]},"properties":{"name":"Bavnestedet (Fiskebækvej)","lines":"55E, 500S","arr":["55E","500S"],"terminus":0,"mode":"bus","color":"#0059a9","colorDark":"#00294f","angle":297.2,"snapDist":1,"label":1}},{"type":"Feature","geometry":{"type":"Point","coordinates":[12.369914,55.782825]},"properties":{"name":"Værløse St., under broen (Fiskebækvej)","lines":"55E, 153, 500S","arr":["55E","153","500S"],"terminus":0,"mode":"bus","color":"#0059a9","colorDark":"#00294f","angle":267.4,"snapDist":0,"label":1}},{"type":"Feature","geometry":{"type":"Point","coordinates":[12.378114,55.751384]},"properties":{"name":"Egebjerg Bygade (Egebjergvej)","lines":"55E, 164","arr":["55E","164"],"terminus":0,"mode":"bus","color":"#0059a9","colorDark":"#00294f","angle":188.9,"snapDist":1,"label":1}},{"type":"Feature","geometry":{"type":"Point","coordinates":[12.38327,55.748293]},"properties":{"name":"Agernhaven (Nordbuen)","lines":"55E, 164","arr":["55E","164"],"terminus":0,"mode":"bus","color":"#0059a9","colorDark":"#00294f","angle":256.4,"snapDist":0,"label":1}},{"type":"Feature","geometry":{"type":"Point","coordinates":[12.389067,55.74281]},"properties":{"name":"Ring 4 (Klausdalsbrovej)","lines":"55E, 164","arr":["55E","164"],"terminus":0,"mode":"bus","color":"#0059a9","colorDark":"#00294f","angle":216.9,"snapDist":1,"label":1}},{"type":"Feature","geometry":{"type":"Point","coordinates":[12.401607,55.719863]},"properties":{"name":"Center Syd (Ballerup Boulevard)","lines":"55E, 142, 168","arr":["55E","142","168"],"terminus":0,"mode":"bus","color":"#0059a9","colorDark":"#00294f","angle":205.5,"snapDist":10,"label":1}},{"type":"Feature","geometry":{"type":"Point","coordinates":[12.417292,55.713026]},"properties":{"name":"Mileparken (Ballerup Boulevard)","lines":"55E","arr":["55E"],"terminus":0,"mode":"bus","color":"#0059a9","colorDark":"#00294f","angle":249.8,"snapDist":1,"label":1}},{"type":"Feature","geometry":{"type":"Point","coordinates":[12.417048,55.713767]},"properties":{"name":"Dyrehegnet/Mileparken (Ballerup Boulevard)","lines":"55E, 168","arr":["55E","168"],"terminus":0,"mode":"bus","color":"#0059a9","colorDark":"#00294f","angle":70.1,"snapDist":1,"label":1}},{"type":"Feature","geometry":{"type":"Point","coordinates":[12.401364,55.719929]},"properties":{"name":"Center Syd (Ballerup Boulevard)","lines":"55E, 142, 168","arr":["55E","142","168"],"terminus":0,"mode":"bus","color":"#0059a9","colorDark":"#00294f","angle":25.8,"snapDist":4,"label":0}},{"type":"Feature","geometry":{"type":"Point","coordinates":[12.387214,55.743763]},"properties":{"name":"Ring 4 (Nordbuen)","lines":"55E, 164","arr":["55E","164"],"terminus":0,"mode":"bus","color":"#0059a9","colorDark":"#00294f","angle":46.1,"snapDist":1,"label":1}},{"type":"Feature","geometry":{"type":"Point","coordinates":[12.38336,55.748082]},"properties":{"name":"Agernhaven (Nordbuen)","lines":"55E, 164","arr":["55E","164"],"terminus":0,"mode":"bus","color":"#0059a9","colorDark":"#00294f","angle":76.4,"snapDist":0,"label":0}},{"type":"Feature","geometry":{"type":"Point","coordinates":[12.378083,55.751387]},"properties":{"name":"Egebjerg Bygade (Egebjergvej)","lines":"55E, 164","arr":["55E","164"],"terminus":0,"mode":"bus","color":"#0059a9","colorDark":"#00294f","angle":8.9,"snapDist":1,"label":0}},{"type":"Feature","geometry":{"type":"Point","coordinates":[12.3701,55.782847]},"properties":{"name":"Værløse St., under broen (Fiskebækvej)","lines":"55E, 153, 500S","arr":["55E","153","500S"],"terminus":0,"mode":"bus","color":"#0059a9","colorDark":"#00294f","angle":88.6,"snapDist":0,"label":0}},{"type":"Feature","geometry":{"type":"Point","coordinates":[12.374118,55.789996]},"properties":{"name":"Bavnestedet (Fiskebækvej)","lines":"55E, 500S","arr":["55E","500S"],"terminus":0,"mode":"bus","color":"#0059a9","colorDark":"#00294f","angle":115.7,"snapDist":1,"label":0}},{"type":"Feature","geometry":{"type":"Point","coordinates":[12.375906,55.81343]},"properties":{"name":"Farum Bytorv (Frederiksborgvej)","lines":"55E, 500S","arr":["55E","500S"],"terminus":0,"mode":"bus","color":"#0059a9","colorDark":"#00294f","angle":79.8,"snapDist":1,"label":0}},{"type":"Feature","geometry":{"type":"Point","coordinates":[12.375717,55.81917]},"properties":{"name":"Farum Midtpunkt (Frederiksborgvej)","lines":"55E, 500S","arr":["55E","500S"],"terminus":0,"mode":"bus","color":"#0059a9","colorDark":"#00294f","angle":84.9,"snapDist":1,"label":0}},{"type":"Feature","geometry":{"type":"Point","coordinates":[12.335858,55.866863]},"properties":{"name":"Allerød Gymnasium (Rådhusvej)","lines":"55E","arr":["55E"],"terminus":0,"mode":"bus","color":"#0059a9","colorDark":"#00294f","angle":76.5,"snapDist":1,"label":0}},{"type":"Feature","geometry":{"type":"Point","coordinates":[12.564045,55.642143]},"properties":{"name":"Vejlands Allé (Artillerivej)","lines":"68, 77","arr":["68","77"],"terminus":0,"mode":"bus","color":"#0059a9","colorDark":"#00294f","angle":108.1,"snapDist":1,"label":1}},{"type":"Feature","geometry":{"type":"Point","coordinates":[12.56727,55.648208]},"properties":{"name":"HF Sønderbro (Artillerivej)","lines":"68, 77","arr":["68","77"],"terminus":0,"mode":"bus","color":"#0059a9","colorDark":"#00294f","angle":106.6,"snapDist":1,"label":1}},{"type":"Feature","geometry":{"type":"Point","coordinates":[12.568524,55.654366]},"properties":{"name":"Rundholtsvej (Artillerivej)","lines":"68, 77","arr":["68","77"],"terminus":0,"mode":"bus","color":"#0059a9","colorDark":"#00294f","angle":102.3,"snapDist":2,"label":1}},{"type":"Feature","geometry":{"type":"Point","coordinates":[12.569404,55.657378]},"properties":{"name":"Drechselsgade (Artillerivej)","lines":"68, 77","arr":["68","77"],"terminus":0,"mode":"bus","color":"#0059a9","colorDark":"#00294f","angle":126.9,"snapDist":1,"label":1}},{"type":"Feature","geometry":{"type":"Point","coordinates":[12.572219,55.659538]},"properties":{"name":"Axel Heides Gade (Artillerivej)","lines":"68, 77","arr":["68","77"],"terminus":0,"mode":"bus","color":"#0059a9","colorDark":"#00294f","angle":125.5,"snapDist":0,"label":1}},{"type":"Feature","geometry":{"type":"Point","coordinates":[12.57736,55.662914]},"properties":{"name":"Kigkurren (Leifsgade)","lines":"68","arr":["68"],"terminus":0,"mode":"bus","color":"#0059a9","colorDark":"#00294f","angle":159.1,"snapDist":0,"label":1}},{"type":"Feature","geometry":{"type":"Point","coordinates":[12.579358,55.663607]},"properties":{"name":"Halfdansgade (Leifsgade)","lines":"68","arr":["68"],"terminus":0,"mode":"bus","color":"#0059a9","colorDark":"#00294f","angle":128.9,"snapDist":1,"label":1}},{"type":"Feature","geometry":{"type":"Point","coordinates":[12.577639,55.664907]},"properties":{"name":"Bergthorasgade (Isafjordsgade)","lines":"68","arr":["68"],"terminus":0,"mode":"bus","color":"#0059a9","colorDark":"#00294f","angle":127.1,"snapDist":1,"label":1}},{"type":"Feature","geometry":{"type":"Point","coordinates":[12.572844,55.684768]},"properties":{"name":"Nørreport St. (Gothersgade)","lines":"68","arr":["68"],"terminus":0,"mode":"bus","color":"#0059a9","colorDark":"#00294f","angle":24.9,"snapDist":2,"label":1}},{"type":"Feature","geometry":{"type":"Point","coordinates":[12.557384,55.682439]},"properties":{"name":"Peblinge Dossering (Åboulevard)","lines":"68","arr":["68"],"terminus":0,"mode":"bus","color":"#0059a9","colorDark":"#00294f","angle":48.1,"snapDist":1,"label":1}},{"type":"Feature","geometry":{"type":"Point","coordinates":[12.554525,55.684582]},"properties":{"name":"Blågårdsgade (Åboulevard)","lines":"68","arr":["68"],"terminus":0,"mode":"bus","color":"#0059a9","colorDark":"#00294f","angle":38.6,"snapDist":0,"label":1}},{"type":"Feature","geometry":{"type":"Point","coordinates":[12.550912,55.685086]},"properties":{"name":"H. C. Ørsteds Vej (Åboulevard)","lines":"68","arr":["68"],"terminus":0,"mode":"bus","color":"#0059a9","colorDark":"#00294f","angle":3,"snapDist":1,"label":1}},{"type":"Feature","geometry":{"type":"Point","coordinates":[12.544825,55.686481]},"properties":{"name":"Hans Egedes Gade (Ågade)","lines":"68","arr":["68"],"terminus":0,"mode":"bus","color":"#0059a9","colorDark":"#00294f","angle":40.1,"snapDist":1,"label":1}},{"type":"Feature","geometry":{"type":"Point","coordinates":[12.542102,55.689246]},"properties":{"name":"Nuuks Plads St. (Borups Allé)","lines":"68","arr":["68"],"terminus":0,"mode":"bus","color":"#0059a9","colorDark":"#00294f","angle":37.4,"snapDist":3,"label":1}},{"type":"Feature","geometry":{"type":"Point","coordinates":[12.538203,55.691563]},"properties":{"name":"Borups Plads (Borups Allé)","lines":"68","arr":["68"],"terminus":0,"mode":"bus","color":"#0059a9","colorDark":"#00294f","angle":46.2,"snapDist":1,"label":1}},{"type":"Feature","geometry":{"type":"Point","coordinates":[12.532301,55.693807]},"properties":{"name":"Nordre Fasanvej (Borups Allé)","lines":"68","arr":["68"],"terminus":0,"mode":"bus","color":"#0059a9","colorDark":"#00294f","angle":28.2,"snapDist":1,"label":1}},{"type":"Feature","geometry":{"type":"Point","coordinates":[12.528202,55.695261]},"properties":{"name":"Fuglebakken St. (Borups Allé)","lines":"68","arr":["68"],"terminus":0,"mode":"bus","color":"#0059a9","colorDark":"#00294f","angle":40.8,"snapDist":2,"label":1}},{"type":"Feature","geometry":{"type":"Point","coordinates":[12.525251,55.697274]},"properties":{"name":"Hillerødgade (Borups Allé)","lines":"68","arr":["68"],"terminus":0,"mode":"bus","color":"#0059a9","colorDark":"#00294f","angle":54.2,"snapDist":2,"label":1}},{"type":"Feature","geometry":{"type":"Point","coordinates":[12.523112,55.69895]},"properties":{"name":"Mågevej (Borups Allé)","lines":"68","arr":["68"],"terminus":0,"mode":"bus","color":"#0059a9","colorDark":"#00294f","angle":54.8,"snapDist":0,"label":1}},{"type":"Feature","geometry":{"type":"Point","coordinates":[12.5191,55.702743]},"properties":{"name":"Hulgårdsvej (Borups Allé)","lines":"68","arr":["68"],"terminus":0,"mode":"bus","color":"#0059a9","colorDark":"#00294f","angle":69.9,"snapDist":3,"label":1}},{"type":"Feature","geometry":{"type":"Point","coordinates":[12.516665,55.706295]},"properties":{"name":"Bellahøj (Borups Allé)","lines":"68","arr":["68"],"terminus":0,"mode":"bus","color":"#0059a9","colorDark":"#00294f","angle":54.7,"snapDist":1,"label":1}},{"type":"Feature","geometry":{"type":"Point","coordinates":[12.515642,55.709306]},"properties":{"name":"Nordvestkirken (Utterslevvej)","lines":"68","arr":["68"],"terminus":0,"mode":"bus","color":"#0059a9","colorDark":"#00294f","angle":106.3,"snapDist":0,"label":1}},{"type":"Feature","geometry":{"type":"Point","coordinates":[12.515087,55.710911]},"properties":{"name":"Utterslev Torv (Horsebakken)","lines":"68","arr":["68"],"terminus":0,"mode":"bus","color":"#0059a9","colorDark":"#00294f","angle":31.7,"snapDist":1,"label":1}},{"type":"Feature","geometry":{"type":"Point","coordinates":[12.512778,55.713202]},"properties":{"name":"Hyrdevangen (Horsebakken)","lines":"68","arr":["68"],"terminus":0,"mode":"bus","color":"#0059a9","colorDark":"#00294f","angle":77.2,"snapDist":0,"label":1}},{"type":"Feature","geometry":{"type":"Point","coordinates":[12.512253,55.714907]},"properties":{"name":"Lærkebakken (Horsebakken)","lines":"68","arr":["68"],"terminus":0,"mode":"bus","color":"#0059a9","colorDark":"#00294f","angle":80.8,"snapDist":0,"label":1}},{"type":"Feature","geometry":{"type":"Point","coordinates":[12.512642,55.716837]},"properties":{"name":"Mosesvinget (Horsebakken)","lines":"68","arr":["68"],"terminus":0,"mode":"bus","color":"#0059a9","colorDark":"#00294f","angle":102.1,"snapDist":0,"label":1}},{"type":"Feature","geometry":{"type":"Point","coordinates":[12.512276,55.720718]},"properties":{"name":"Moseskrænten (Maglegårds Allé)","lines":"68","arr":["68"],"terminus":0,"mode":"bus","color":"#0059a9","colorDark":"#00294f","angle":62.8,"snapDist":1,"label":1}},{"type":"Feature","geometry":{"type":"Point","coordinates":[12.509909,55.723193]},"properties":{"name":"Søborg Magle Kirke (Maglegårds Allé)","lines":"68","arr":["68"],"terminus":0,"mode":"bus","color":"#0059a9","colorDark":"#00294f","angle":20.4,"snapDist":0,"label":1}},{"type":"Feature","geometry":{"type":"Point","coordinates":[12.506824,55.723801]},"properties":{"name":"Mars Allé (Grønnemose Allé)","lines":"68","arr":["68"],"terminus":0,"mode":"bus","color":"#0059a9","colorDark":"#00294f","angle":19.4,"snapDist":0,"label":1}},{"type":"Feature","geometry":{"type":"Point","coordinates":[12.506553,55.726004]},"properties":{"name":"Nordtoftevej (Mars Allé)","lines":"68","arr":["68"],"terminus":0,"mode":"bus","color":"#0059a9","colorDark":"#00294f","angle":96.1,"snapDist":0,"label":1}},{"type":"Feature","geometry":{"type":"Point","coordinates":[12.485536,55.736053]},"properties":{"name":"Gladsaxevej (Vandtårnsvej)","lines":"68, 160, 164, 166","arr":["68","160","164","166"],"terminus":0,"mode":"bus","color":"#0059a9","colorDark":"#00294f","angle":357.9,"snapDist":1,"label":1}},{"type":"Feature","geometry":{"type":"Point","coordinates":[12.479798,55.735542]},"properties":{"name":"Gladsaxe Møllevej (Vandtårnsvej)","lines":"68, 160, 164, 166","arr":["68","160","164","166"],"terminus":0,"mode":"bus","color":"#0059a9","colorDark":"#00294f","angle":343.4,"snapDist":0,"label":1}},{"type":"Feature","geometry":{"type":"Point","coordinates":[12.475014,55.737311]},"properties":{"name":"Gladsaxe Trafikplads (Gladsaxe Møllevej)","lines":"68, 164, 200S, 250S","arr":["68","164","200S","250S"],"terminus":0,"mode":"bus","color":"#0059a9","colorDark":"#00294f","angle":72,"snapDist":3,"label":1}},{"type":"Feature","geometry":{"type":"Point","coordinates":[12.472588,55.740996]},"properties":{"name":"Gladsaxe Kirke (Gladsaxe Møllevej)","lines":"68, 160, 164, 250S","arr":["68","160","164","250S"],"terminus":0,"mode":"bus","color":"#0059a9","colorDark":"#00294f","angle":61.6,"snapDist":0,"label":1}},{"type":"Feature","geometry":{"type":"Point","coordinates":[12.472282,55.745061]},"properties":{"name":"Gladsaxe Skole (Gladsaxe Møllevej)","lines":"68, 160","arr":["68","160"],"terminus":0,"mode":"bus","color":"#0059a9","colorDark":"#00294f","angle":89.3,"snapDist":2,"label":1}},{"type":"Feature","geometry":{"type":"Point","coordinates":[12.472147,55.747931]},"properties":{"name":"Kronhjortvej (Gladsaxe Møllevej)","lines":"68, 160","arr":["68","160"],"terminus":0,"mode":"bus","color":"#0059a9","colorDark":"#00294f","angle":88,"snapDist":0,"label":1}},{"type":"Feature","geometry":{"type":"Point","coordinates":[12.471961,55.751282]},"properties":{"name":"Buddinge Hovedgade (Møllemarken)","lines":"68","arr":["68"],"terminus":0,"mode":"bus","color":"#0059a9","colorDark":"#00294f","angle":88,"snapDist":0,"label":1}},{"type":"Feature","geometry":{"type":"Point","coordinates":[12.471552,55.753828]},"properties":{"name":"Bagsværdfortet (Møllemarken)","lines":"68","arr":["68"],"terminus":0,"mode":"bus","color":"#0059a9","colorDark":"#00294f","angle":77.3,"snapDist":1,"label":1}},{"type":"Feature","geometry":{"type":"Point","coordinates":[12.473289,55.756244]},"properties":{"name":"Stengården St. (Gammelmosevej)","lines":"68","arr":["68"],"terminus":0,"mode":"bus","color":"#0059a9","colorDark":"#00294f","angle":184.2,"snapDist":0,"label":1}},{"type":"Feature","geometry":{"type":"Point","coordinates":[12.477123,55.755954]},"properties":{"name":"Triumfvej (Gammelmosevej)","lines":"68","arr":["68"],"terminus":0,"mode":"bus","color":"#0059a9","colorDark":"#00294f","angle":188.4,"snapDist":1,"label":1}},{"type":"Feature","geometry":{"type":"Point","coordinates":[12.482631,55.75551]},"properties":{"name":"Frithjofsvej (Gammelmosevej)","lines":"68","arr":["68"],"terminus":0,"mode":"bus","color":"#0059a9","colorDark":"#00294f","angle":188.2,"snapDist":0,"label":1}},{"type":"Feature","geometry":{"type":"Point","coordinates":[12.483774,55.756629]},"properties":{"name":"Gammelmosevej (Stengårds Allé)","lines":"68","arr":["68"],"terminus":0,"mode":"bus","color":"#0059a9","colorDark":"#00294f","angle":94.9,"snapDist":1,"label":1}},{"type":"Feature","geometry":{"type":"Point","coordinates":[12.484217,55.759359]},"properties":{"name":"Stenkrogen (Stengårds Allé)","lines":"68","arr":["68"],"terminus":0,"mode":"bus","color":"#0059a9","colorDark":"#00294f","angle":94.9,"snapDist":1,"label":1}},{"type":"Feature","geometry":{"type":"Point","coordinates":[12.484785,55.763119]},"properties":{"name":"Enighedsvej (Stengårds Allé)","lines":"68","arr":["68"],"terminus":0,"mode":"bus","color":"#0059a9","colorDark":"#00294f","angle":96.1,"snapDist":0,"label":1}},{"type":"Feature","geometry":{"type":"Point","coordinates":[12.485044,55.764794]},"properties":{"name":"Bagsværdvej (Stengårds Allé)","lines":"68","arr":["68"],"terminus":0,"mode":"bus","color":"#0059a9","colorDark":"#00294f","angle":95.2,"snapDist":0,"label":1}},{"type":"Feature","geometry":{"type":"Point","coordinates":[12.488751,55.765618]},"properties":{"name":"Nybrovej (Engelsborgvej)","lines":"68, 183, 400S","arr":["68","183","400S"],"terminus":0,"mode":"bus","color":"#0059a9","colorDark":"#00294f","angle":180.6,"snapDist":5,"label":1}},{"type":"Feature","geometry":{"type":"Point","coordinates":[12.495451,55.76556]},"properties":{"name":"Christian X's Allé","lines":"68","arr":["68"],"terminus":0,"mode":"bus","color":"#0059a9","colorDark":"#00294f","angle":223.2,"snapDist":1,"label":1}},{"type":"Feature","geometry":{"type":"Point","coordinates":[12.504311,55.768281]},"properties":{"name":"Lyngby St. (Jernbanepladsen)","lines":"68","arr":["68"],"terminus":1,"mode":"bus","color":"#0059a9","colorDark":"#00294f","angle":214.1,"snapDist":4,"label":1}},{"type":"Feature","geometry":{"type":"Point","coordinates":[12.504481,55.768452]},"properties":{"name":"Lyngby St.","lines":"68, 179","arr":["68","179"],"terminus":1,"mode":"bus","color":"#0059a9","colorDark":"#00294f","angle":39.7,"snapDist":1,"label":1}},{"type":"Feature","geometry":{"type":"Point","coordinates":[12.493367,55.766198]},"properties":{"name":"Engelsborgskolen (Engelsborgvej)","lines":"68, 182","arr":["68","182"],"terminus":0,"mode":"bus","color":"#0059a9","colorDark":"#00294f","angle":327.4,"snapDist":1,"label":1}},{"type":"Feature","geometry":{"type":"Point","coordinates":[12.487042,55.765673]},"properties":{"name":"Nybrovej (Bagsværdvej)","lines":"68, 400S","arr":["68","400S"],"terminus":0,"mode":"bus","color":"#0059a9","colorDark":"#00294f","angle":348.2,"snapDist":1,"label":1}},{"type":"Feature","geometry":{"type":"Point","coordinates":[12.485066,55.764928]},"properties":{"name":"Bagsværdvej (Stengårds Allé)","lines":"68","arr":["68"],"terminus":0,"mode":"bus","color":"#0059a9","colorDark":"#00294f","angle":275.2,"snapDist":0,"label":0}},{"type":"Feature","geometry":{"type":"Point","coordinates":[12.484716,55.762745]},"properties":{"name":"Enighedsvej (Stengårds Allé)","lines":"68","arr":["68"],"terminus":0,"mode":"bus","color":"#0059a9","colorDark":"#00294f","angle":274.2,"snapDist":1,"label":0}},{"type":"Feature","geometry":{"type":"Point","coordinates":[12.484266,55.759681]},"properties":{"name":"Stenkrogen (Stengårds Allé)","lines":"68","arr":["68"],"terminus":0,"mode":"bus","color":"#0059a9","colorDark":"#00294f","angle":274.8,"snapDist":1,"label":0}},{"type":"Feature","geometry":{"type":"Point","coordinates":[12.483756,55.755976]},"properties":{"name":"Gammelmosevej (Stengårds Allé)","lines":"68","arr":["68"],"terminus":0,"mode":"bus","color":"#0059a9","colorDark":"#00294f","angle":257.7,"snapDist":1,"label":0}},{"type":"Feature","geometry":{"type":"Point","coordinates":[12.476854,55.755977]},"properties":{"name":"Triumfvej (Gammelmosevej)","lines":"68","arr":["68"],"terminus":0,"mode":"bus","color":"#0059a9","colorDark":"#00294f","angle":8.4,"snapDist":1,"label":0}},{"type":"Feature","geometry":{"type":"Point","coordinates":[12.471872,55.756267]},"properties":{"name":"Stengården St. (Gammelmosevej)","lines":"68","arr":["68"],"terminus":0,"mode":"bus","color":"#0059a9","colorDark":"#00294f","angle":357.9,"snapDist":0,"label":0}},{"type":"Feature","geometry":{"type":"Point","coordinates":[12.471422,55.754148]},"properties":{"name":"Bagsværdfortet (Møllemarken)","lines":"68","arr":["68"],"terminus":0,"mode":"bus","color":"#0059a9","colorDark":"#00294f","angle":256.9,"snapDist":1,"label":0}},{"type":"Feature","geometry":{"type":"Point","coordinates":[12.472016,55.750246]},"properties":{"name":"Buddinge Hovedgade (Gladsaxe Møllevej)","lines":"68, 160","arr":["68","160"],"terminus":0,"mode":"bus","color":"#0059a9","colorDark":"#00294f","angle":268.7,"snapDist":1,"label":1}},{"type":"Feature","geometry":{"type":"Point","coordinates":[12.472133,55.748247]},"properties":{"name":"Kronhjortvej (Gladsaxe Møllevej)","lines":"68, 160","arr":["68","160"],"terminus":0,"mode":"bus","color":"#0059a9","colorDark":"#00294f","angle":269.3,"snapDist":0,"label":0}},{"type":"Feature","geometry":{"type":"Point","coordinates":[12.472325,55.744269]},"properties":{"name":"Gladsaxe Skole (Gladsaxe Møllevej)","lines":"68, 160, 164","arr":["68","160","164"],"terminus":0,"mode":"bus","color":"#0059a9","colorDark":"#00294f","angle":267,"snapDist":2,"label":0}},{"type":"Feature","geometry":{"type":"Point","coordinates":[12.472748,55.740829]},"properties":{"name":"Gladsaxe Kirke (Gladsaxe Møllevej)","lines":"68, 160, 164, 250S","arr":["68","160","164","250S"],"terminus":0,"mode":"bus","color":"#0059a9","colorDark":"#00294f","angle":241.6,"snapDist":0,"label":0}},{"type":"Feature","geometry":{"type":"Point","coordinates":[12.473927,55.736841]},"properties":{"name":"Gladsaxe Trafikplads, terminalen","lines":"68","arr":["68"],"terminus":0,"mode":"bus","color":"#0059a9","colorDark":"#00294f","angle":342.6,"snapDist":1,"label":1}},{"type":"Feature","geometry":{"type":"Point","coordinates":[12.477267,55.735114]},"properties":{"name":"Gladsaxe Møllevej (Vandtårnsvej)","lines":"68, 160, 164, 166","arr":["68","160","164","166"],"terminus":0,"mode":"bus","color":"#0059a9","colorDark":"#00294f","angle":163.2,"snapDist":2,"label":0}},{"type":"Feature","geometry":{"type":"Point","coordinates":[12.481531,55.735832]},"properties":{"name":"Rosenkæret (Vandtårnsvej)","lines":"68, 160, 164, 166","arr":["68","160","164","166"],"terminus":0,"mode":"bus","color":"#0059a9","colorDark":"#00294f","angle":163.4,"snapDist":0,"label":1}},{"type":"Feature","geometry":{"type":"Point","coordinates":[12.507368,55.729666]},"properties":{"name":"Gladsaxevej (Mars Allé)","lines":"68","arr":["68"],"terminus":0,"mode":"bus","color":"#0059a9","colorDark":"#00294f","angle":276.9,"snapDist":1,"label":1}},{"type":"Feature","geometry":{"type":"Point","coordinates":[12.506377,55.725317]},"properties":{"name":"Nordtoftevej (Mars Allé)","lines":"68","arr":["68"],"terminus":0,"mode":"bus","color":"#0059a9","colorDark":"#00294f","angle":276.7,"snapDist":1,"label":0}},{"type":"Feature","geometry":{"type":"Point","coordinates":[12.506857,55.723794]},"properties":{"name":"Mars Allé (Grønnemose Allé)","lines":"68","arr":["68"],"terminus":0,"mode":"bus","color":"#0059a9","colorDark":"#00294f","angle":199.4,"snapDist":0,"label":0}},{"type":"Feature","geometry":{"type":"Point","coordinates":[12.510774,55.722674]},"properties":{"name":"Søborg Magle Kirke (Maglegårds Allé)","lines":"68","arr":["68"],"terminus":0,"mode":"bus","color":"#0059a9","colorDark":"#00294f","angle":256.3,"snapDist":0,"label":0}},{"type":"Feature","geometry":{"type":"Point","coordinates":[12.512469,55.720507]},"properties":{"name":"Moseskrænten (Maglegårds Allé)","lines":"68","arr":["68"],"terminus":0,"mode":"bus","color":"#0059a9","colorDark":"#00294f","angle":242.8,"snapDist":1,"label":0}},{"type":"Feature","geometry":{"type":"Point","coordinates":[12.512741,55.717096]},"properties":{"name":"Mosesvinget (Horsebakken)","lines":"68","arr":["68"],"terminus":0,"mode":"bus","color":"#0059a9","colorDark":"#00294f","angle":282.2,"snapDist":0,"label":0}},{"type":"Feature","geometry":{"type":"Point","coordinates":[12.512235,55.714971]},"properties":{"name":"Lærkebakken (Horsebakken)","lines":"68","arr":["68"],"terminus":0,"mode":"bus","color":"#0059a9","colorDark":"#00294f","angle":260.8,"snapDist":0,"label":0}},{"type":"Feature","geometry":{"type":"Point","coordinates":[12.512892,55.712919]},"properties":{"name":"Hyrdevangen (Horsebakken)","lines":"68","arr":["68"],"terminus":0,"mode":"bus","color":"#0059a9","colorDark":"#00294f","angle":257.2,"snapDist":0,"label":0}},{"type":"Feature","geometry":{"type":"Point","coordinates":[12.515777,55.710558]},"properties":{"name":"Utterslev Torv (Utterslevvej)","lines":"68","arr":["68"],"terminus":0,"mode":"bus","color":"#0059a9","colorDark":"#00294f","angle":255.2,"snapDist":1,"label":1}},{"type":"Feature","geometry":{"type":"Point","coordinates":[12.515559,55.709147]},"properties":{"name":"Nordvestkirken (Utterslevvej)","lines":"68","arr":["68"],"terminus":0,"mode":"bus","color":"#0059a9","colorDark":"#00294f","angle":286.3,"snapDist":0,"label":0}},{"type":"Feature","geometry":{"type":"Point","coordinates":[12.516395,55.705493]},"properties":{"name":"Bellahøj (Borups Allé)","lines":"68","arr":["68"],"terminus":0,"mode":"bus","color":"#0059a9","colorDark":"#00294f","angle":256.3,"snapDist":4,"label":0}},{"type":"Feature","geometry":{"type":"Point","coordinates":[12.519951,55.701401]},"properties":{"name":"Hulgårdsvej (Borups Allé)","lines":"68","arr":["68"],"terminus":0,"mode":"bus","color":"#0059a9","colorDark":"#00294f","angle":233.4,"snapDist":1,"label":0}},{"type":"Feature","geometry":{"type":"Point","coordinates":[12.523973,55.69806]},"properties":{"name":"Mågevej (Borups Allé)","lines":"68","arr":["68"],"terminus":0,"mode":"bus","color":"#0059a9","colorDark":"#00294f","angle":234.7,"snapDist":1,"label":0}},{"type":"Feature","geometry":{"type":"Point","coordinates":[12.528229,55.695248]},"properties":{"name":"Fuglebakken St. (Borups Allé)","lines":"68","arr":["68"],"terminus":0,"mode":"bus","color":"#0059a9","colorDark":"#00294f","angle":220.8,"snapDist":2,"label":0}},{"type":"Feature","geometry":{"type":"Point","coordinates":[12.533497,55.693451]},"properties":{"name":"Nordre Fasanvej (Borups Allé)","lines":"68, 71","arr":["68","71"],"terminus":0,"mode":"bus","color":"#0059a9","colorDark":"#00294f","angle":207.8,"snapDist":1,"label":0}},{"type":"Feature","geometry":{"type":"Point","coordinates":[12.538219,55.691554]},"properties":{"name":"Borups Plads (Borups Allé)","lines":"68","arr":["68"],"terminus":0,"mode":"bus","color":"#0059a9","colorDark":"#00294f","angle":226.2,"snapDist":1,"label":0}},{"type":"Feature","geometry":{"type":"Point","coordinates":[12.543411,55.688756]},"properties":{"name":"Nuuks Plads St. (Rantzausgade)","lines":"68","arr":["68"],"terminus":0,"mode":"bus","color":"#0059a9","colorDark":"#00294f","angle":212.5,"snapDist":2,"label":1}},{"type":"Feature","geometry":{"type":"Point","coordinates":[12.54854,55.686906]},"properties":{"name":"Skyttegade (Rantzausgade)","lines":"68","arr":["68"],"terminus":0,"mode":"bus","color":"#0059a9","colorDark":"#00294f","angle":212.4,"snapDist":1,"label":1}},{"type":"Feature","geometry":{"type":"Point","coordinates":[12.552794,55.68538]},"properties":{"name":"Griffenfeldsgade (Rantzausgade)","lines":"68","arr":["68"],"terminus":0,"mode":"bus","color":"#0059a9","colorDark":"#00294f","angle":212.3,"snapDist":1,"label":1}},{"type":"Feature","geometry":{"type":"Point","coordinates":[12.554155,55.684593]},"properties":{"name":"Blågårdsgade (Åboulevard)","lines":"68","arr":["68"],"terminus":0,"mode":"bus","color":"#0059a9","colorDark":"#00294f","angle":216.3,"snapDist":1,"label":0}},{"type":"Feature","geometry":{"type":"Point","coordinates":[12.557226,55.682401]},"properties":{"name":"Peblinge Dossering (Åboulevard)","lines":"68","arr":["68"],"terminus":0,"mode":"bus","color":"#0059a9","colorDark":"#00294f","angle":229,"snapDist":3,"label":0}},{"type":"Feature","geometry":{"type":"Point","coordinates":[12.578095,55.66524]},"properties":{"name":"Bergthorasgade (Isafjordsgade)","lines":"68","arr":["68"],"terminus":0,"mode":"bus","color":"#0059a9","colorDark":"#00294f","angle":308.3,"snapDist":0,"label":0}},{"type":"Feature","geometry":{"type":"Point","coordinates":[12.579263,55.663872]},"properties":{"name":"Halfdansgade","lines":"68","arr":["68"],"terminus":0,"mode":"bus","color":"#0059a9","colorDark":"#00294f","angle":216.1,"snapDist":2,"label":1}},{"type":"Feature","geometry":{"type":"Point","coordinates":[12.576516,55.66275]},"properties":{"name":"Kigkurren (Sturlasgade)","lines":"68, 77","arr":["68","77"],"terminus":0,"mode":"bus","color":"#0059a9","colorDark":"#00294f","angle":318.2,"snapDist":2,"label":1}},{"type":"Feature","geometry":{"type":"Point","coordinates":[12.571898,55.659285]},"properties":{"name":"Axel Heides Gade (Artillerivej)","lines":"68, 77","arr":["68","77"],"terminus":0,"mode":"bus","color":"#0059a9","colorDark":"#00294f","angle":305.5,"snapDist":1,"label":0}},{"type":"Feature","geometry":{"type":"Point","coordinates":[12.568876,55.656962]},"properties":{"name":"Drechselsgade (Artillerivej)","lines":"68, 77","arr":["68","77"],"terminus":0,"mode":"bus","color":"#0059a9","colorDark":"#00294f","angle":299.1,"snapDist":1,"label":0}},{"type":"Feature","geometry":{"type":"Point","coordinates":[12.568288,55.653782]},"properties":{"name":"Rundholtsvej (Artillerivej)","lines":"68, 77","arr":["68","77"],"terminus":0,"mode":"bus","color":"#0059a9","colorDark":"#00294f","angle":283.7,"snapDist":0,"label":0}},{"type":"Feature","geometry":{"type":"Point","coordinates":[12.567073,55.647836]},"properties":{"name":"HF Sønderbro (Artillerivej)","lines":"68, 77","arr":["68","77"],"terminus":0,"mode":"bus","color":"#0059a9","colorDark":"#00294f","angle":286.6,"snapDist":1,"label":0}},{"type":"Feature","geometry":{"type":"Point","coordinates":[12.576876,55.640887]},"properties":{"name":"Center Boulevard (Vejlands Allé)","lines":"68","arr":["68"],"terminus":0,"mode":"bus","color":"#0059a9","colorDark":"#00294f","angle":184.3,"snapDist":0,"label":0}},{"type":"Feature","geometry":{"type":"Point","coordinates":[12.530809,55.678709]},"properties":{"name":"Frederiksberg Rådhus (Smallegade)","lines":"71, 72, 74","arr":["71","72","74"],"terminus":1,"mode":"bus","color":"#0059a9","colorDark":"#00294f","angle":11.2,"snapDist":1,"label":1}},{"type":"Feature","geometry":{"type":"Point","coordinates":[12.535136,55.691298]},"properties":{"name":"Nitivej (Ane Katrines Vej)","lines":"71","arr":["71"],"terminus":0,"mode":"bus","color":"#0059a9","colorDark":"#00294f","angle":253.3,"snapDist":2,"label":1}},{"type":"Feature","geometry":{"type":"Point","coordinates":[12.533775,55.689196]},"properties":{"name":"Dronning Olgas Vej (Kronprinsesse Sofies Vej)","lines":"71","arr":["71"],"terminus":0,"mode":"bus","color":"#0059a9","colorDark":"#00294f","angle":291.3,"snapDist":1,"label":1}},{"type":"Feature","geometry":{"type":"Point","coordinates":[12.539845,55.682326]},"properties":{"name":"Dr. Abildgaards Allé (Hostrupsvej)","lines":"71","arr":["71"],"terminus":0,"mode":"bus","color":"#0059a9","colorDark":"#00294f","angle":205.3,"snapDist":1,"label":1}},{"type":"Feature","geometry":{"type":"Point","coordinates":[12.544578,55.681112]},"properties":{"name":"Bülowsvej (Thorvaldsensvej)","lines":"71","arr":["71"],"terminus":0,"mode":"bus","color":"#0059a9","colorDark":"#00294f","angle":201.3,"snapDist":2,"label":1}},{"type":"Feature","geometry":{"type":"Point","coordinates":[12.549173,55.679721]},"properties":{"name":"H.C. Ørsteds Vej (Danasvej)","lines":"71","arr":["71"],"terminus":0,"mode":"bus","color":"#0059a9","colorDark":"#00294f","angle":203,"snapDist":1,"label":1}},{"type":"Feature","geometry":{"type":"Point","coordinates":[12.553187,55.678627]},"properties":{"name":"Danas Plads (Danasvej)","lines":"71","arr":["71"],"terminus":0,"mode":"bus","color":"#0059a9","colorDark":"#00294f","angle":202.2,"snapDist":1,"label":1}},{"type":"Feature","geometry":{"type":"Point","coordinates":[12.554196,55.677344]},"properties":{"name":"Niels Ebbesens Vej (Vodroffsvej)","lines":"71","arr":["71"],"terminus":0,"mode":"bus","color":"#0059a9","colorDark":"#00294f","angle":288.8,"snapDist":1,"label":1}},{"type":"Feature","geometry":{"type":"Point","coordinates":[12.554202,55.675902]},"properties":{"name":"Vodroffs Tværgade (Vodroffsvej)","lines":"71","arr":["71"],"terminus":0,"mode":"bus","color":"#0059a9","colorDark":"#00294f","angle":249.6,"snapDist":1,"label":1}},{"type":"Feature","geometry":{"type":"Point","coordinates":[12.55499,55.674285]},"properties":{"name":"Det Ny Teater (Vodroffsvej)","lines":"71","arr":["71"],"terminus":0,"mode":"bus","color":"#0059a9","colorDark":"#00294f","angle":256.3,"snapDist":1,"label":1}},{"type":"Feature","geometry":{"type":"Point","coordinates":[12.497459,55.678414]},"properties":{"name":"Sønderjyllands Allé (Peter Bangs Vej)","lines":"72","arr":["72"],"terminus":0,"mode":"bus","color":"#0059a9","colorDark":"#00294f","angle":356.9,"snapDist":0,"label":0}},{"type":"Feature","geometry":{"type":"Point","coordinates":[12.494729,55.678329]},"properties":{"name":"KB Hallen (Peter Bangs Vej)","lines":"72","arr":["72"],"terminus":0,"mode":"bus","color":"#0059a9","colorDark":"#00294f","angle":357.4,"snapDist":1,"label":1}},{"type":"Feature","geometry":{"type":"Point","coordinates":[12.49856,55.677486]},"properties":{"name":"Peter Bangs Vej (Jens Jessens Vej)","lines":"72","arr":["72"],"terminus":0,"mode":"bus","color":"#0059a9","colorDark":"#00294f","angle":281.6,"snapDist":1,"label":1}},{"type":"Feature","geometry":{"type":"Point","coordinates":[12.499226,55.675051]},"properties":{"name":"Marielystvej (Troels Lunds Vej)","lines":"72","arr":["72"],"terminus":0,"mode":"bus","color":"#0059a9","colorDark":"#00294f","angle":176.2,"snapDist":1,"label":1}},{"type":"Feature","geometry":{"type":"Point","coordinates":[12.499935,55.674049]},"properties":{"name":"Marielystvej Midt (Marielystvej)","lines":"72","arr":["72"],"terminus":0,"mode":"bus","color":"#0059a9","colorDark":"#00294f","angle":261.1,"snapDist":1,"label":1}},{"type":"Feature","geometry":{"type":"Point","coordinates":[12.498357,55.672962]},"properties":{"name":"Marielystvej (Rådmand Steins Allé)","lines":"72","arr":["72"],"terminus":0,"mode":"bus","color":"#0059a9","colorDark":"#00294f","angle":357.7,"snapDist":0,"label":1}},{"type":"Feature","geometry":{"type":"Point","coordinates":[12.532493,55.675572]},"properties":{"name":"Frederiksberg Runddel (Allegade)","lines":"72","arr":["72"],"terminus":0,"mode":"bus","color":"#0059a9","colorDark":"#00294f","angle":96.5,"snapDist":1,"label":1}},{"type":"Feature","geometry":{"type":"Point","coordinates":[12.520808,55.680945]},"properties":{"name":"Nordre Fasanvej (Finsensvej)","lines":"74","arr":["74"],"terminus":0,"mode":"bus","color":"#0059a9","colorDark":"#00294f","angle":18.8,"snapDist":3,"label":1}},{"type":"Feature","geometry":{"type":"Point","coordinates":[12.515984,55.681474]},"properties":{"name":"Eversvej (Finsensvej)","lines":"74","arr":["74"],"terminus":0,"mode":"bus","color":"#0059a9","colorDark":"#00294f","angle":6.1,"snapDist":2,"label":1}},{"type":"Feature","geometry":{"type":"Point","coordinates":[12.511916,55.681719]},"properties":{"name":"Dalgas Boulevard (Finsensvej)","lines":"74","arr":["74"],"terminus":0,"mode":"bus","color":"#0059a9","colorDark":"#00294f","angle":7.3,"snapDist":2,"label":1}},{"type":"Feature","geometry":{"type":"Point","coordinates":[12.512173,55.684346]},"properties":{"name":"Dalgas Have, Lindevang St. (Bernhard Bangs Allé)","lines":"74","arr":["74"],"terminus":0,"mode":"bus","color":"#0059a9","colorDark":"#00294f","angle":17.7,"snapDist":1,"label":1}},{"type":"Feature","geometry":{"type":"Point","coordinates":[12.508394,55.685005]},"properties":{"name":"Tesdorpfsvej (Bernhard Bangs Allé)","lines":"74","arr":["74"],"terminus":0,"mode":"bus","color":"#0059a9","colorDark":"#00294f","angle":16.2,"snapDist":0,"label":1}},{"type":"Feature","geometry":{"type":"Point","coordinates":[12.506798,55.686421]},"properties":{"name":"C.F. Richs Vej (Bernhard Bangs Allé)","lines":"74","arr":["74"],"terminus":0,"mode":"bus","color":"#0059a9","colorDark":"#00294f","angle":72.4,"snapDist":1,"label":1}},{"type":"Feature","geometry":{"type":"Point","coordinates":[12.508771,55.684943]},"properties":{"name":"Tesdorpfsvej (Bernhard Bangs Allé)","lines":"74","arr":["74"],"terminus":0,"mode":"bus","color":"#0059a9","colorDark":"#00294f","angle":16.2,"snapDist":0,"label":0}},{"type":"Feature","geometry":{"type":"Point","coordinates":[12.512313,55.68432]},"properties":{"name":"Dalgas Have, Lindevang St. (Bernhard Bangs Allé)","lines":"74","arr":["74"],"terminus":0,"mode":"bus","color":"#0059a9","colorDark":"#00294f","angle":17.7,"snapDist":0,"label":0}},{"type":"Feature","geometry":{"type":"Point","coordinates":[12.514273,55.686105]},"properties":{"name":"Nyelandsvej (Dalgas Boulevard)","lines":"74","arr":["74"],"terminus":0,"mode":"bus","color":"#0059a9","colorDark":"#00294f","angle":115.9,"snapDist":4,"label":1}},{"type":"Feature","geometry":{"type":"Point","coordinates":[12.519024,55.685471]},"properties":{"name":"Emil Christian Hansens Vej (Nyelandsvej)","lines":"74","arr":["74"],"terminus":0,"mode":"bus","color":"#0059a9","colorDark":"#00294f","angle":200.8,"snapDist":1,"label":1}},{"type":"Feature","geometry":{"type":"Point","coordinates":[12.520005,55.686139]},"properties":{"name":"Frederiksberg Hospital, Sundhedscenter","lines":"74","arr":["74"],"terminus":0,"mode":"bus","color":"#0059a9","colorDark":"#00294f","angle":114.1,"snapDist":1,"label":1}},{"type":"Feature","geometry":{"type":"Point","coordinates":[12.522193,55.686041]},"properties":{"name":"Frederiksberg Hospital (Vej 8)","lines":"74","arr":["74"],"terminus":0,"mode":"bus","color":"#0059a9","colorDark":"#00294f","angle":203.5,"snapDist":0,"label":1}},{"type":"Feature","geometry":{"type":"Point","coordinates":[12.523674,55.68686]},"properties":{"name":"Frederiksberg Hospital, Vej 6 (Vej 6)","lines":"74","arr":["74"],"terminus":0,"mode":"bus","color":"#0059a9","colorDark":"#00294f","angle":112.8,"snapDist":0,"label":1}},{"type":"Feature","geometry":{"type":"Point","coordinates":[12.525569,55.68408]},"properties":{"name":"Nordre Fasanvej (Nyelandsvej)","lines":"74","arr":["74"],"terminus":0,"mode":"bus","color":"#0059a9","colorDark":"#00294f","angle":201.1,"snapDist":1,"label":1}},{"type":"Feature","geometry":{"type":"Point","coordinates":[12.531114,55.682869]},"properties":{"name":"Nyelandsvej Skole (Nyelandsvej)","lines":"74","arr":["74"],"terminus":0,"mode":"bus","color":"#0059a9","colorDark":"#00294f","angle":205.5,"snapDist":1,"label":1}},{"type":"Feature","geometry":{"type":"Point","coordinates":[12.53403,55.682137]},"properties":{"name":"Falkoner Allé (Nyelandsvej)","lines":"74","arr":["74"],"terminus":0,"mode":"bus","color":"#0059a9","colorDark":"#00294f","angle":203.5,"snapDist":0,"label":1}},{"type":"Feature","geometry":{"type":"Point","coordinates":[12.534226,55.681309]},"properties":{"name":"Frederiksberg St. (Falkoner Allé)","lines":"74","arr":["74"],"terminus":0,"mode":"bus","color":"#0059a9","colorDark":"#00294f","angle":283,"snapDist":2,"label":1}},{"type":"Feature","geometry":{"type":"Point","coordinates":[12.615435,55.653969]},"properties":{"name":"Grækenlandsvej (Elbagade)","lines":"77","arr":["77"],"terminus":0,"mode":"bus","color":"#0059a9","colorDark":"#00294f","angle":162,"snapDist":1,"label":1}},{"type":"Feature","geometry":{"type":"Point","coordinates":[12.621189,55.654563]},"properties":{"name":"Amager Hospital (Italiensvej)","lines":"77","arr":["77"],"terminus":0,"mode":"bus","color":"#0059a9","colorDark":"#00294f","angle":161.5,"snapDist":0,"label":1}},{"type":"Feature","geometry":{"type":"Point","coordinates":[12.629292,55.656116]},"properties":{"name":"Engvej (Italiensvej)","lines":"77","arr":["77"],"terminus":0,"mode":"bus","color":"#0059a9","colorDark":"#00294f","angle":161.7,"snapDist":2,"label":1}},{"type":"Feature","geometry":{"type":"Point","coordinates":[12.623592,55.661476]},"properties":{"name":"Strandlodsvej (Øresundsvej)","lines":"77","arr":["77"],"terminus":0,"mode":"bus","color":"#0059a9","colorDark":"#00294f","angle":357.2,"snapDist":2,"label":1}},{"type":"Feature","geometry":{"type":"Point","coordinates":[12.620145,55.661254]},"properties":{"name":"Sundparken (Øresundsvej)","lines":"77","arr":["77"],"terminus":0,"mode":"bus","color":"#0059a9","colorDark":"#00294f","angle":352.2,"snapDist":2,"label":1}},{"type":"Feature","geometry":{"type":"Point","coordinates":[12.616013,55.660848]},"properties":{"name":"Lergravsparken St. (Øresundsvej)","lines":"77","arr":["77"],"terminus":0,"mode":"bus","color":"#0059a9","colorDark":"#00294f","angle":351.7,"snapDist":0,"label":1}},{"type":"Feature","geometry":{"type":"Point","coordinates":[12.612963,55.660289]},"properties":{"name":"Rumæniensgade (Øresundsvej)","lines":"77","arr":["77"],"terminus":0,"mode":"bus","color":"#0059a9","colorDark":"#00294f","angle":334.8,"snapDist":1,"label":1}},{"type":"Feature","geometry":{"type":"Point","coordinates":[12.610831,55.65979]},"properties":{"name":"Kirkegårdsvej (Øresundsvej)","lines":"77","arr":["77"],"terminus":0,"mode":"bus","color":"#0059a9","colorDark":"#00294f","angle":325.3,"snapDist":0,"label":1}},{"type":"Feature","geometry":{"type":"Point","coordinates":[12.606869,55.657827]},"properties":{"name":"Amagerbrogade (Englandsvej)","lines":"77","arr":["77"],"terminus":0,"mode":"bus","color":"#0059a9","colorDark":"#00294f","angle":317.9,"snapDist":1,"label":1}},{"type":"Feature","geometry":{"type":"Point","coordinates":[12.603983,55.657711]},"properties":{"name":"Skotlands Plads (Sundholmsvej)","lines":"77","arr":["77"],"terminus":0,"mode":"bus","color":"#0059a9","colorDark":"#00294f","angle":36.9,"snapDist":1,"label":1}},{"type":"Feature","geometry":{"type":"Point","coordinates":[12.599866,55.659718]},"properties":{"name":"Brydes Allé (Sundholmsvej)","lines":"77","arr":["77"],"terminus":0,"mode":"bus","color":"#0059a9","colorDark":"#00294f","angle":53.9,"snapDist":3,"label":1}},{"type":"Feature","geometry":{"type":"Point","coordinates":[12.597648,55.661282]},"properties":{"name":"Sønderbro Hospital (Sundholmsvej)","lines":"77","arr":["77"],"terminus":0,"mode":"bus","color":"#0059a9","colorDark":"#00294f","angle":51.2,"snapDist":4,"label":1}},{"type":"Feature","geometry":{"type":"Point","coordinates":[12.595586,55.662312]},"properties":{"name":"Amagerfælled Skole (Sundholmsvej)","lines":"77","arr":["77"],"terminus":0,"mode":"bus","color":"#0059a9","colorDark":"#00294f","angle":42.7,"snapDist":0,"label":1}},{"type":"Feature","geometry":{"type":"Point","coordinates":[12.595123,55.662553]},"properties":{"name":"Amagerfælled Skole (Sundholmsvej)","lines":"77","arr":["77"],"terminus":0,"mode":"bus","color":"#0059a9","colorDark":"#00294f","angle":222.7,"snapDist":0,"label":0}},{"type":"Feature","geometry":{"type":"Point","coordinates":[12.598667,55.660556]},"properties":{"name":"Sønderbro Hospital (Sundholmsvej)","lines":"77","arr":["77"],"terminus":0,"mode":"bus","color":"#0059a9","colorDark":"#00294f","angle":229.2,"snapDist":1,"label":0}},{"type":"Feature","geometry":{"type":"Point","coordinates":[12.600835,55.659142]},"properties":{"name":"Brydes Allé (Sundholmsvej)","lines":"77","arr":["77"],"terminus":0,"mode":"bus","color":"#0059a9","colorDark":"#00294f","angle":215.5,"snapDist":1,"label":0}},{"type":"Feature","geometry":{"type":"Point","coordinates":[12.605935,55.657361]},"properties":{"name":"Skotlands Plads (Englandsvej)","lines":"77","arr":["77"],"terminus":0,"mode":"bus","color":"#0059a9","colorDark":"#00294f","angle":139.4,"snapDist":1,"label":1}},{"type":"Feature","geometry":{"type":"Point","coordinates":[12.609058,55.658471]},"properties":{"name":"Amagerbrogade (Øresundsvej)","lines":"77","arr":["77"],"terminus":0,"mode":"bus","color":"#0059a9","colorDark":"#00294f","angle":123.8,"snapDist":2,"label":1}},{"type":"Feature","geometry":{"type":"Point","coordinates":[12.611699,55.660032]},"properties":{"name":"Kirkegårdsvej (Øresundsvej)","lines":"77","arr":["77"],"terminus":0,"mode":"bus","color":"#0059a9","colorDark":"#00294f","angle":160.2,"snapDist":2,"label":0}},{"type":"Feature","geometry":{"type":"Point","coordinates":[12.616074,55.660853]},"properties":{"name":"Kastrupvej (Øresundsvej)","lines":"77","arr":["77"],"terminus":0,"mode":"bus","color":"#0059a9","colorDark":"#00294f","angle":171.7,"snapDist":1,"label":1}},{"type":"Feature","geometry":{"type":"Point","coordinates":[12.618798,55.661137]},"properties":{"name":"Lergravsparken St. (Øresundsvej)","lines":"77","arr":["77"],"terminus":0,"mode":"bus","color":"#0059a9","colorDark":"#00294f","angle":169,"snapDist":1,"label":0}},{"type":"Feature","geometry":{"type":"Point","coordinates":[12.620355,55.66127]},"properties":{"name":"Sundparken (Øresundsvej)","lines":"77","arr":["77"],"terminus":0,"mode":"bus","color":"#0059a9","colorDark":"#00294f","angle":172.2,"snapDist":2,"label":0}},{"type":"Feature","geometry":{"type":"Point","coordinates":[12.62412,55.66149]},"properties":{"name":"Strandlodsvej (Øresundsvej)","lines":"77","arr":["77"],"terminus":0,"mode":"bus","color":"#0059a9","colorDark":"#00294f","angle":177.2,"snapDist":1,"label":0}},{"type":"Feature","geometry":{"type":"Point","coordinates":[12.628883,55.656243]},"properties":{"name":"Engvej (Italiensvej)","lines":"77","arr":["77"],"terminus":0,"mode":"bus","color":"#0059a9","colorDark":"#00294f","angle":342.7,"snapDist":1,"label":0}},{"type":"Feature","geometry":{"type":"Point","coordinates":[12.620426,55.654417]},"properties":{"name":"Amager Hospital (Italiensvej)","lines":"77","arr":["77"],"terminus":0,"mode":"bus","color":"#0059a9","colorDark":"#00294f","angle":341.3,"snapDist":1,"label":0}},{"type":"Feature","geometry":{"type":"Point","coordinates":[12.614724,55.653833]},"properties":{"name":"Grækenlandsvej (Elbagade)","lines":"77","arr":["77"],"terminus":0,"mode":"bus","color":"#0059a9","colorDark":"#00294f","angle":340.7,"snapDist":1,"label":0}},{"type":"Feature","geometry":{"type":"Point","coordinates":[12.636012,55.64553]},"properties":{"name":"Femøren St. (Engvej)","lines":"78","arr":["78"],"terminus":1,"mode":"bus","color":"#0059a9","colorDark":"#00294f","angle":248.6,"snapDist":2,"label":1}},{"type":"Feature","geometry":{"type":"Point","coordinates":[12.633546,55.645102]},"properties":{"name":"Nordmarksvej (Hedegaardsvej)","lines":"78","arr":["78"],"terminus":0,"mode":"bus","color":"#0059a9","colorDark":"#00294f","angle":345.7,"snapDist":0,"label":1}},{"type":"Feature","geometry":{"type":"Point","coordinates":[12.627504,55.644782]},"properties":{"name":"Postparken (Kastrupvej)","lines":"78","arr":["78"],"terminus":0,"mode":"bus","color":"#0059a9","colorDark":"#00294f","angle":53.9,"snapDist":2,"label":0}},{"type":"Feature","geometry":{"type":"Point","coordinates":[12.612842,55.64617]},"properties":{"name":"Sundbyvester Plads","lines":"78","arr":["78"],"terminus":0,"mode":"bus","color":"#0059a9","colorDark":"#00294f","angle":356.1,"snapDist":3,"label":0}},{"type":"Feature","geometry":{"type":"Point","coordinates":[12.606224,55.645923]},"properties":{"name":"Irlandsvej (Sundbyvestervej)","lines":"78","arr":["78"],"terminus":0,"mode":"bus","color":"#0059a9","colorDark":"#00294f","angle":357.3,"snapDist":1,"label":1}},{"type":"Feature","geometry":{"type":"Point","coordinates":[12.603881,55.650074]},"properties":{"name":"Ingolfs Allé (Irlandsvej)","lines":"78","arr":["78"],"terminus":0,"mode":"bus","color":"#0059a9","colorDark":"#00294f","angle":77.7,"snapDist":2,"label":1}},{"type":"Feature","geometry":{"type":"Point","coordinates":[12.595589,55.654951]},"properties":{"name":"Brydes Allé (Peder Lykkes Vej)","lines":"78","arr":["78"],"terminus":0,"mode":"bus","color":"#0059a9","colorDark":"#00294f","angle":1.9,"snapDist":1,"label":1}},{"type":"Feature","geometry":{"type":"Point","coordinates":[12.588101,55.655647]},"properties":{"name":"DR Byen St. (Grønjordsvej)","lines":"78","arr":["78"],"terminus":1,"mode":"bus","color":"#0059a9","colorDark":"#00294f","angle":58.9,"snapDist":1,"label":1}},{"type":"Feature","geometry":{"type":"Point","coordinates":[12.602581,55.65257]},"properties":{"name":"Sundbyvester Park (Irlandsvej)","lines":"78","arr":["78"],"terminus":0,"mode":"bus","color":"#0059a9","colorDark":"#00294f","angle":245.3,"snapDist":2,"label":1}},{"type":"Feature","geometry":{"type":"Point","coordinates":[12.603857,55.650138]},"properties":{"name":"Ingolfs Allé (Irlandsvej)","lines":"78","arr":["78"],"terminus":0,"mode":"bus","color":"#0059a9","colorDark":"#00294f","angle":258,"snapDist":2,"label":0}},{"type":"Feature","geometry":{"type":"Point","coordinates":[12.606017,55.645918]},"properties":{"name":"Irlandsvej (Sundbyvestervej)","lines":"78","arr":["78"],"terminus":0,"mode":"bus","color":"#0059a9","colorDark":"#00294f","angle":177.3,"snapDist":1,"label":0}},{"type":"Feature","geometry":{"type":"Point","coordinates":[12.613195,55.646184]},"properties":{"name":"Sundbyvester Plads","lines":"78","arr":["78"],"terminus":0,"mode":"bus","color":"#0059a9","colorDark":"#00294f","angle":176.1,"snapDist":2,"label":0}},{"type":"Feature","geometry":{"type":"Point","coordinates":[12.624817,55.646913]},"properties":{"name":"Kastrupvej (Wibrandtsvej)","lines":"78","arr":["78"],"terminus":0,"mode":"bus","color":"#0059a9","colorDark":"#00294f","angle":163.3,"snapDist":2,"label":0}},{"type":"Feature","geometry":{"type":"Point","coordinates":[12.628094,55.647466]},"properties":{"name":"Backersvej (Wibrandtsvej)","lines":"78","arr":["78"],"terminus":0,"mode":"bus","color":"#0059a9","colorDark":"#00294f","angle":163.6,"snapDist":2,"label":1}},{"type":"Feature","geometry":{"type":"Point","coordinates":[12.634271,55.648107]},"properties":{"name":"Wibrandtsvej (Engvej)","lines":"78","arr":["78"],"terminus":0,"mode":"bus","color":"#0059a9","colorDark":"#00294f","angle":249.7,"snapDist":1,"label":1}},{"type":"Feature","geometry":{"type":"Point","coordinates":[12.482243,55.628565]},"properties":{"name":"Friheden St.","lines":"87, 132","arr":["87","132"],"terminus":0,"mode":"bus","color":"#0059a9","colorDark":"#00294f","angle":343.7,"snapDist":1,"label":0}},{"type":"Feature","geometry":{"type":"Point","coordinates":[12.472232,55.624941]},"properties":{"name":"Avedøre Havnevej (Gammel Køge Landevej)","lines":"87, 133","arr":["87","133"],"terminus":0,"mode":"bus","color":"#0059a9","colorDark":"#00294f","angle":331,"snapDist":1,"label":1}},{"type":"Feature","geometry":{"type":"Point","coordinates":[12.465163,55.62254]},"properties":{"name":"Tårnfalkevej (Gammel Køge Landevej)","lines":"87, 133","arr":["87","133"],"terminus":0,"mode":"bus","color":"#0059a9","colorDark":"#00294f","angle":326.9,"snapDist":2,"label":1}},{"type":"Feature","geometry":{"type":"Point","coordinates":[12.460099,55.620748]},"properties":{"name":"Byvej (Gammel Køge Landevej)","lines":"87","arr":["87"],"terminus":0,"mode":"bus","color":"#0059a9","colorDark":"#00294f","angle":330,"snapDist":1,"label":1}},{"type":"Feature","geometry":{"type":"Point","coordinates":[12.449978,55.618366]},"properties":{"name":"Vestre Strandvej (Gammel Køge Landevej)","lines":"87","arr":["87"],"terminus":0,"mode":"bus","color":"#0059a9","colorDark":"#00294f","angle":345.2,"snapDist":1,"label":1}},{"type":"Feature","geometry":{"type":"Point","coordinates":[12.441563,55.617283]},"properties":{"name":"Stamholmen (Gammel Køge Landevej)","lines":"87","arr":["87"],"terminus":0,"mode":"bus","color":"#0059a9","colorDark":"#00294f","angle":354,"snapDist":1,"label":1}},{"type":"Feature","geometry":{"type":"Point","coordinates":[12.436314,55.61723]},"properties":{"name":"Lagesminde Allé (Gammel Køge Landevej)","lines":"87","arr":["87"],"terminus":0,"mode":"bus","color":"#0059a9","colorDark":"#00294f","angle":6,"snapDist":4,"label":1}},{"type":"Feature","geometry":{"type":"Point","coordinates":[12.43027,55.617802]},"properties":{"name":"Fyrmestervej (Gammel Køge Landevej)","lines":"87, 500S","arr":["87","500S"],"terminus":0,"mode":"bus","color":"#0059a9","colorDark":"#00294f","angle":97.2,"snapDist":3,"label":1}},{"type":"Feature","geometry":{"type":"Point","coordinates":[12.424407,55.618055]},"properties":{"name":"Brøndbyvester Boulevard (Gammel Køge Landevej)","lines":"87","arr":["87"],"terminus":0,"mode":"bus","color":"#0059a9","colorDark":"#00294f","angle":353.2,"snapDist":1,"label":1}},{"type":"Feature","geometry":{"type":"Point","coordinates":[12.424356,55.621625]},"properties":{"name":"Brøndby Strand St. (Borgm K Rasmussens Blvd)","lines":"87, 130, 500S","arr":["87","130","500S"],"terminus":0,"mode":"bus","color":"#0059a9","colorDark":"#00294f","angle":104.2,"snapDist":0,"label":1}},{"type":"Feature","geometry":{"type":"Point","coordinates":[12.420846,55.623825]},"properties":{"name":"Tranumparken (Strandesplanaden)","lines":"87, 130, 135","arr":["87","130","135"],"terminus":0,"mode":"bus","color":"#0059a9","colorDark":"#00294f","angle":6.9,"snapDist":1,"label":1}},{"type":"Feature","geometry":{"type":"Point","coordinates":[12.412079,55.624425]},"properties":{"name":"Ulsøparken (Strandesplanaden)","lines":"87, 130, 135","arr":["87","130","135"],"terminus":0,"mode":"bus","color":"#0059a9","colorDark":"#00294f","angle":7.3,"snapDist":0,"label":1}},{"type":"Feature","geometry":{"type":"Point","coordinates":[12.407591,55.624724]},"properties":{"name":"Hallingparken (Strandesplanaden)","lines":"87, 130, 135","arr":["87","130","135"],"terminus":0,"mode":"bus","color":"#0059a9","colorDark":"#00294f","angle":6.8,"snapDist":0,"label":1}},{"type":"Feature","geometry":{"type":"Point","coordinates":[12.401339,55.625169]},"properties":{"name":"Dyringparken (Strandesplanaden)","lines":"87, 130, 135","arr":["87","130","135"],"terminus":0,"mode":"bus","color":"#0059a9","colorDark":"#00294f","angle":7.3,"snapDist":1,"label":1}},{"type":"Feature","geometry":{"type":"Point","coordinates":[12.393166,55.622971]},"properties":{"name":"Nøddebo Allé (Strandesplanaden)","lines":"87, 130","arr":["87","130"],"terminus":0,"mode":"bus","color":"#0059a9","colorDark":"#00294f","angle":318.2,"snapDist":9,"label":1}},{"type":"Feature","geometry":{"type":"Point","coordinates":[12.389201,55.625139]},"properties":{"name":"Rønnebækhus (Vallensbæk Torvevej)","lines":"87, 143, 144","arr":["87","143","144"],"terminus":0,"mode":"bus","color":"#0059a9","colorDark":"#00294f","angle":72.6,"snapDist":0,"label":1}},{"type":"Feature","geometry":{"type":"Point","coordinates":[12.384583,55.623701]},"properties":{"name":"Vejlegårdsparken (Søndre Ringvej)","lines":"87","arr":["87"],"terminus":0,"mode":"bus","color":"#0059a9","colorDark":"#00294f","angle":310.4,"snapDist":3,"label":1}},{"type":"Feature","geometry":{"type":"Point","coordinates":[12.380831,55.6206]},"properties":{"name":"Vejlegårdsvej (Søndre Ringvej)","lines":"87","arr":["87"],"terminus":0,"mode":"bus","color":"#0059a9","colorDark":"#00294f","angle":292.7,"snapDist":1,"label":1}},{"type":"Feature","geometry":{"type":"Point","coordinates":[12.368181,55.613541]},"properties":{"name":"Strandparkstien (Ishøj Strandvej)","lines":"87","arr":["87"],"terminus":0,"mode":"bus","color":"#0059a9","colorDark":"#00294f","angle":325.6,"snapDist":0,"label":1}},{"type":"Feature","geometry":{"type":"Point","coordinates":[12.358819,55.613277]},"properties":{"name":"Ishøj St.","lines":"87","arr":["87"],"terminus":0,"mode":"bus","color":"#0059a9","colorDark":"#00294f","angle":20.1,"snapDist":5,"label":0}},{"type":"Feature","geometry":{"type":"Point","coordinates":[12.346135,55.611786]},"properties":{"name":"Fyrrelunden (Ishøj Boulevard)","lines":"87","arr":["87"],"terminus":0,"mode":"bus","color":"#0059a9","colorDark":"#00294f","angle":309.7,"snapDist":1,"label":1}},{"type":"Feature","geometry":{"type":"Point","coordinates":[12.342305,55.609401]},"properties":{"name":"Granlunden (Ishøj Boulevard)","lines":"87","arr":["87"],"terminus":0,"mode":"bus","color":"#0059a9","colorDark":"#00294f","angle":315.5,"snapDist":1,"label":1}},{"type":"Feature","geometry":{"type":"Point","coordinates":[12.338497,55.609468]},"properties":{"name":"Lundestien (Ishøj Søvej)","lines":"87","arr":["87"],"terminus":0,"mode":"bus","color":"#0059a9","colorDark":"#00294f","angle":39.5,"snapDist":1,"label":1}},{"type":"Feature","geometry":{"type":"Point","coordinates":[12.333815,55.611113]},"properties":{"name":"Baldersbækstien (Ishøj Parkvej)","lines":"87","arr":["87"],"terminus":0,"mode":"bus","color":"#0059a9","colorDark":"#00294f","angle":317.9,"snapDist":0,"label":1}},{"type":"Feature","geometry":{"type":"Point","coordinates":[12.326587,55.605958]},"properties":{"name":"Hundige Bygade (Godsvej)","lines":"87","arr":["87"],"terminus":0,"mode":"bus","color":"#0059a9","colorDark":"#00294f","angle":292.3,"snapDist":0,"label":1}},{"type":"Feature","geometry":{"type":"Point","coordinates":[12.324843,55.602293]},"properties":{"name":"Engrøjel (Godsvej)","lines":"87","arr":["87"],"terminus":0,"mode":"bus","color":"#0059a9","colorDark":"#00294f","angle":281.9,"snapDist":0,"label":1}},{"type":"Feature","geometry":{"type":"Point","coordinates":[12.322275,55.594531]},"properties":{"name":"Gersagerparken (Godsvej)","lines":"87","arr":["87"],"terminus":0,"mode":"bus","color":"#0059a9","colorDark":"#00294f","angle":264,"snapDist":0,"label":1}},{"type":"Feature","geometry":{"type":"Point","coordinates":[12.316776,55.594254]},"properties":{"name":"Hundige Kirke (Eriksmindevej)","lines":"87","arr":["87"],"terminus":0,"mode":"bus","color":"#0059a9","colorDark":"#00294f","angle":12.9,"snapDist":0,"label":1}},{"type":"Feature","geometry":{"type":"Point","coordinates":[12.308236,55.596364]},"properties":{"name":"Krogager (Eriksmindevej)","lines":"87","arr":["87"],"terminus":0,"mode":"bus","color":"#0059a9","colorDark":"#00294f","angle":23.9,"snapDist":1,"label":1}},{"type":"Feature","geometry":{"type":"Point","coordinates":[12.304496,55.59421]},"properties":{"name":"Greve Hallerne (Lillevangsvej)","lines":"87","arr":["87"],"terminus":0,"mode":"bus","color":"#0059a9","colorDark":"#00294f","angle":285.1,"snapDist":1,"label":1}},{"type":"Feature","geometry":{"type":"Point","coordinates":[12.299727,55.588209]},"properties":{"name":"Greve Borgerhus (Lillevangsvej)","lines":"87","arr":["87"],"terminus":0,"mode":"bus","color":"#0059a9","colorDark":"#00294f","angle":297.5,"snapDist":0,"label":1}},{"type":"Feature","geometry":{"type":"Point","coordinates":[12.296591,55.585073]},"properties":{"name":"Søagerparken (Lillevangsvej)","lines":"87","arr":["87"],"terminus":0,"mode":"bus","color":"#0059a9","colorDark":"#00294f","angle":301.7,"snapDist":0,"label":1}},{"type":"Feature","geometry":{"type":"Point","coordinates":[12.298171,55.582697]},"properties":{"name":"Greve St.,Greve Centervej (Greve Centervej)","lines":"87","arr":["87"],"terminus":0,"mode":"bus","color":"#0059a9","colorDark":"#00294f","angle":219.9,"snapDist":0,"label":1}},{"type":"Feature","geometry":{"type":"Point","coordinates":[12.30242,55.579196]},"properties":{"name":"Greve Centervej (Greve Strandvej)","lines":"87","arr":["87"],"terminus":0,"mode":"bus","color":"#0059a9","colorDark":"#00294f","angle":320.5,"snapDist":1,"label":1}},{"type":"Feature","geometry":{"type":"Point","coordinates":[12.296115,55.575978]},"properties":{"name":"Blåhusvej (Greve Strandvej)","lines":"87","arr":["87"],"terminus":0,"mode":"bus","color":"#0059a9","colorDark":"#00294f","angle":312.3,"snapDist":0,"label":1}},{"type":"Feature","geometry":{"type":"Point","coordinates":[12.287738,55.571757]},"properties":{"name":"Mosede Parkvej (Mosede Strandvej)","lines":"87","arr":["87"],"terminus":0,"mode":"bus","color":"#0059a9","colorDark":"#00294f","angle":319.9,"snapDist":1,"label":1}},{"type":"Feature","geometry":{"type":"Point","coordinates":[12.284472,55.570186]},"properties":{"name":"Bækmosen (Mosede Strandvej)","lines":"87","arr":["87"],"terminus":0,"mode":"bus","color":"#0059a9","colorDark":"#00294f","angle":319.1,"snapDist":0,"label":1}},{"type":"Feature","geometry":{"type":"Point","coordinates":[12.276066,55.566127]},"properties":{"name":"Kastaniehaven (Mosede Strandvej)","lines":"87","arr":["87"],"terminus":0,"mode":"bus","color":"#0059a9","colorDark":"#00294f","angle":319.9,"snapDist":1,"label":1}},{"type":"Feature","geometry":{"type":"Point","coordinates":[12.270849,55.563836]},"properties":{"name":"Mosede Fort (Karlslunde Strandvej)","lines":"87","arr":["87"],"terminus":0,"mode":"bus","color":"#0059a9","colorDark":"#00294f","angle":322.7,"snapDist":1,"label":1}},{"type":"Feature","geometry":{"type":"Point","coordinates":[12.261275,55.559854]},"properties":{"name":"Granvænget (Karlslunde Strandvej)","lines":"87","arr":["87"],"terminus":0,"mode":"bus","color":"#0059a9","colorDark":"#00294f","angle":331.3,"snapDist":0,"label":1}},{"type":"Feature","geometry":{"type":"Point","coordinates":[12.253406,55.556679]},"properties":{"name":"Strandkirken (Karlslunde Strandvej)","lines":"87","arr":["87"],"terminus":0,"mode":"bus","color":"#0059a9","colorDark":"#00294f","angle":315.1,"snapDist":1,"label":1}},{"type":"Feature","geometry":{"type":"Point","coordinates":[12.25041,55.554924]},"properties":{"name":"Lyngen (Karlslunde Strandvej)","lines":"87","arr":["87"],"terminus":0,"mode":"bus","color":"#0059a9","colorDark":"#00294f","angle":312.3,"snapDist":1,"label":1}},{"type":"Feature","geometry":{"type":"Point","coordinates":[12.244314,55.551135]},"properties":{"name":"Trylleskoven (Karlstrup Strandvej)","lines":"87","arr":["87"],"terminus":0,"mode":"bus","color":"#0059a9","colorDark":"#00294f","angle":314.1,"snapDist":2,"label":1}},{"type":"Feature","geometry":{"type":"Point","coordinates":[12.238584,55.54713]},"properties":{"name":"Trylleskov Allé (Karlstrup Strandvej)","lines":"87","arr":["87"],"terminus":0,"mode":"bus","color":"#0059a9","colorDark":"#00294f","angle":306.5,"snapDist":1,"label":1}},{"type":"Feature","geometry":{"type":"Point","coordinates":[12.232786,55.542255]},"properties":{"name":"Cementvej (Karlstrup Strandvej)","lines":"87","arr":["87"],"terminus":0,"mode":"bus","color":"#0059a9","colorDark":"#00294f","angle":300.3,"snapDist":2,"label":1}},{"type":"Feature","geometry":{"type":"Point","coordinates":[12.22954,55.538982]},"properties":{"name":"Lundehusvænget (Solrød Strandvej)","lines":"87","arr":["87"],"terminus":0,"mode":"bus","color":"#0059a9","colorDark":"#00294f","angle":300,"snapDist":1,"label":1}},{"type":"Feature","geometry":{"type":"Point","coordinates":[12.226411,55.536077]},"properties":{"name":"Østre Strandvej (Solrød Strandvej)","lines":"87","arr":["87"],"terminus":0,"mode":"bus","color":"#0059a9","colorDark":"#00294f","angle":297.9,"snapDist":1,"label":1}},{"type":"Feature","geometry":{"type":"Point","coordinates":[12.218871,55.533464]},"properties":{"name":"Solrød Strand St.","lines":"87","arr":["87"],"terminus":1,"mode":"bus","color":"#0059a9","colorDark":"#00294f","angle":246.3,"snapDist":1,"label":1}},{"type":"Feature","geometry":{"type":"Point","coordinates":[12.227621,55.537101]},"properties":{"name":"Østre Strandvej (Solrød Strandvej)","lines":"87","arr":["87"],"terminus":0,"mode":"bus","color":"#0059a9","colorDark":"#00294f","angle":121.1,"snapDist":0,"label":0}},{"type":"Feature","geometry":{"type":"Point","coordinates":[12.230575,55.539929]},"properties":{"name":"Lundehusvænget (Solrød Strandvej)","lines":"87","arr":["87"],"terminus":0,"mode":"bus","color":"#0059a9","colorDark":"#00294f","angle":118.4,"snapDist":0,"label":0}},{"type":"Feature","geometry":{"type":"Point","coordinates":[12.234188,55.543362]},"properties":{"name":"Cementvej (Karlstrup Strandvej)","lines":"87","arr":["87"],"terminus":0,"mode":"bus","color":"#0059a9","colorDark":"#00294f","angle":123.8,"snapDist":1,"label":0}},{"type":"Feature","geometry":{"type":"Point","coordinates":[12.238587,55.547033]},"properties":{"name":"Trylleskov Allé (Karlstrup Strandvej)","lines":"87","arr":["87"],"terminus":0,"mode":"bus","color":"#0059a9","colorDark":"#00294f","angle":126.1,"snapDist":1,"label":0}},{"type":"Feature","geometry":{"type":"Point","coordinates":[12.24383,55.550728]},"properties":{"name":"Trylleskoven (Karlstrup Strandvej)","lines":"87","arr":["87"],"terminus":0,"mode":"bus","color":"#0059a9","colorDark":"#00294f","angle":131.8,"snapDist":0,"label":0}},{"type":"Feature","geometry":{"type":"Point","coordinates":[12.250527,55.554888]},"properties":{"name":"Lyngen (Karlstrup Strandvej)","lines":"87","arr":["87"],"terminus":0,"mode":"bus","color":"#0059a9","colorDark":"#00294f","angle":132.1,"snapDist":1,"label":1}},{"type":"Feature","geometry":{"type":"Point","coordinates":[12.255408,55.557612]},"properties":{"name":"Strandkirken (Karlstrup Strandvej)","lines":"87","arr":["87"],"terminus":0,"mode":"bus","color":"#0059a9","colorDark":"#00294f","angle":140.9,"snapDist":0,"label":1}},{"type":"Feature","geometry":{"type":"Point","coordinates":[12.263751,55.560576]},"properties":{"name":"Klitvej (Karlslunde Strandvej)","lines":"87","arr":["87"],"terminus":0,"mode":"bus","color":"#0059a9","colorDark":"#00294f","angle":149.7,"snapDist":1,"label":1}},{"type":"Feature","geometry":{"type":"Point","coordinates":[12.271078,55.563836]},"properties":{"name":"Mosede Fort (Karlslunde Strandvej)","lines":"87","arr":["87"],"terminus":0,"mode":"bus","color":"#0059a9","colorDark":"#00294f","angle":143.4,"snapDist":0,"label":0}},{"type":"Feature","geometry":{"type":"Point","coordinates":[12.276528,55.566235]},"properties":{"name":"Kastaniehaven (Mosede Strandvej)","lines":"87","arr":["87"],"terminus":0,"mode":"bus","color":"#0059a9","colorDark":"#00294f","angle":139.2,"snapDist":0,"label":0}},{"type":"Feature","geometry":{"type":"Point","coordinates":[12.285061,55.570376]},"properties":{"name":"Bækmosen (Mosede Strandvej)","lines":"87","arr":["87"],"terminus":0,"mode":"bus","color":"#0059a9","colorDark":"#00294f","angle":139.2,"snapDist":0,"label":0}},{"type":"Feature","geometry":{"type":"Point","coordinates":[12.289502,55.572518]},"properties":{"name":"Mosede Parkvej (Mosede Strandvej)","lines":"87","arr":["87"],"terminus":0,"mode":"bus","color":"#0059a9","colorDark":"#00294f","angle":139.7,"snapDist":0,"label":0}},{"type":"Feature","geometry":{"type":"Point","coordinates":[12.298237,55.5771]},"properties":{"name":"Blåhusvej (Greve Strandvej)","lines":"87","arr":["87"],"terminus":0,"mode":"bus","color":"#0059a9","colorDark":"#00294f","angle":136,"snapDist":1,"label":0}},{"type":"Feature","geometry":{"type":"Point","coordinates":[12.303262,55.579954]},"properties":{"name":"Greve Strandvej (Greve Centervej)","lines":"87","arr":["87"],"terminus":0,"mode":"bus","color":"#0059a9","colorDark":"#00294f","angle":48.7,"snapDist":4,"label":1}},{"type":"Feature","geometry":{"type":"Point","coordinates":[12.298137,55.582713]},"properties":{"name":"Greve St.,Greve Centervej (Greve Centervej)","lines":"87","arr":["87"],"terminus":0,"mode":"bus","color":"#0059a9","colorDark":"#00294f","angle":39.9,"snapDist":0,"label":0}},{"type":"Feature","geometry":{"type":"Point","coordinates":[12.297319,55.585723]},"properties":{"name":"Søagerparken (Lillevangsvej)","lines":"87","arr":["87"],"terminus":0,"mode":"bus","color":"#0059a9","colorDark":"#00294f","angle":122.9,"snapDist":1,"label":0}},{"type":"Feature","geometry":{"type":"Point","coordinates":[12.3005,55.588824]},"properties":{"name":"Greve Borgerhus (Lillevangsvej)","lines":"87","arr":["87"],"terminus":0,"mode":"bus","color":"#0059a9","colorDark":"#00294f","angle":118,"snapDist":1,"label":0}},{"type":"Feature","geometry":{"type":"Point","coordinates":[12.304563,55.594361]},"properties":{"name":"Greve Hallerne (Lillevangsvej)","lines":"87","arr":["87"],"terminus":0,"mode":"bus","color":"#0059a9","colorDark":"#00294f","angle":103.3,"snapDist":1,"label":0}},{"type":"Feature","geometry":{"type":"Point","coordinates":[12.309388,55.596049]},"properties":{"name":"Krogager (Eriksmindevej)","lines":"87","arr":["87"],"terminus":0,"mode":"bus","color":"#0059a9","colorDark":"#00294f","angle":210.4,"snapDist":2,"label":0}},{"type":"Feature","geometry":{"type":"Point","coordinates":[12.318175,55.594067]},"properties":{"name":"Hundige Kirke (Eriksmindevej)","lines":"87","arr":["87"],"terminus":0,"mode":"bus","color":"#0059a9","colorDark":"#00294f","angle":192.7,"snapDist":0,"label":0}},{"type":"Feature","geometry":{"type":"Point","coordinates":[12.322318,55.594404]},"properties":{"name":"Gersagerparken (Godsvej)","lines":"87","arr":["87"],"terminus":0,"mode":"bus","color":"#0059a9","colorDark":"#00294f","angle":77.7,"snapDist":0,"label":0}},{"type":"Feature","geometry":{"type":"Point","coordinates":[12.325102,55.602923]},"properties":{"name":"Engrøjel (Godsvej)","lines":"87","arr":["87"],"terminus":0,"mode":"bus","color":"#0059a9","colorDark":"#00294f","angle":103.2,"snapDist":1,"label":0}},{"type":"Feature","geometry":{"type":"Point","coordinates":[12.326554,55.605913]},"properties":{"name":"Hundige Bygade (Godsvej)","lines":"87","arr":["87"],"terminus":0,"mode":"bus","color":"#0059a9","colorDark":"#00294f","angle":112.3,"snapDist":1,"label":0}},{"type":"Feature","geometry":{"type":"Point","coordinates":[12.33398,55.611038]},"properties":{"name":"Baldersbækstien (Ishøj Parkvej)","lines":"87","arr":["87"],"terminus":0,"mode":"bus","color":"#0059a9","colorDark":"#00294f","angle":138.1,"snapDist":0,"label":0}},{"type":"Feature","geometry":{"type":"Point","coordinates":[12.338156,55.609626]},"properties":{"name":"Lundestien (Ishøj Søvej)","lines":"87","arr":["87"],"terminus":0,"mode":"bus","color":"#0059a9","colorDark":"#00294f","angle":219.5,"snapDist":1,"label":0}},{"type":"Feature","geometry":{"type":"Point","coordinates":[12.342384,55.609447]},"properties":{"name":"Granlunden (Ishøj Boulevard)","lines":"87","arr":["87"],"terminus":0,"mode":"bus","color":"#0059a9","colorDark":"#00294f","angle":134.5,"snapDist":0,"label":0}},{"type":"Feature","geometry":{"type":"Point","coordinates":[12.346526,55.612069]},"properties":{"name":"Fyrrelunden (Ishøj Boulevard)","lines":"87","arr":["87"],"terminus":0,"mode":"bus","color":"#0059a9","colorDark":"#00294f","angle":127.5,"snapDist":0,"label":0}},{"type":"Feature","geometry":{"type":"Point","coordinates":[12.369942,55.614135]},"properties":{"name":"Strandparkstien (Ishøj Strandvej)","lines":"87","arr":["87"],"terminus":0,"mode":"bus","color":"#0059a9","colorDark":"#00294f","angle":146.3,"snapDist":0,"label":0}},{"type":"Feature","geometry":{"type":"Point","coordinates":[12.384605,55.623715]},"properties":{"name":"Vejlegårdsparken (Søndre Ringvej)","lines":"87","arr":["87"],"terminus":0,"mode":"bus","color":"#0059a9","colorDark":"#00294f","angle":130.4,"snapDist":3,"label":0}},{"type":"Feature","geometry":{"type":"Point","coordinates":[12.389036,55.625003]},"properties":{"name":"Rønnebækhus (Vallensbæk Torvevej)","lines":"87, 143, 144","arr":["87","143","144"],"terminus":0,"mode":"bus","color":"#0059a9","colorDark":"#00294f","angle":252.1,"snapDist":1,"label":0}},{"type":"Feature","geometry":{"type":"Point","coordinates":[12.39426,55.623394]},"properties":{"name":"Nøddebo Allé (Strandesplanaden)","lines":"87, 130","arr":["87","130"],"terminus":0,"mode":"bus","color":"#0059a9","colorDark":"#00294f","angle":137.1,"snapDist":9,"label":0}},{"type":"Feature","geometry":{"type":"Point","coordinates":[12.401034,55.624421]},"properties":{"name":"Dyringparken (Strandesplanaden)","lines":"87, 130, 135","arr":["87","130","135"],"terminus":0,"mode":"bus","color":"#0059a9","colorDark":"#00294f","angle":187.7,"snapDist":0,"label":0}},{"type":"Feature","geometry":{"type":"Point","coordinates":[12.407338,55.623993]},"properties":{"name":"Hallingparken (Strandesplanaden)","lines":"87, 130, 135","arr":["87","130","135"],"terminus":0,"mode":"bus","color":"#0059a9","colorDark":"#00294f","angle":187.1,"snapDist":1,"label":0}},{"type":"Feature","geometry":{"type":"Point","coordinates":[12.41261,55.623612]},"properties":{"name":"Gurrelund (Strandesplanaden)","lines":"87, 130, 135","arr":["87","130","135"],"terminus":0,"mode":"bus","color":"#0059a9","colorDark":"#00294f","angle":187.2,"snapDist":1,"label":1}},{"type":"Feature","geometry":{"type":"Point","coordinates":[12.417528,55.624047]},"properties":{"name":"Æblehaven (Strandesplanaden)","lines":"87, 130, 135","arr":["87","130","135"],"terminus":0,"mode":"bus","color":"#0059a9","colorDark":"#00294f","angle":6.7,"snapDist":0,"label":1}},{"type":"Feature","geometry":{"type":"Point","coordinates":[12.422978,55.623673]},"properties":{"name":"Tranumparken (Strandesplanaden)","lines":"87, 130, 135","arr":["87","130","135"],"terminus":0,"mode":"bus","color":"#0059a9","colorDark":"#00294f","angle":186.7,"snapDist":0,"label":0}},{"type":"Feature","geometry":{"type":"Point","coordinates":[12.423816,55.620949]},"properties":{"name":"Brøndby Strand St. (Borgm K Rasmussens Blvd)","lines":"87, 500S","arr":["87","500S"],"terminus":0,"mode":"bus","color":"#0059a9","colorDark":"#00294f","angle":284.1,"snapDist":0,"label":0}},{"type":"Feature","geometry":{"type":"Point","coordinates":[12.423375,55.617969]},"properties":{"name":"Brøndbyvester Boulevard (Gammel Køge Landevej)","lines":"87","arr":["87"],"terminus":0,"mode":"bus","color":"#0059a9","colorDark":"#00294f","angle":172.4,"snapDist":2,"label":0}},{"type":"Feature","geometry":{"type":"Point","coordinates":[12.431025,55.617684]},"properties":{"name":"Fyrmestervej (Gammel Køge Landevej)","lines":"87, 500S","arr":["87","500S"],"terminus":0,"mode":"bus","color":"#0059a9","colorDark":"#00294f","angle":191.6,"snapDist":4,"label":0}},{"type":"Feature","geometry":{"type":"Point","coordinates":[12.435825,55.617259]},"properties":{"name":"Lagesminde Allé (Gammel Køge Landevej)","lines":"87","arr":["87"],"terminus":0,"mode":"bus","color":"#0059a9","colorDark":"#00294f","angle":186,"snapDist":3,"label":0}},{"type":"Feature","geometry":{"type":"Point","coordinates":[12.443356,55.617306]},"properties":{"name":"Stamholmen (Gammel Køge Landevej)","lines":"87","arr":["87"],"terminus":0,"mode":"bus","color":"#0059a9","colorDark":"#00294f","angle":170,"snapDist":2,"label":0}},{"type":"Feature","geometry":{"type":"Point","coordinates":[12.452452,55.618649]},"properties":{"name":"Vestre Strandvej (Gammel Køge Landevej)","lines":"87","arr":["87"],"terminus":0,"mode":"bus","color":"#0059a9","colorDark":"#00294f","angle":162.3,"snapDist":1,"label":0}},{"type":"Feature","geometry":{"type":"Point","coordinates":[12.45969,55.620479]},"properties":{"name":"Byvej (Gammel Køge Landevej)","lines":"87","arr":["87"],"terminus":0,"mode":"bus","color":"#0059a9","colorDark":"#00294f","angle":151.2,"snapDist":0,"label":0}},{"type":"Feature","geometry":{"type":"Point","coordinates":[12.466355,55.622814]},"properties":{"name":"Tårnfalkevej (Gammel Køge Landevej)","lines":"87, 133","arr":["87","133"],"terminus":0,"mode":"bus","color":"#0059a9","colorDark":"#00294f","angle":147.9,"snapDist":1,"label":0}},{"type":"Feature","geometry":{"type":"Point","coordinates":[12.47375,55.625234]},"properties":{"name":"Avedøre Havnevej (Gammel Køge Landevej)","lines":"87, 137, 139, 200S","arr":["87","137","139","200S"],"terminus":0,"mode":"bus","color":"#0059a9","colorDark":"#00294f","angle":153.4,"snapDist":1,"label":0}},{"type":"Feature","geometry":{"type":"Point","coordinates":[12.482894,55.62886]},"properties":{"name":"Friheden St.","lines":"87, 132","arr":["87","132"],"terminus":1,"mode":"bus","color":"#0059a9","colorDark":"#00294f","angle":164.8,"snapDist":1,"label":0}},{"type":"Feature","geometry":{"type":"Point","coordinates":[12.388707,55.623078]},"properties":{"name":"Vallensbæk St.","lines":"130","arr":["130"],"terminus":1,"mode":"bus","color":"#0059a9","colorDark":"#00294f","angle":11.2,"snapDist":4,"label":1}},{"type":"Feature","geometry":{"type":"Point","coordinates":[12.425191,55.625324]},"properties":{"name":"Albjergparken (Borgm K Rasmussens Blvd)","lines":"130, 135, 500S","arr":["130","135","500S"],"terminus":0,"mode":"bus","color":"#0059a9","colorDark":"#00294f","angle":96.1,"snapDist":0,"label":1}},{"type":"Feature","geometry":{"type":"Point","coordinates":[12.423315,55.63222]},"properties":{"name":"Lillegården (Borgm K Rasmussens Blvd)","lines":"130, 135","arr":["130","135"],"terminus":0,"mode":"bus","color":"#0059a9","colorDark":"#00294f","angle":65.9,"snapDist":0,"label":1}},{"type":"Feature","geometry":{"type":"Point","coordinates":[12.417413,55.640345]},"properties":{"name":"Sydgårdsvej (Borgm K Rasmussens Blvd)","lines":"130, 135","arr":["130","135"],"terminus":0,"mode":"bus","color":"#0059a9","colorDark":"#00294f","angle":75.9,"snapDist":1,"label":1}},{"type":"Feature","geometry":{"type":"Point","coordinates":[12.414978,55.646604]},"properties":{"name":"Brøndby Hallen (Borgm K Rasmussens Blvd)","lines":"130, 135, 500S","arr":["130","135","500S"],"terminus":0,"mode":"bus","color":"#0059a9","colorDark":"#00294f","angle":82.7,"snapDist":0,"label":1}},{"type":"Feature","geometry":{"type":"Point","coordinates":[12.438753,55.666777]},"properties":{"name":"Nygårds Plads, Vest (Nygårds Plads)","lines":"130","arr":["130"],"terminus":0,"mode":"bus","color":"#0059a9","colorDark":"#00294f","angle":181.5,"snapDist":1,"label":1}},{"type":"Feature","geometry":{"type":"Point","coordinates":[12.440052,55.665423]},"properties":{"name":"Brøndbyøster St., Nygårds Plads (Nygårds Plads)","lines":"130","arr":["130"],"terminus":0,"mode":"bus","color":"#0059a9","colorDark":"#00294f","angle":181.2,"snapDist":3,"label":1}},{"type":"Feature","geometry":{"type":"Point","coordinates":[12.440184,55.66702]},"properties":{"name":"Nygårds Plads, øst (Nygårds Plads)","lines":"130","arr":["130"],"terminus":0,"mode":"bus","color":"#0059a9","colorDark":"#00294f","angle":91.6,"snapDist":1,"label":1}},{"type":"Feature","geometry":{"type":"Point","coordinates":[12.437118,55.669367]},"properties":{"name":"Korsdalsvej (Roskildevej)","lines":"130","arr":["130"],"terminus":0,"mode":"bus","color":"#0059a9","colorDark":"#00294f","angle":168.8,"snapDist":0,"label":0}},{"type":"Feature","geometry":{"type":"Point","coordinates":[12.445892,55.670168]},"properties":{"name":"Vestbadet (Roskildevej)","lines":"130","arr":["130"],"terminus":0,"mode":"bus","color":"#0059a9","colorDark":"#00294f","angle":170.9,"snapDist":0,"label":1}},{"type":"Feature","geometry":{"type":"Point","coordinates":[12.451695,55.670686]},"properties":{"name":"Brandholms Allé (Roskildevej)","lines":"130","arr":["130"],"terminus":0,"mode":"bus","color":"#0059a9","colorDark":"#00294f","angle":171.1,"snapDist":1,"label":1}},{"type":"Feature","geometry":{"type":"Point","coordinates":[12.44856,55.691763]},"properties":{"name":"Tårnvej (Jyllingevej)","lines":"130, 142","arr":["130","142"],"terminus":0,"mode":"bus","color":"#0059a9","colorDark":"#00294f","angle":354.7,"snapDist":1,"label":1}},{"type":"Feature","geometry":{"type":"Point","coordinates":[12.439813,55.691702]},"properties":{"name":"HF Dano (Jyllingevej)","lines":"130, 142","arr":["130","142"],"terminus":0,"mode":"bus","color":"#0059a9","colorDark":"#00294f","angle":3.2,"snapDist":2,"label":1}},{"type":"Feature","geometry":{"type":"Point","coordinates":[12.432848,55.693156]},"properties":{"name":"Jyllingevej (Islevdalvej)","lines":"130, 142","arr":["130","142"],"terminus":0,"mode":"bus","color":"#0059a9","colorDark":"#00294f","angle":86.8,"snapDist":0,"label":1}},{"type":"Feature","geometry":{"type":"Point","coordinates":[12.433381,55.695514]},"properties":{"name":"Islevdalvej (Hvidsværmervej)","lines":"130","arr":["130"],"terminus":0,"mode":"bus","color":"#0059a9","colorDark":"#00294f","angle":177.3,"snapDist":1,"label":1}},{"type":"Feature","geometry":{"type":"Point","coordinates":[12.43724,55.696756]},"properties":{"name":"Hobrovej (Bjerringbrovej)","lines":"130","arr":["130"],"terminus":0,"mode":"bus","color":"#0059a9","colorDark":"#00294f","angle":88.3,"snapDist":0,"label":1}},{"type":"Feature","geometry":{"type":"Point","coordinates":[12.437087,55.698648]},"properties":{"name":"Rådmand Billes Vej (Bjerringbrovej)","lines":"130","arr":["130"],"terminus":0,"mode":"bus","color":"#0059a9","colorDark":"#00294f","angle":86.6,"snapDist":0,"label":1}},{"type":"Feature","geometry":{"type":"Point","coordinates":[12.436893,55.700488]},"properties":{"name":"Krondalvej (Bjerringbrovej)","lines":"130","arr":["130"],"terminus":0,"mode":"bus","color":"#0059a9","colorDark":"#00294f","angle":86.8,"snapDist":0,"label":1}},{"type":"Feature","geometry":{"type":"Point","coordinates":[12.428509,55.705738]},"properties":{"name":"Rødovre Nord St. (Slotsherrensvej)","lines":"130, 300S","arr":["130","300S"],"terminus":1,"mode":"bus","color":"#0059a9","colorDark":"#00294f","angle":215.2,"snapDist":3,"label":0}},{"type":"Feature","geometry":{"type":"Point","coordinates":[12.436628,55.703552]},"properties":{"name":"Islevgård Allé (Bjerringbrovej)","lines":"130","arr":["130"],"terminus":0,"mode":"bus","color":"#0059a9","colorDark":"#00294f","angle":267,"snapDist":1,"label":1}},{"type":"Feature","geometry":{"type":"Point","coordinates":[12.436971,55.699739]},"properties":{"name":"Krondalvej (Bjerringbrovej)","lines":"130","arr":["130"],"terminus":0,"mode":"bus","color":"#0059a9","colorDark":"#00294f","angle":266.6,"snapDist":0,"label":0}},{"type":"Feature","geometry":{"type":"Point","coordinates":[12.437173,55.697855]},"properties":{"name":"Rådmand Billes Vej (Bjerringbrovej)","lines":"130","arr":["130"],"terminus":0,"mode":"bus","color":"#0059a9","colorDark":"#00294f","angle":267.9,"snapDist":0,"label":0}},{"type":"Feature","geometry":{"type":"Point","coordinates":[12.437284,55.695954]},"properties":{"name":"Hobrovej (Bjerringbrovej)","lines":"130","arr":["130"],"terminus":0,"mode":"bus","color":"#0059a9","colorDark":"#00294f","angle":268.3,"snapDist":0,"label":0}},{"type":"Feature","geometry":{"type":"Point","coordinates":[12.433159,55.695508]},"properties":{"name":"Islevdalvej (Hvidsværmervej)","lines":"130","arr":["130"],"terminus":0,"mode":"bus","color":"#0059a9","colorDark":"#00294f","angle":357.3,"snapDist":1,"label":0}},{"type":"Feature","geometry":{"type":"Point","coordinates":[12.433611,55.691763]},"properties":{"name":"Islevdalvej (Jyllingevej)","lines":"130, 142","arr":["130","142"],"terminus":0,"mode":"bus","color":"#0059a9","colorDark":"#00294f","angle":183.4,"snapDist":1,"label":1}},{"type":"Feature","geometry":{"type":"Point","coordinates":[12.441107,55.691569]},"properties":{"name":"HF Dano (Jyllingevej)","lines":"130, 142","arr":["130","142"],"terminus":0,"mode":"bus","color":"#0059a9","colorDark":"#00294f","angle":182.5,"snapDist":0,"label":0}},{"type":"Feature","geometry":{"type":"Point","coordinates":[12.454751,55.671056]},"properties":{"name":"Tårnvej (Roskildevej)","lines":"130","arr":["130"],"terminus":0,"mode":"bus","color":"#0059a9","colorDark":"#00294f","angle":350.7,"snapDist":0,"label":1}},{"type":"Feature","geometry":{"type":"Point","coordinates":[12.450179,55.67065]},"properties":{"name":"Brandholms Allé (Roskildevej)","lines":"130","arr":["130"],"terminus":0,"mode":"bus","color":"#0059a9","colorDark":"#00294f","angle":351.1,"snapDist":1,"label":0}},{"type":"Feature","geometry":{"type":"Point","coordinates":[12.444923,55.670191]},"properties":{"name":"Vestbadet (Roskildevej)","lines":"130","arr":["130"],"terminus":0,"mode":"bus","color":"#0059a9","colorDark":"#00294f","angle":350,"snapDist":0,"label":0}},{"type":"Feature","geometry":{"type":"Point","coordinates":[12.439025,55.667583]},"properties":{"name":"Nygårds Plads, vest (Nygårds Plads)","lines":"130","arr":["130"],"terminus":0,"mode":"bus","color":"#0059a9","colorDark":"#00294f","angle":271.2,"snapDist":1,"label":1}},{"type":"Feature","geometry":{"type":"Point","coordinates":[12.417249,55.652132]},"properties":{"name":"Gildhøj Centret (Brøndbyvester Boulevard)","lines":"130, 135, 500S","arr":["130","135","500S"],"terminus":0,"mode":"bus","color":"#0059a9","colorDark":"#00294f","angle":280.6,"snapDist":0,"label":1}},{"type":"Feature","geometry":{"type":"Point","coordinates":[12.414822,55.646429]},"properties":{"name":"Brøndby Hallen (Borgm K Rasmussens Blvd)","lines":"130, 135, 500S","arr":["130","135","500S"],"terminus":0,"mode":"bus","color":"#0059a9","colorDark":"#00294f","angle":259.7,"snapDist":0,"label":0}},{"type":"Feature","geometry":{"type":"Point","coordinates":[12.417646,55.639585]},"properties":{"name":"Sydgårdsvej (Borgm K Rasmussens Blvd)","lines":"130, 135","arr":["130","135"],"terminus":0,"mode":"bus","color":"#0059a9","colorDark":"#00294f","angle":246.2,"snapDist":1,"label":0}},{"type":"Feature","geometry":{"type":"Point","coordinates":[12.424057,55.631246]},"properties":{"name":"Lillegården (Borgm K Rasmussens Blvd)","lines":"130, 135","arr":["130","135"],"terminus":0,"mode":"bus","color":"#0059a9","colorDark":"#00294f","angle":249.4,"snapDist":0,"label":0}},{"type":"Feature","geometry":{"type":"Point","coordinates":[12.425002,55.625257]},"properties":{"name":"Albjergparken (Borgm K Rasmussens Blvd)","lines":"130, 135, 500S","arr":["130","135","500S"],"terminus":0,"mode":"bus","color":"#0059a9","colorDark":"#00294f","angle":275.9,"snapDist":0,"label":0}},{"type":"Feature","geometry":{"type":"Point","coordinates":[12.49016,55.720776]},"properties":{"name":"Tingbjerg, Gavlhusvej (Terrasserne)","lines":"131","arr":["131"],"terminus":1,"mode":"bus","color":"#0059a9","colorDark":"#00294f","angle":334.9,"snapDist":11,"label":0}},{"type":"Feature","geometry":{"type":"Point","coordinates":[12.485392,55.722452]},"properties":{"name":"Fuglegavl (Gavlhusvej)","lines":"131","arr":["131"],"terminus":0,"mode":"bus","color":"#0059a9","colorDark":"#00294f","angle":14.6,"snapDist":1,"label":1}},{"type":"Feature","geometry":{"type":"Point","coordinates":[12.481458,55.721786]},"properties":{"name":"Arkaderne (Langhusvej)","lines":"131","arr":["131"],"terminus":0,"mode":"bus","color":"#0059a9","colorDark":"#00294f","angle":298.5,"snapDist":1,"label":1}},{"type":"Feature","geometry":{"type":"Point","coordinates":[12.480072,55.718754]},"properties":{"name":"Tingbjerg Kirke (Ruten)","lines":"131","arr":["131"],"terminus":0,"mode":"bus","color":"#0059a9","colorDark":"#00294f","angle":203.5,"snapDist":0,"label":1}},{"type":"Feature","geometry":{"type":"Point","coordinates":[12.48558,55.717417]},"properties":{"name":"Tingbjerg Skole (Ruten)","lines":"131","arr":["131"],"terminus":0,"mode":"bus","color":"#0059a9","colorDark":"#00294f","angle":203.4,"snapDist":1,"label":1}},{"type":"Feature","geometry":{"type":"Point","coordinates":[12.481915,55.711316]},"properties":{"name":"Kobbelvænget (Gadelandet)","lines":"131","arr":["131"],"terminus":0,"mode":"bus","color":"#0059a9","colorDark":"#00294f","angle":31.4,"snapDist":0,"label":1}},{"type":"Feature","geometry":{"type":"Point","coordinates":[12.471873,55.711604]},"properties":{"name":"Husum Torv (Islevhusvej)","lines":"131, 166, 200S","arr":["131","166","200S"],"terminus":0,"mode":"bus","color":"#0059a9","colorDark":"#00294f","angle":335.1,"snapDist":0,"label":1}},{"type":"Feature","geometry":{"type":"Point","coordinates":[12.46378,55.709272]},"properties":{"name":"Husum St. (Islevhusvej)","lines":"131, 166, 200S","arr":["131","166","200S"],"terminus":0,"mode":"bus","color":"#0059a9","colorDark":"#00294f","angle":332.6,"snapDist":0,"label":1}},{"type":"Feature","geometry":{"type":"Point","coordinates":[12.45776,55.707391]},"properties":{"name":"Islevholm (Islevhusvej)","lines":"131, 166","arr":["131","166"],"terminus":0,"mode":"bus","color":"#0059a9","colorDark":"#00294f","angle":328.6,"snapDist":1,"label":1}},{"type":"Feature","geometry":{"type":"Point","coordinates":[12.453749,55.705247]},"properties":{"name":"Islevbrovej (Tårnvej)","lines":"131, 166, 848","arr":["131","166","848"],"terminus":0,"mode":"bus","color":"#0059a9","colorDark":"#00294f","angle":273.2,"snapDist":1,"label":1}},{"type":"Feature","geometry":{"type":"Point","coordinates":[12.45516,55.700915]},"properties":{"name":"Slotsherrensvej (Rødovrevej)","lines":"131, 848","arr":["131","848"],"terminus":0,"mode":"bus","color":"#0059a9","colorDark":"#00294f","angle":242.3,"snapDist":1,"label":1}},{"type":"Feature","geometry":{"type":"Point","coordinates":[12.456994,55.698856]},"properties":{"name":"Horsevænget (Rødovrevej)","lines":"131, 848","arr":["131","848"],"terminus":0,"mode":"bus","color":"#0059a9","colorDark":"#00294f","angle":243.7,"snapDist":1,"label":1}},{"type":"Feature","geometry":{"type":"Point","coordinates":[12.460006,55.695445]},"properties":{"name":"Fortvej (Rødovrevej)","lines":"131","arr":["131"],"terminus":0,"mode":"bus","color":"#0059a9","colorDark":"#00294f","angle":243.6,"snapDist":1,"label":1}},{"type":"Feature","geometry":{"type":"Point","coordinates":[12.461727,55.691992]},"properties":{"name":"Rødovrevej (Jyllingevej)","lines":"131, 142","arr":["131","142"],"terminus":0,"mode":"bus","color":"#0059a9","colorDark":"#00294f","angle":5.3,"snapDist":1,"label":0}},{"type":"Feature","geometry":{"type":"Point","coordinates":[12.456922,55.692035]},"properties":{"name":"Højrisvej (Jyllingevej)","lines":"131, 142","arr":["131","142"],"terminus":0,"mode":"bus","color":"#0059a9","colorDark":"#00294f","angle":355.8,"snapDist":0,"label":1}},{"type":"Feature","geometry":{"type":"Point","coordinates":[12.454472,55.670398]},"properties":{"name":"Lillekær (Nørrekær)","lines":"131","arr":["131"],"terminus":0,"mode":"bus","color":"#0059a9","colorDark":"#00294f","angle":356.1,"snapDist":0,"label":1}},{"type":"Feature","geometry":{"type":"Point","coordinates":[12.450121,55.66893]},"properties":{"name":"Milestedet (Agerkær)","lines":"131","arr":["131"],"terminus":0,"mode":"bus","color":"#0059a9","colorDark":"#00294f","angle":235.7,"snapDist":1,"label":1}},{"type":"Feature","geometry":{"type":"Point","coordinates":[12.454256,55.666909]},"properties":{"name":"Maglekær (Agerkær)","lines":"131","arr":["131"],"terminus":0,"mode":"bus","color":"#0059a9","colorDark":"#00294f","angle":230.9,"snapDist":1,"label":1}},{"type":"Feature","geometry":{"type":"Point","coordinates":[12.459548,55.665186]},"properties":{"name":"Rødovre St.","lines":"131, 848","arr":["131","848"],"terminus":1,"mode":"bus","color":"#0059a9","colorDark":"#00294f","angle":183,"snapDist":3,"label":0}},{"type":"Feature","geometry":{"type":"Point","coordinates":[12.453504,55.66729]},"properties":{"name":"Maglekær (Agerkær)","lines":"131, 848","arr":["131","848"],"terminus":0,"mode":"bus","color":"#0059a9","colorDark":"#00294f","angle":34.1,"snapDist":1,"label":0}},{"type":"Feature","geometry":{"type":"Point","coordinates":[12.450335,55.669559]},"properties":{"name":"Milestedet (Nørrekær)","lines":"131, 848","arr":["131","848"],"terminus":0,"mode":"bus","color":"#0059a9","colorDark":"#00294f","angle":147.9,"snapDist":1,"label":1}},{"type":"Feature","geometry":{"type":"Point","coordinates":[12.454245,55.670381]},"properties":{"name":"Lillekær (Nørrekær)","lines":"131, 848","arr":["131","848"],"terminus":0,"mode":"bus","color":"#0059a9","colorDark":"#00294f","angle":171.5,"snapDist":1,"label":0}},{"type":"Feature","geometry":{"type":"Point","coordinates":[12.450159,55.691703]},"properties":{"name":"Tårnvej (Jyllingevej)","lines":"131, 142","arr":["131","142"],"terminus":0,"mode":"bus","color":"#0059a9","colorDark":"#00294f","angle":175.8,"snapDist":0,"label":0}},{"type":"Feature","geometry":{"type":"Point","coordinates":[12.457125,55.691967]},"properties":{"name":"Højrisvej (Jyllingevej)","lines":"131, 142","arr":["131","142"],"terminus":0,"mode":"bus","color":"#0059a9","colorDark":"#00294f","angle":175.3,"snapDist":0,"label":0}},{"type":"Feature","geometry":{"type":"Point","coordinates":[12.462143,55.692425]},"properties":{"name":"Jyllingevej (Rødovrevej)","lines":"131","arr":["131"],"terminus":0,"mode":"bus","color":"#0059a9","colorDark":"#00294f","angle":74.2,"snapDist":1,"label":0}},{"type":"Feature","geometry":{"type":"Point","coordinates":[12.458458,55.697161]},"properties":{"name":"Fortvej (Rødovrevej)","lines":"131, 848","arr":["131","848"],"terminus":0,"mode":"bus","color":"#0059a9","colorDark":"#00294f","angle":64.1,"snapDist":1,"label":0}},{"type":"Feature","geometry":{"type":"Point","coordinates":[12.456381,55.699573]},"properties":{"name":"Horsevænget (Rødovrevej)","lines":"131, 848","arr":["131","848"],"terminus":0,"mode":"bus","color":"#0059a9","colorDark":"#00294f","angle":64.7,"snapDist":2,"label":0}},{"type":"Feature","geometry":{"type":"Point","coordinates":[12.454154,55.705937]},"properties":{"name":"Islevbrovej (Tårnvej)","lines":"131, 166","arr":["131","166"],"terminus":0,"mode":"bus","color":"#0059a9","colorDark":"#00294f","angle":119.8,"snapDist":2,"label":0}},{"type":"Feature","geometry":{"type":"Point","coordinates":[12.457771,55.707395]},"properties":{"name":"Islevholm (Islevhusvej)","lines":"131, 166","arr":["131","166"],"terminus":0,"mode":"bus","color":"#0059a9","colorDark":"#00294f","angle":148.6,"snapDist":2,"label":0}},{"type":"Feature","geometry":{"type":"Point","coordinates":[12.464219,55.709397]},"properties":{"name":"Husum St. (Islevhusvej)","lines":"131, 166, 200S","arr":["131","166","200S"],"terminus":0,"mode":"bus","color":"#0059a9","colorDark":"#00294f","angle":153.8,"snapDist":0,"label":0}},{"type":"Feature","geometry":{"type":"Point","coordinates":[12.477663,55.71269]},"properties":{"name":"Bystævnet (Gadelandet)","lines":"131","arr":["131"],"terminus":0,"mode":"bus","color":"#0059a9","colorDark":"#00294f","angle":205.2,"snapDist":1,"label":1}},{"type":"Feature","geometry":{"type":"Point","coordinates":[12.482024,55.711278]},"properties":{"name":"Kobbelvænget (Gadelandet)","lines":"131","arr":["131"],"terminus":0,"mode":"bus","color":"#0059a9","colorDark":"#00294f","angle":211.4,"snapDist":1,"label":0}},{"type":"Feature","geometry":{"type":"Point","coordinates":[12.482263,55.625245]},"properties":{"name":"Frihedens Butikscenter (Hvidovrevej)","lines":"132","arr":["132"],"terminus":0,"mode":"bus","color":"#0059a9","colorDark":"#00294f","angle":274.1,"snapDist":1,"label":1}},{"type":"Feature","geometry":{"type":"Point","coordinates":[12.477953,55.622767]},"properties":{"name":"Strandbyparken (Hvidovre Enghavevej)","lines":"132","arr":["132"],"terminus":0,"mode":"bus","color":"#0059a9","colorDark":"#00294f","angle":353.5,"snapDist":2,"label":1}},{"type":"Feature","geometry":{"type":"Point","coordinates":[12.484328,55.623161]},"properties":{"name":"Langhøj (Hvidovre Enghavevej)","lines":"132","arr":["132"],"terminus":0,"mode":"bus","color":"#0059a9","colorDark":"#00294f","angle":174.3,"snapDist":2,"label":1}},{"type":"Feature","geometry":{"type":"Point","coordinates":[12.485889,55.62596]},"properties":{"name":"Koralvej (Strandmarksvej)","lines":"132","arr":["132"],"terminus":0,"mode":"bus","color":"#0059a9","colorDark":"#00294f","angle":90.6,"snapDist":0,"label":1}},{"type":"Feature","geometry":{"type":"Point","coordinates":[12.486191,55.628181]},"properties":{"name":"Kalkager (Strandmarksvej)","lines":"132","arr":["132"],"terminus":0,"mode":"bus","color":"#0059a9","colorDark":"#00294f","angle":100.3,"snapDist":0,"label":1}},{"type":"Feature","geometry":{"type":"Point","coordinates":[12.481007,55.631484]},"properties":{"name":"Paris Boulevard (Hvidovrevej)","lines":"132","arr":["132"],"terminus":0,"mode":"bus","color":"#0059a9","colorDark":"#00294f","angle":81.2,"snapDist":0,"label":1}},{"type":"Feature","geometry":{"type":"Point","coordinates":[12.480481,55.633685]},"properties":{"name":"Catherine Booths Vej (Hvidovrevej)","lines":"132","arr":["132"],"terminus":0,"mode":"bus","color":"#0059a9","colorDark":"#00294f","angle":82.3,"snapDist":1,"label":1}},{"type":"Feature","geometry":{"type":"Point","coordinates":[12.479751,55.636943]},"properties":{"name":"Brostykkevej (Hvidovrevej)","lines":"132, 200S","arr":["132","200S"],"terminus":0,"mode":"bus","color":"#0059a9","colorDark":"#00294f","angle":83.2,"snapDist":1,"label":1}},{"type":"Feature","geometry":{"type":"Point","coordinates":[12.479064,55.639953]},"properties":{"name":"Strøbyvej (Hvidovrevej)","lines":"132","arr":["132"],"terminus":0,"mode":"bus","color":"#0059a9","colorDark":"#00294f","angle":82.6,"snapDist":1,"label":1}},{"type":"Feature","geometry":{"type":"Point","coordinates":[12.478463,55.642589]},"properties":{"name":"Hvidovre Rådhus (Hvidovrevej)","lines":"132, 200S","arr":["132","200S"],"terminus":0,"mode":"bus","color":"#0059a9","colorDark":"#00294f","angle":82.8,"snapDist":0,"label":1}},{"type":"Feature","geometry":{"type":"Point","coordinates":[12.478217,55.645149]},"properties":{"name":"Høvedstensvej (Hvidovrevej)","lines":"132, 133","arr":["132","133"],"terminus":0,"mode":"bus","color":"#0059a9","colorDark":"#00294f","angle":88.6,"snapDist":1,"label":1}},{"type":"Feature","geometry":{"type":"Point","coordinates":[12.478181,55.647839]},"properties":{"name":"Arnold Nielsens Boulevard (Hvidovrevej)","lines":"132, 133","arr":["132","133"],"terminus":0,"mode":"bus","color":"#0059a9","colorDark":"#00294f","angle":77.5,"snapDist":0,"label":1}},{"type":"Feature","geometry":{"type":"Point","coordinates":[12.46349,55.672379]},"properties":{"name":"Ørbygård (Rødovrevej)","lines":"132","arr":["132"],"terminus":0,"mode":"bus","color":"#0059a9","colorDark":"#00294f","angle":91.4,"snapDist":0,"label":1}},{"type":"Feature","geometry":{"type":"Point","coordinates":[12.463604,55.67492]},"properties":{"name":"Veronikavej (Rødovrevej)","lines":"132","arr":["132"],"terminus":0,"mode":"bus","color":"#0059a9","colorDark":"#00294f","angle":91.4,"snapDist":1,"label":1}},{"type":"Feature","geometry":{"type":"Point","coordinates":[12.463814,55.677234]},"properties":{"name":"Sylvestervej (Rødovrevej)","lines":"132","arr":["132"],"terminus":0,"mode":"bus","color":"#0059a9","colorDark":"#00294f","angle":96.1,"snapDist":0,"label":1}},{"type":"Feature","geometry":{"type":"Point","coordinates":[12.464372,55.679556]},"properties":{"name":"Præstebakken (Rødovrevej)","lines":"132","arr":["132"],"terminus":0,"mode":"bus","color":"#0059a9","colorDark":"#00294f","angle":98.3,"snapDist":0,"label":1}},{"type":"Feature","geometry":{"type":"Point","coordinates":[12.457482,55.680344]},"properties":{"name":"Rødovre Centrum (Rødovre Parkvej)","lines":"132","arr":["132"],"terminus":1,"mode":"bus","color":"#0059a9","colorDark":"#00294f","angle":137.1,"snapDist":0,"label":1}},{"type":"Feature","geometry":{"type":"Point","coordinates":[12.464219,55.678966]},"properties":{"name":"Præstebakken (Rødovrevej)","lines":"132","arr":["132"],"terminus":0,"mode":"bus","color":"#0059a9","colorDark":"#00294f","angle":278.3,"snapDist":1,"label":0}},{"type":"Feature","geometry":{"type":"Point","coordinates":[12.463879,55.677555]},"properties":{"name":"Sylvestervej (Rødovrevej)","lines":"132","arr":["132"],"terminus":0,"mode":"bus","color":"#0059a9","colorDark":"#00294f","angle":277.4,"snapDist":0,"label":0}},{"type":"Feature","geometry":{"type":"Point","coordinates":[12.463592,55.674651]},"properties":{"name":"Veronikavej (Rødovrevej)","lines":"132","arr":["132"],"terminus":0,"mode":"bus","color":"#0059a9","colorDark":"#00294f","angle":271.4,"snapDist":0,"label":0}},{"type":"Feature","geometry":{"type":"Point","coordinates":[12.478178,55.647848]},"properties":{"name":"Arnold Nielsens Boulevard (Hvidovrevej)","lines":"132, 133, 200S","arr":["132","133","200S"],"terminus":0,"mode":"bus","color":"#0059a9","colorDark":"#00294f","angle":257.5,"snapDist":0,"label":0}},{"type":"Feature","geometry":{"type":"Point","coordinates":[12.47821,55.645402]},"properties":{"name":"Høvedstensvej (Hvidovrevej)","lines":"132, 133","arr":["132","133"],"terminus":0,"mode":"bus","color":"#0059a9","colorDark":"#00294f","angle":270.8,"snapDist":1,"label":0}},{"type":"Feature","geometry":{"type":"Point","coordinates":[12.478452,55.642634]},"properties":{"name":"Hvidovre Rådhus (Hvidovrevej)","lines":"132, 200S","arr":["132","200S"],"terminus":0,"mode":"bus","color":"#0059a9","colorDark":"#00294f","angle":262.8,"snapDist":0,"label":0}},{"type":"Feature","geometry":{"type":"Point","coordinates":[12.479352,55.638682]},"properties":{"name":"Brostykkevej (Hvidovrevej)","lines":"132, 200S","arr":["132","200S"],"terminus":0,"mode":"bus","color":"#0059a9","colorDark":"#00294f","angle":259.6,"snapDist":1,"label":0}},{"type":"Feature","geometry":{"type":"Point","coordinates":[12.479898,55.636264]},"properties":{"name":"Antvorskovvej (Hvidovrevej)","lines":"132","arr":["132"],"terminus":0,"mode":"bus","color":"#0059a9","colorDark":"#00294f","angle":262.9,"snapDist":1,"label":1}},{"type":"Feature","geometry":{"type":"Point","coordinates":[12.480402,55.634011]},"properties":{"name":"Catherine Booths Vej (Hvidovrevej)","lines":"132","arr":["132"],"terminus":0,"mode":"bus","color":"#0059a9","colorDark":"#00294f","angle":262.3,"snapDist":1,"label":0}},{"type":"Feature","geometry":{"type":"Point","coordinates":[12.481233,55.630533]},"properties":{"name":"Paris Boulevard (Hvidovrevej)","lines":"132","arr":["132"],"terminus":0,"mode":"bus","color":"#0059a9","colorDark":"#00294f","angle":262.6,"snapDist":0,"label":0}},{"type":"Feature","geometry":{"type":"Point","coordinates":[12.492092,55.656448]},"properties":{"name":"Hornemanns Vænge (Kulbanevej)","lines":"133","arr":["133"],"terminus":0,"mode":"bus","color":"#0059a9","colorDark":"#00294f","angle":321.1,"snapDist":3,"label":0}},{"type":"Feature","geometry":{"type":"Point","coordinates":[12.48804,55.654644]},"properties":{"name":"Centerparken (Kulbanevej)","lines":"133","arr":["133"],"terminus":0,"mode":"bus","color":"#0059a9","colorDark":"#00294f","angle":319.7,"snapDist":6,"label":0}},{"type":"Feature","geometry":{"type":"Point","coordinates":[12.482084,55.650359]},"properties":{"name":"Krogstens Allé (Sønderkær)","lines":"133","arr":["133"],"terminus":0,"mode":"bus","color":"#0059a9","colorDark":"#00294f","angle":325.4,"snapDist":1,"label":1}},{"type":"Feature","geometry":{"type":"Point","coordinates":[12.471423,55.643605]},"properties":{"name":"Arnold Nielsens Boulevard 60","lines":"133","arr":["133"],"terminus":0,"mode":"bus","color":"#0059a9","colorDark":"#00294f","angle":286.4,"snapDist":1,"label":1}},{"type":"Feature","geometry":{"type":"Point","coordinates":[12.470029,55.640831]},"properties":{"name":"Bibliotekvej (Arnold Nielsens Boulevard)","lines":"133","arr":["133"],"terminus":0,"mode":"bus","color":"#0059a9","colorDark":"#00294f","angle":280.1,"snapDist":2,"label":1}},{"type":"Feature","geometry":{"type":"Point","coordinates":[12.468702,55.63695]},"properties":{"name":"Gurrevej (Arnold Nielsens Boulevard)","lines":"133","arr":["133"],"terminus":0,"mode":"bus","color":"#0059a9","colorDark":"#00294f","angle":290.7,"snapDist":0,"label":1}},{"type":"Feature","geometry":{"type":"Point","coordinates":[12.467332,55.634563]},"properties":{"name":"Brostykkevej (Avedøre Havnevej)","lines":"133","arr":["133"],"terminus":0,"mode":"bus","color":"#0059a9","colorDark":"#00294f","angle":250.4,"snapDist":1,"label":0}},{"type":"Feature","geometry":{"type":"Point","coordinates":[12.470908,55.628859]},"properties":{"name":"Dybenskærvej (Avedøre Havnevej)","lines":"133","arr":["133"],"terminus":0,"mode":"bus","color":"#0059a9","colorDark":"#00294f","angle":252.7,"snapDist":0,"label":1}},{"type":"Feature","geometry":{"type":"Point","coordinates":[12.460354,55.621601]},"properties":{"name":"Parallelvej (Byvej)","lines":"133","arr":["133"],"terminus":0,"mode":"bus","color":"#0059a9","colorDark":"#00294f","angle":63.6,"snapDist":0,"label":1}},{"type":"Feature","geometry":{"type":"Point","coordinates":[12.460346,55.621337]},"properties":{"name":"Parallelvej (Byvej)","lines":"133","arr":["133"],"terminus":0,"mode":"bus","color":"#0059a9","colorDark":"#00294f","angle":245.6,"snapDist":1,"label":0}},{"type":"Feature","geometry":{"type":"Point","coordinates":[12.47282,55.625626]},"properties":{"name":"Gammel Køge Landevej (Avedøre Havnevej)","lines":"133","arr":["133"],"terminus":0,"mode":"bus","color":"#0059a9","colorDark":"#00294f","angle":71.1,"snapDist":2,"label":1}},{"type":"Feature","geometry":{"type":"Point","coordinates":[12.470554,55.629802]},"properties":{"name":"Dybenskærvej (Avedøre Havnevej)","lines":"133","arr":["133"],"terminus":0,"mode":"bus","color":"#0059a9","colorDark":"#00294f","angle":70.6,"snapDist":0,"label":0}},{"type":"Feature","geometry":{"type":"Point","coordinates":[12.468953,55.637421]},"properties":{"name":"Gurrevej (Arnold Nielsens Boulevard)","lines":"133","arr":["133"],"terminus":0,"mode":"bus","color":"#0059a9","colorDark":"#00294f","angle":105.1,"snapDist":1,"label":0}},{"type":"Feature","geometry":{"type":"Point","coordinates":[12.470355,55.641558]},"properties":{"name":"Bibliotekvej (Arnold Nielsens Boulevard)","lines":"133","arr":["133"],"terminus":0,"mode":"bus","color":"#0059a9","colorDark":"#00294f","angle":106.4,"snapDist":1,"label":0}},{"type":"Feature","geometry":{"type":"Point","coordinates":[12.472746,55.644113]},"properties":{"name":"Vej & Park (Høvedstensvej)","lines":"133","arr":["133"],"terminus":0,"mode":"bus","color":"#0059a9","colorDark":"#00294f","angle":170,"snapDist":1,"label":1}},{"type":"Feature","geometry":{"type":"Point","coordinates":[12.483157,55.650777]},"properties":{"name":"Krogstens Allé (Sønderkær)","lines":"133","arr":["133"],"terminus":0,"mode":"bus","color":"#0059a9","colorDark":"#00294f","angle":145.4,"snapDist":0,"label":0}},{"type":"Feature","geometry":{"type":"Point","coordinates":[12.422327,55.62058]},"properties":{"name":"Brøndby Strand St. (Strandskolevej)","lines":"135","arr":["135"],"terminus":1,"mode":"bus","color":"#0059a9","colorDark":"#00294f","angle":186.5,"snapDist":0,"label":1}},{"type":"Feature","geometry":{"type":"Point","coordinates":[12.42746,55.622599]},"properties":{"name":"Maglelund (Strandesplanaden)","lines":"135","arr":["135"],"terminus":0,"mode":"bus","color":"#0059a9","colorDark":"#00294f","angle":186.9,"snapDist":0,"label":1}},{"type":"Feature","geometry":{"type":"Point","coordinates":[12.432849,55.622781]},"properties":{"name":"Langbjergskolen (Strandesplanaden)","lines":"135","arr":["135"],"terminus":0,"mode":"bus","color":"#0059a9","colorDark":"#00294f","angle":96.1,"snapDist":1,"label":1}},{"type":"Feature","geometry":{"type":"Point","coordinates":[12.428696,55.62328]},"properties":{"name":"Tybjergparken (Strandesplanaden)","lines":"135","arr":["135"],"terminus":0,"mode":"bus","color":"#0059a9","colorDark":"#00294f","angle":6.9,"snapDist":1,"label":1}},{"type":"Feature","geometry":{"type":"Point","coordinates":[12.411754,55.65367]},"properties":{"name":"Sognevej (Brøndbyvestervej)","lines":"135","arr":["135"],"terminus":0,"mode":"bus","color":"#0059a9","colorDark":"#00294f","angle":96.5,"snapDist":1,"label":1}},{"type":"Feature","geometry":{"type":"Point","coordinates":[12.413468,55.657327]},"properties":{"name":"DBU Allé (Brøndbyvestervej)","lines":"135","arr":["135"],"terminus":0,"mode":"bus","color":"#0059a9","colorDark":"#00294f","angle":103.8,"snapDist":0,"label":1}},{"type":"Feature","geometry":{"type":"Point","coordinates":[12.410379,55.658603]},"properties":{"name":"Ringerlodden (Brøndbyvestervej)","lines":"135","arr":["135"],"terminus":0,"mode":"bus","color":"#0059a9","colorDark":"#00294f","angle":5.5,"snapDist":0,"label":1}},{"type":"Feature","geometry":{"type":"Point","coordinates":[12.405311,55.660135]},"properties":{"name":"Tranemosevej (Brøndbyvestervej)","lines":"135, 847","arr":["135","847"],"terminus":0,"mode":"bus","color":"#0059a9","colorDark":"#00294f","angle":38.5,"snapDist":0,"label":1}},{"type":"Feature","geometry":{"type":"Point","coordinates":[12.388146,55.660857]},"properties":{"name":"Plovmarksvej (Banemarksvej)","lines":"135","arr":["135"],"terminus":0,"mode":"bus","color":"#0059a9","colorDark":"#00294f","angle":347.7,"snapDist":0,"label":1}},{"type":"Feature","geometry":{"type":"Point","coordinates":[12.381154,55.660021]},"properties":{"name":"Rugmarksvej (Banemarksvej)","lines":"135","arr":["135"],"terminus":0,"mode":"bus","color":"#0059a9","colorDark":"#00294f","angle":347.6,"snapDist":1,"label":1}},{"type":"Feature","geometry":{"type":"Point","coordinates":[12.377318,55.658655]},"properties":{"name":"Banemarksvej 40 (Banemarksvej)","lines":"135","arr":["135"],"terminus":0,"mode":"bus","color":"#0059a9","colorDark":"#00294f","angle":264.9,"snapDist":2,"label":1}},{"type":"Feature","geometry":{"type":"Point","coordinates":[12.379641,55.655437]},"properties":{"name":"Kornmarksvej (Banemarksvej)","lines":"135, 149","arr":["135","149"],"terminus":0,"mode":"bus","color":"#0059a9","colorDark":"#00294f","angle":226.6,"snapDist":2,"label":1}},{"type":"Feature","geometry":{"type":"Point","coordinates":[12.383076,55.653367]},"properties":{"name":"Park Allé (Banemarksvej)","lines":"135, 149","arr":["135","149"],"terminus":0,"mode":"bus","color":"#0059a9","colorDark":"#00294f","angle":227.3,"snapDist":0,"label":1}},{"type":"Feature","geometry":{"type":"Point","coordinates":[12.37786,55.649431]},"properties":{"name":"Gammelager (Abildager)","lines":"135","arr":["135"],"terminus":0,"mode":"bus","color":"#0059a9","colorDark":"#00294f","angle":244.4,"snapDist":0,"label":1}},{"type":"Feature","geometry":{"type":"Point","coordinates":[12.379981,55.64694]},"properties":{"name":"Nyager (Abildager)","lines":"135","arr":["135"],"terminus":0,"mode":"bus","color":"#0059a9","colorDark":"#00294f","angle":244.4,"snapDist":1,"label":1}},{"type":"Feature","geometry":{"type":"Point","coordinates":[12.381966,55.644609]},"properties":{"name":"Vallensbækvej (Abildager)","lines":"135","arr":["135"],"terminus":0,"mode":"bus","color":"#0059a9","colorDark":"#00294f","angle":244.4,"snapDist":3,"label":1}},{"type":"Feature","geometry":{"type":"Point","coordinates":[12.391522,55.643235]},"properties":{"name":"Brøndbyvej (Vallensbækvej)","lines":"135","arr":["135"],"terminus":0,"mode":"bus","color":"#0059a9","colorDark":"#00294f","angle":168.4,"snapDist":0,"label":1}},{"type":"Feature","geometry":{"type":"Point","coordinates":[12.39757,55.643658]},"properties":{"name":"Brøndbyvester St. (Vallensbækvej)","lines":"135","arr":["135"],"terminus":1,"mode":"bus","color":"#0059a9","colorDark":"#00294f","angle":9.9,"snapDist":2,"label":1}},{"type":"Feature","geometry":{"type":"Point","coordinates":[12.389758,55.643243]},"properties":{"name":"Brøndbyvej (Vallensbækvej)","lines":"135","arr":["135"],"terminus":0,"mode":"bus","color":"#0059a9","colorDark":"#00294f","angle":4.5,"snapDist":0,"label":0}},{"type":"Feature","geometry":{"type":"Point","coordinates":[12.382381,55.644004]},"properties":{"name":"Vallensbækvej (Abildager)","lines":"135","arr":["135"],"terminus":0,"mode":"bus","color":"#0059a9","colorDark":"#00294f","angle":76.3,"snapDist":1,"label":0}},{"type":"Feature","geometry":{"type":"Point","coordinates":[12.380018,55.646897]},"properties":{"name":"Nyager (Abildager)","lines":"135","arr":["135"],"terminus":0,"mode":"bus","color":"#0059a9","colorDark":"#00294f","angle":64.4,"snapDist":2,"label":0}},{"type":"Feature","geometry":{"type":"Point","coordinates":[12.377845,55.649449]},"properties":{"name":"Gammelager (Abildager)","lines":"135","arr":["135"],"terminus":0,"mode":"bus","color":"#0059a9","colorDark":"#00294f","angle":64.4,"snapDist":0,"label":0}},{"type":"Feature","geometry":{"type":"Point","coordinates":[12.383745,55.652912]},"properties":{"name":"Park Allé (Banemarksvej)","lines":"135, 149","arr":["135","149"],"terminus":0,"mode":"bus","color":"#0059a9","colorDark":"#00294f","angle":58.2,"snapDist":0,"label":0}},{"type":"Feature","geometry":{"type":"Point","coordinates":[12.379981,55.655235]},"properties":{"name":"Vesterleds Allé (Banemarksvej)","lines":"135, 149","arr":["135","149"],"terminus":0,"mode":"bus","color":"#0059a9","colorDark":"#00294f","angle":47.1,"snapDist":1,"label":1}},{"type":"Feature","geometry":{"type":"Point","coordinates":[12.378158,55.656431]},"properties":{"name":"Kornmarksvej (Banemarksvej)","lines":"135","arr":["135"],"terminus":0,"mode":"bus","color":"#0059a9","colorDark":"#00294f","angle":60.8,"snapDist":1,"label":0}},{"type":"Feature","geometry":{"type":"Point","coordinates":[12.377189,55.659306]},"properties":{"name":"Banemarksvej 40 (Banemarksvej)","lines":"135","arr":["135"],"terminus":0,"mode":"bus","color":"#0059a9","colorDark":"#00294f","angle":83.6,"snapDist":2,"label":0}},{"type":"Feature","geometry":{"type":"Point","coordinates":[12.38337,55.660296]},"properties":{"name":"Rugmarksvej (Banemarksvej)","lines":"135","arr":["135"],"terminus":0,"mode":"bus","color":"#0059a9","colorDark":"#00294f","angle":167.4,"snapDist":1,"label":0}},{"type":"Feature","geometry":{"type":"Point","coordinates":[12.387566,55.660788]},"properties":{"name":"Plovmarksvej (Banemarksvej)","lines":"135","arr":["135"],"terminus":0,"mode":"bus","color":"#0059a9","colorDark":"#00294f","angle":167.8,"snapDist":1,"label":0}},{"type":"Feature","geometry":{"type":"Point","coordinates":[12.405042,55.660256]},"properties":{"name":"Tranemosevej (Brøndbyvestervej)","lines":"135","arr":["135"],"terminus":0,"mode":"bus","color":"#0059a9","colorDark":"#00294f","angle":218.6,"snapDist":1,"label":0}},{"type":"Feature","geometry":{"type":"Point","coordinates":[12.411788,55.658508]},"properties":{"name":"Ringerlodden (Brøndbyvestervej)","lines":"135","arr":["135"],"terminus":0,"mode":"bus","color":"#0059a9","colorDark":"#00294f","angle":189.3,"snapDist":1,"label":0}},{"type":"Feature","geometry":{"type":"Point","coordinates":[12.413127,55.656537]},"properties":{"name":"DBU Allé (Brøndbyvestervej)","lines":"135","arr":["135"],"terminus":0,"mode":"bus","color":"#0059a9","colorDark":"#00294f","angle":285.3,"snapDist":0,"label":0}},{"type":"Feature","geometry":{"type":"Point","coordinates":[12.411777,55.653787]},"properties":{"name":"Sognevej (Brøndbyvestervej)","lines":"135","arr":["135"],"terminus":0,"mode":"bus","color":"#0059a9","colorDark":"#00294f","angle":276.5,"snapDist":0,"label":0}},{"type":"Feature","geometry":{"type":"Point","coordinates":[12.483656,55.628974]},"properties":{"name":"Friheden St.","lines":"137, 139, 200S","arr":["137","139","200S"],"terminus":1,"mode":"bus","color":"#0059a9","colorDark":"#00294f","angle":170.7,"snapDist":0,"label":0}},{"type":"Feature","geometry":{"type":"Point","coordinates":[12.47315,55.624696]},"properties":{"name":"Gammel Køge Landevej (Avedøre Havnevej)","lines":"137, 139","arr":["137","139"],"terminus":0,"mode":"bus","color":"#0059a9","colorDark":"#00294f","angle":251,"snapDist":1,"label":0}},{"type":"Feature","geometry":{"type":"Point","coordinates":[12.476089,55.617579]},"properties":{"name":"Amagermotorvejen (Avedøre Havnevej)","lines":"137, 139","arr":["137","139"],"terminus":0,"mode":"bus","color":"#0059a9","colorDark":"#00294f","angle":272,"snapDist":0,"label":1}},{"type":"Feature","geometry":{"type":"Point","coordinates":[12.475618,55.615165]},"properties":{"name":"CPH Business Park (Avedøre Havnevej)","lines":"137, 139, 500S","arr":["137","139","500S"],"terminus":0,"mode":"bus","color":"#0059a9","colorDark":"#00294f","angle":276.9,"snapDist":0,"label":1}},{"type":"Feature","geometry":{"type":"Point","coordinates":[12.468619,55.614408]},"properties":{"name":"Avedøreholmen (Stamholmen)","lines":"137, 200S, 500S","arr":["137","200S","500S"],"terminus":1,"mode":"bus","color":"#0059a9","colorDark":"#00294f","angle":350.2,"snapDist":1,"label":1}},{"type":"Feature","geometry":{"type":"Point","coordinates":[12.46444,55.613869]},"properties":{"name":"Stamholmen 111 (Stamholmen)","lines":"137, 200S","arr":["137","200S"],"terminus":0,"mode":"bus","color":"#0059a9","colorDark":"#00294f","angle":346.9,"snapDist":1,"label":1}},{"type":"Feature","geometry":{"type":"Point","coordinates":[12.459717,55.613255]},"properties":{"name":"Helseholmen (Stamholmen)","lines":"137, 200S, 500S","arr":["137","200S","500S"],"terminus":0,"mode":"bus","color":"#0059a9","colorDark":"#00294f","angle":347.7,"snapDist":1,"label":1}},{"type":"Feature","geometry":{"type":"Point","coordinates":[12.453763,55.612617]},"properties":{"name":"Stamholmen (Kanalholmen)","lines":"137, 200S","arr":["137","200S"],"terminus":0,"mode":"bus","color":"#0059a9","colorDark":"#00294f","angle":276.7,"snapDist":1,"label":1}},{"type":"Feature","geometry":{"type":"Point","coordinates":[12.45295,55.608737]},"properties":{"name":"Renseanlæg Avedøre (Kanalholmen)","lines":"137, 200S","arr":["137","200S"],"terminus":0,"mode":"bus","color":"#0059a9","colorDark":"#00294f","angle":276.7,"snapDist":2,"label":1}},{"type":"Feature","geometry":{"type":"Point","coordinates":[12.459597,55.60664]},"properties":{"name":"Helseholmen (Kystholmen)","lines":"137, 200S","arr":["137","200S"],"terminus":0,"mode":"bus","color":"#0059a9","colorDark":"#00294f","angle":186.9,"snapDist":0,"label":1}},{"type":"Feature","geometry":{"type":"Point","coordinates":[12.468169,55.607785]},"properties":{"name":"Sydholmen (Avedøreholmen)","lines":"137, 200S","arr":["137","200S"],"terminus":0,"mode":"bus","color":"#0059a9","colorDark":"#00294f","angle":98.8,"snapDist":2,"label":1}},{"type":"Feature","geometry":{"type":"Point","coordinates":[12.469654,55.610789]},"properties":{"name":"Avedøreholmen (Valseholmen)","lines":"137, 200S","arr":["137","200S"],"terminus":0,"mode":"bus","color":"#0059a9","colorDark":"#00294f","angle":187.1,"snapDist":2,"label":1}},{"type":"Feature","geometry":{"type":"Point","coordinates":[12.474616,55.610077]},"properties":{"name":"Valseholmen (Industriholmen)","lines":"137","arr":["137"],"terminus":0,"mode":"bus","color":"#0059a9","colorDark":"#00294f","angle":276.8,"snapDist":0,"label":1}},{"type":"Feature","geometry":{"type":"Point","coordinates":[12.473953,55.606957]},"properties":{"name":"Sydholmen (Industriholmen)","lines":"137","arr":["137"],"terminus":0,"mode":"bus","color":"#0059a9","colorDark":"#00294f","angle":276.8,"snapDist":1,"label":1}},{"type":"Feature","geometry":{"type":"Point","coordinates":[12.482346,55.605074]},"properties":{"name":"Avedøreværket (Kystholmen)","lines":"137","arr":["137"],"terminus":0,"mode":"bus","color":"#0059a9","colorDark":"#00294f","angle":187,"snapDist":0,"label":1}},{"type":"Feature","geometry":{"type":"Point","coordinates":[12.489064,55.605773]},"properties":{"name":"Kystholmen (Jernholmen)","lines":"137","arr":["137"],"terminus":0,"mode":"bus","color":"#0059a9","colorDark":"#00294f","angle":96.8,"snapDist":0,"label":1}},{"type":"Feature","geometry":{"type":"Point","coordinates":[12.489832,55.609375]},"properties":{"name":"Jernholmen","lines":"137","arr":["137"],"terminus":0,"mode":"bus","color":"#0059a9","colorDark":"#00294f","angle":96.8,"snapDist":1,"label":1}},{"type":"Feature","geometry":{"type":"Point","coordinates":[12.489845,55.613142]},"properties":{"name":"Avedøre Holme, TEC Hvidovre (Stamholmen)","lines":"137","arr":["137"],"terminus":0,"mode":"bus","color":"#0059a9","colorDark":"#00294f","angle":7.2,"snapDist":0,"label":1}},{"type":"Feature","geometry":{"type":"Point","coordinates":[12.484274,55.613538]},"properties":{"name":"Hammerholmen (Stamholmen)","lines":"137","arr":["137"],"terminus":0,"mode":"bus","color":"#0059a9","colorDark":"#00294f","angle":7.2,"snapDist":1,"label":1}},{"type":"Feature","geometry":{"type":"Point","coordinates":[12.475688,55.61466]},"properties":{"name":"CPH Business Park (Avedøre Havnevej)","lines":"137, 139, 200S, 500S","arr":["137","139","200S","500S"],"terminus":0,"mode":"bus","color":"#0059a9","colorDark":"#00294f","angle":98,"snapDist":1,"label":0}},{"type":"Feature","geometry":{"type":"Point","coordinates":[12.476258,55.61744]},"properties":{"name":"Amagermotorvejen (Avedøre Havnevej)","lines":"137, 139","arr":["137","139"],"terminus":0,"mode":"bus","color":"#0059a9","colorDark":"#00294f","angle":92.1,"snapDist":1,"label":0}},{"type":"Feature","geometry":{"type":"Point","coordinates":[12.484277,55.613404]},"properties":{"name":"Hammerholmen (Stamholmen)","lines":"139","arr":["139"],"terminus":0,"mode":"bus","color":"#0059a9","colorDark":"#00294f","angle":187.6,"snapDist":1,"label":0}},{"type":"Feature","geometry":{"type":"Point","coordinates":[12.490479,55.612414]},"properties":{"name":"Avedøre Holme, TEC Hvidovre (Jernholmen)","lines":"139","arr":["139"],"terminus":0,"mode":"bus","color":"#0059a9","colorDark":"#00294f","angle":276.8,"snapDist":1,"label":1}},{"type":"Feature","geometry":{"type":"Point","coordinates":[12.489778,55.609125]},"properties":{"name":"Jernholmen","lines":"139","arr":["139"],"terminus":0,"mode":"bus","color":"#0059a9","colorDark":"#00294f","angle":276.8,"snapDist":1,"label":0}},{"type":"Feature","geometry":{"type":"Point","coordinates":[12.488971,55.605335]},"properties":{"name":"Kystholmen (Jernholmen)","lines":"139","arr":["139"],"terminus":0,"mode":"bus","color":"#0059a9","colorDark":"#00294f","angle":276.8,"snapDist":0,"label":0}},{"type":"Feature","geometry":{"type":"Point","coordinates":[12.480926,55.605172]},"properties":{"name":"Avedøreværket (Kystholmen)","lines":"139","arr":["139"],"terminus":0,"mode":"bus","color":"#0059a9","colorDark":"#00294f","angle":7,"snapDist":0,"label":0}},{"type":"Feature","geometry":{"type":"Point","coordinates":[12.473976,55.607064]},"properties":{"name":"Sydholmen (Industriholmen)","lines":"139","arr":["139"],"terminus":0,"mode":"bus","color":"#0059a9","colorDark":"#00294f","angle":96.8,"snapDist":1,"label":0}},{"type":"Feature","geometry":{"type":"Point","coordinates":[12.474641,55.610193]},"properties":{"name":"Valseholmen (Industriholmen)","lines":"139","arr":["139"],"terminus":0,"mode":"bus","color":"#0059a9","colorDark":"#00294f","angle":96.8,"snapDist":0,"label":0}},{"type":"Feature","geometry":{"type":"Point","coordinates":[12.414662,55.697352]},"properties":{"name":"Glostrup, Ejby St. (Ejby Industrivej)","lines":"141","arr":["141"],"terminus":1,"mode":"bus","color":"#0059a9","colorDark":"#00294f","angle":221.3,"snapDist":7,"label":1}},{"type":"Feature","geometry":{"type":"Point","coordinates":[12.420913,55.693688]},"properties":{"name":"Jyllingevej (Ejby Industrivej)","lines":"141","arr":["141"],"terminus":0,"mode":"bus","color":"#0059a9","colorDark":"#00294f","angle":272.9,"snapDist":1,"label":1}},{"type":"Feature","geometry":{"type":"Point","coordinates":[12.421393,55.687146]},"properties":{"name":"Hvissingehus (Birkeskoven)","lines":"141","arr":["141"],"terminus":0,"mode":"bus","color":"#0059a9","colorDark":"#00294f","angle":281.5,"snapDist":1,"label":1}},{"type":"Feature","geometry":{"type":"Point","coordinates":[12.420326,55.684136]},"properties":{"name":"Skovsletten (Birkeskoven)","lines":"141","arr":["141"],"terminus":0,"mode":"bus","color":"#0059a9","colorDark":"#00294f","angle":281.2,"snapDist":0,"label":1}},{"type":"Feature","geometry":{"type":"Point","coordinates":[12.418143,55.681246]},"properties":{"name":"Hvissingevej (Fraligsvej)","lines":"141","arr":["141"],"terminus":0,"mode":"bus","color":"#0059a9","colorDark":"#00294f","angle":358.4,"snapDist":1,"label":1}},{"type":"Feature","geometry":{"type":"Point","coordinates":[12.410161,55.680418]},"properties":{"name":"Stenager (Fraligsvej)","lines":"141","arr":["141"],"terminus":0,"mode":"bus","color":"#0059a9","colorDark":"#00294f","angle":346.9,"snapDist":4,"label":1}},{"type":"Feature","geometry":{"type":"Point","coordinates":[12.40932,55.677431]},"properties":{"name":"Rødkælkevej (Byparkvej)","lines":"141, 847","arr":["141","847"],"terminus":0,"mode":"bus","color":"#0059a9","colorDark":"#00294f","angle":275.5,"snapDist":0,"label":1}},{"type":"Feature","geometry":{"type":"Point","coordinates":[12.410275,55.6738]},"properties":{"name":"Langagervej (Byparkvej)","lines":"141","arr":["141"],"terminus":0,"mode":"bus","color":"#0059a9","colorDark":"#00294f","angle":250.9,"snapDist":0,"label":1}},{"type":"Feature","geometry":{"type":"Point","coordinates":[12.410358,55.670658]},"properties":{"name":"Digevangsvej (Byparkvej)","lines":"141","arr":["141"],"terminus":0,"mode":"bus","color":"#0059a9","colorDark":"#00294f","angle":279.7,"snapDist":1,"label":1}},{"type":"Feature","geometry":{"type":"Point","coordinates":[12.402721,55.666418]},"properties":{"name":"Glostrup Centret (Hovedvejen)","lines":"141","arr":["141"],"terminus":0,"mode":"bus","color":"#0059a9","colorDark":"#00294f","angle":351.2,"snapDist":1,"label":0}},{"type":"Feature","geometry":{"type":"Point","coordinates":[12.397561,55.663345]},"properties":{"name":"Glostrup St.","lines":"141","arr":["141"],"terminus":0,"mode":"bus","color":"#0059a9","colorDark":"#00294f","angle":169.5,"snapDist":1,"label":0}},{"type":"Feature","geometry":{"type":"Point","coordinates":[12.394852,55.665732]},"properties":{"name":"Skolevej (Hovedvejen)","lines":"141, 847","arr":["141","847"],"terminus":0,"mode":"bus","color":"#0059a9","colorDark":"#00294f","angle":351.4,"snapDist":0,"label":1}},{"type":"Feature","geometry":{"type":"Point","coordinates":[12.390751,55.665547]},"properties":{"name":"Nordre Ringvej (Hovedvejen)","lines":"141, 500S, 847","arr":["141","500S","847"],"terminus":0,"mode":"bus","color":"#0059a9","colorDark":"#00294f","angle":357.6,"snapDist":1,"label":1}},{"type":"Feature","geometry":{"type":"Point","coordinates":[12.383192,55.666996]},"properties":{"name":"Springholm (Stadionvej)","lines":"141","arr":["141"],"terminus":0,"mode":"bus","color":"#0059a9","colorDark":"#00294f","angle":7,"snapDist":1,"label":1}},{"type":"Feature","geometry":{"type":"Point","coordinates":[12.379413,55.668123]},"properties":{"name":"Stadionvej (Sportsvej)","lines":"141","arr":["141"],"terminus":0,"mode":"bus","color":"#0059a9","colorDark":"#00294f","angle":104,"snapDist":1,"label":1}},{"type":"Feature","geometry":{"type":"Point","coordinates":[12.380905,55.670036]},"properties":{"name":"Leddet (Sportsvej)","lines":"141","arr":["141"],"terminus":0,"mode":"bus","color":"#0059a9","colorDark":"#00294f","angle":122.6,"snapDist":0,"label":1}},{"type":"Feature","geometry":{"type":"Point","coordinates":[12.382811,55.671486]},"properties":{"name":"Kindebjergvej (Sportsvej)","lines":"141","arr":["141"],"terminus":0,"mode":"bus","color":"#0059a9","colorDark":"#00294f","angle":127.4,"snapDist":0,"label":1}},{"type":"Feature","geometry":{"type":"Point","coordinates":[12.37986,55.673912]},"properties":{"name":"Elmehusene (Trippendalsvej)","lines":"141","arr":["141"],"terminus":0,"mode":"bus","color":"#0059a9","colorDark":"#00294f","angle":5.7,"snapDist":1,"label":1}},{"type":"Feature","geometry":{"type":"Point","coordinates":[12.375473,55.674154]},"properties":{"name":"Pilehusene (Trippendalsvej)","lines":"141","arr":["141"],"terminus":0,"mode":"bus","color":"#0059a9","colorDark":"#00294f","angle":6.3,"snapDist":0,"label":1}},{"type":"Feature","geometry":{"type":"Point","coordinates":[12.369598,55.674477]},"properties":{"name":"Trippendalscentret (Trippendalsvej)","lines":"141, 149","arr":["141","149"],"terminus":0,"mode":"bus","color":"#0059a9","colorDark":"#00294f","angle":5.6,"snapDist":0,"label":1}},{"type":"Feature","geometry":{"type":"Point","coordinates":[12.365528,55.674699]},"properties":{"name":"Herstedøster Skole (Trippendalsvej)","lines":"141, 149","arr":["141","149"],"terminus":0,"mode":"bus","color":"#0059a9","colorDark":"#00294f","angle":5.9,"snapDist":0,"label":1}},{"type":"Feature","geometry":{"type":"Point","coordinates":[12.361366,55.674953]},"properties":{"name":"Roholmparken (Trippendalsvej)","lines":"141, 143, 149","arr":["141","143","149"],"terminus":0,"mode":"bus","color":"#0059a9","colorDark":"#00294f","angle":6.4,"snapDist":1,"label":1}},{"type":"Feature","geometry":{"type":"Point","coordinates":[12.3561,55.675654]},"properties":{"name":"Falkehusene (Trippendalsvej)","lines":"141, 143, 149","arr":["141","143","149"],"terminus":0,"mode":"bus","color":"#0059a9","colorDark":"#00294f","angle":19.8,"snapDist":1,"label":1}},{"type":"Feature","geometry":{"type":"Point","coordinates":[12.351234,55.676621]},"properties":{"name":"Tranehusene (Trippendalsvej)","lines":"141, 143, 149","arr":["141","143","149"],"terminus":0,"mode":"bus","color":"#0059a9","colorDark":"#00294f","angle":20.1,"snapDist":1,"label":1}},{"type":"Feature","geometry":{"type":"Point","coordinates":[12.348227,55.674262]},"properties":{"name":"Vegavænget (Kærmosevej)","lines":"141, 149","arr":["141","149"],"terminus":0,"mode":"bus","color":"#0059a9","colorDark":"#00294f","angle":303.4,"snapDist":1,"label":1}},{"type":"Feature","geometry":{"type":"Point","coordinates":[12.347981,55.671071]},"properties":{"name":"Godthåbsstien (Damgårdsvej)","lines":"141","arr":["141"],"terminus":0,"mode":"bus","color":"#0059a9","colorDark":"#00294f","angle":228.8,"snapDist":1,"label":1}},{"type":"Feature","geometry":{"type":"Point","coordinates":[12.350004,55.668933]},"properties":{"name":"Blommegården (Damgårdsvej)","lines":"141","arr":["141"],"terminus":0,"mode":"bus","color":"#0059a9","colorDark":"#00294f","angle":252.6,"snapDist":0,"label":1}},{"type":"Feature","geometry":{"type":"Point","coordinates":[12.350513,55.665115]},"properties":{"name":"Kastanie Allé (Damgårdsvej)","lines":"141","arr":["141"],"terminus":0,"mode":"bus","color":"#0059a9","colorDark":"#00294f","angle":267.3,"snapDist":1,"label":1}},{"type":"Feature","geometry":{"type":"Point","coordinates":[12.350681,55.663303]},"properties":{"name":"Holsbjergvej (Damgårdsvej)","lines":"141","arr":["141"],"terminus":0,"mode":"bus","color":"#0059a9","colorDark":"#00294f","angle":267,"snapDist":0,"label":1}},{"type":"Feature","geometry":{"type":"Point","coordinates":[12.350908,55.660456]},"properties":{"name":"Fængselsvej (Albertslundvej)","lines":"141, 143","arr":["141","143"],"terminus":0,"mode":"bus","color":"#0059a9","colorDark":"#00294f","angle":267.7,"snapDist":0,"label":1}},{"type":"Feature","geometry":{"type":"Point","coordinates":[12.352228,55.658469]},"properties":{"name":"Albertslund St. (Hedemarksvej)","lines":"141","arr":["141"],"terminus":1,"mode":"bus","color":"#0059a9","colorDark":"#00294f","angle":258.7,"snapDist":2,"label":1}},{"type":"Feature","geometry":{"type":"Point","coordinates":[12.351043,55.660525]},"properties":{"name":"Fængselsvej (Albertslundvej)","lines":"141, 143","arr":["141","143"],"terminus":0,"mode":"bus","color":"#0059a9","colorDark":"#00294f","angle":88.2,"snapDist":1,"label":0}},{"type":"Feature","geometry":{"type":"Point","coordinates":[12.350888,55.663154]},"properties":{"name":"Holsbjergvej (Damgårdsvej)","lines":"141, 143","arr":["141","143"],"terminus":0,"mode":"bus","color":"#0059a9","colorDark":"#00294f","angle":87.4,"snapDist":1,"label":0}},{"type":"Feature","geometry":{"type":"Point","coordinates":[12.350709,55.665254]},"properties":{"name":"Kastanie Allé (Damgårdsvej)","lines":"141, 143","arr":["141","143"],"terminus":0,"mode":"bus","color":"#0059a9","colorDark":"#00294f","angle":89,"snapDist":0,"label":0}},{"type":"Feature","geometry":{"type":"Point","coordinates":[12.349627,55.669537]},"properties":{"name":"Blommegården (Damgårdsvej)","lines":"141","arr":["141"],"terminus":0,"mode":"bus","color":"#0059a9","colorDark":"#00294f","angle":68,"snapDist":0,"label":0}},{"type":"Feature","geometry":{"type":"Point","coordinates":[12.348288,55.670858]},"properties":{"name":"Godthåbsstien (Damgårdsvej)","lines":"141","arr":["141"],"terminus":0,"mode":"bus","color":"#0059a9","colorDark":"#00294f","angle":51.1,"snapDist":1,"label":0}},{"type":"Feature","geometry":{"type":"Point","coordinates":[12.348789,55.674749]},"properties":{"name":"Vegavænget (Kærmosevej)","lines":"141, 149","arr":["141","149"],"terminus":0,"mode":"bus","color":"#0059a9","colorDark":"#00294f","angle":122.9,"snapDist":0,"label":0}},{"type":"Feature","geometry":{"type":"Point","coordinates":[12.351593,55.676547]},"properties":{"name":"Tranehusene (Trippendalsvej)","lines":"141, 143, 149","arr":["141","143","149"],"terminus":0,"mode":"bus","color":"#0059a9","colorDark":"#00294f","angle":200.1,"snapDist":1,"label":0}},{"type":"Feature","geometry":{"type":"Point","coordinates":[12.355854,55.675704]},"properties":{"name":"Falkehusene (Trippendalsvej)","lines":"141, 143, 149","arr":["141","143","149"],"terminus":0,"mode":"bus","color":"#0059a9","colorDark":"#00294f","angle":199.8,"snapDist":2,"label":0}},{"type":"Feature","geometry":{"type":"Point","coordinates":[12.361746,55.674928]},"properties":{"name":"Roholmparken (Trippendalsvej)","lines":"141, 149","arr":["141","149"],"terminus":0,"mode":"bus","color":"#0059a9","colorDark":"#00294f","angle":186.8,"snapDist":2,"label":0}},{"type":"Feature","geometry":{"type":"Point","coordinates":[12.366937,55.67462]},"properties":{"name":"Herstedøster Skole (Trippendalsvej)","lines":"141, 149","arr":["141","149"],"terminus":0,"mode":"bus","color":"#0059a9","colorDark":"#00294f","angle":185.7,"snapDist":0,"label":0}},{"type":"Feature","geometry":{"type":"Point","coordinates":[12.373161,55.674285]},"properties":{"name":"Trippendalscentret (Trippendalsvej)","lines":"141","arr":["141"],"terminus":0,"mode":"bus","color":"#0059a9","colorDark":"#00294f","angle":185.4,"snapDist":1,"label":1}},{"type":"Feature","geometry":{"type":"Point","coordinates":[12.375205,55.674171]},"properties":{"name":"Pilehusene (Trippendalsvej)","lines":"141","arr":["141"],"terminus":0,"mode":"bus","color":"#0059a9","colorDark":"#00294f","angle":186.3,"snapDist":2,"label":0}},{"type":"Feature","geometry":{"type":"Point","coordinates":[12.379527,55.67393]},"properties":{"name":"Elmehusene (Trippendalsvej)","lines":"141","arr":["141"],"terminus":0,"mode":"bus","color":"#0059a9","colorDark":"#00294f","angle":185.7,"snapDist":1,"label":0}},{"type":"Feature","geometry":{"type":"Point","coordinates":[12.384006,55.672448]},"properties":{"name":"Kindebjergvej (Sportsvej)","lines":"141","arr":["141"],"terminus":0,"mode":"bus","color":"#0059a9","colorDark":"#00294f","angle":292.5,"snapDist":1,"label":0}},{"type":"Feature","geometry":{"type":"Point","coordinates":[12.381157,55.670248]},"properties":{"name":"Leddet (Sportsvej)","lines":"141","arr":["141"],"terminus":0,"mode":"bus","color":"#0059a9","colorDark":"#00294f","angle":306.9,"snapDist":1,"label":0}},{"type":"Feature","geometry":{"type":"Point","coordinates":[12.3793,55.667867]},"properties":{"name":"Stadionvej (Sportsvej)","lines":"141, 847","arr":["141","847"],"terminus":0,"mode":"bus","color":"#0059a9","colorDark":"#00294f","angle":284,"snapDist":1,"label":0}},{"type":"Feature","geometry":{"type":"Point","coordinates":[12.384743,55.666894]},"properties":{"name":"Springholm (Stadionvej)","lines":"141","arr":["141"],"terminus":0,"mode":"bus","color":"#0059a9","colorDark":"#00294f","angle":186.9,"snapDist":1,"label":0}},{"type":"Feature","geometry":{"type":"Point","coordinates":[12.390338,55.66545]},"properties":{"name":"Nordre Ringvej (Hovedvejen)","lines":"141, 500S, 847","arr":["141","500S","847"],"terminus":0,"mode":"bus","color":"#0059a9","colorDark":"#00294f","angle":173.6,"snapDist":2,"label":0}},{"type":"Feature","geometry":{"type":"Point","coordinates":[12.394182,55.665576]},"properties":{"name":"Skolevej (Hovedvejen)","lines":"141, 847","arr":["141","847"],"terminus":0,"mode":"bus","color":"#0059a9","colorDark":"#00294f","angle":172.2,"snapDist":2,"label":0}},{"type":"Feature","geometry":{"type":"Point","coordinates":[12.396985,55.663285]},"properties":{"name":"Glostrup St. (Banegårdspladsen)","lines":"141","arr":["141"],"terminus":0,"mode":"bus","color":"#0059a9","colorDark":"#00294f","angle":169.5,"snapDist":1,"label":0}},{"type":"Feature","geometry":{"type":"Point","coordinates":[12.410611,55.667946]},"properties":{"name":"Byparken (Byparkvej)","lines":"141, 847","arr":["141","847"],"terminus":0,"mode":"bus","color":"#0059a9","colorDark":"#00294f","angle":81.5,"snapDist":1,"label":1}},{"type":"Feature","geometry":{"type":"Point","coordinates":[12.410303,55.670471]},"properties":{"name":"Digevangsvej (Byparkvej)","lines":"141","arr":["141"],"terminus":0,"mode":"bus","color":"#0059a9","colorDark":"#00294f","angle":97.8,"snapDist":0,"label":0}},{"type":"Feature","geometry":{"type":"Point","coordinates":[12.410426,55.67357]},"properties":{"name":"Langagervej (Byparkvej)","lines":"141, 847","arr":["141","847"],"terminus":0,"mode":"bus","color":"#0059a9","colorDark":"#00294f","angle":69,"snapDist":0,"label":0}},{"type":"Feature","geometry":{"type":"Point","coordinates":[12.409322,55.67744]},"properties":{"name":"Rødkælkevej (Byparkvej)","lines":"141, 847","arr":["141","847"],"terminus":0,"mode":"bus","color":"#0059a9","colorDark":"#00294f","angle":94.9,"snapDist":0,"label":0}},{"type":"Feature","geometry":{"type":"Point","coordinates":[12.410161,55.680418]},"properties":{"name":"Stenager (Fraligsvej)","lines":"141","arr":["141"],"terminus":0,"mode":"bus","color":"#0059a9","colorDark":"#00294f","angle":166.9,"snapDist":4,"label":0}},{"type":"Feature","geometry":{"type":"Point","coordinates":[12.419479,55.681723]},"properties":{"name":"Hvissingevej (Birkeskoven)","lines":"141","arr":["141"],"terminus":0,"mode":"bus","color":"#0059a9","colorDark":"#00294f","angle":101.1,"snapDist":0,"label":1}},{"type":"Feature","geometry":{"type":"Point","coordinates":[12.420675,55.685134]},"properties":{"name":"Skovsletten (Oxbjergvej)","lines":"141","arr":["141"],"terminus":0,"mode":"bus","color":"#0059a9","colorDark":"#00294f","angle":101.3,"snapDist":1,"label":1}},{"type":"Feature","geometry":{"type":"Point","coordinates":[12.421444,55.687287]},"properties":{"name":"Hvissingehus (Oxbjergvej)","lines":"141","arr":["141"],"terminus":0,"mode":"bus","color":"#0059a9","colorDark":"#00294f","angle":101.5,"snapDist":1,"label":1}},{"type":"Feature","geometry":{"type":"Point","coordinates":[12.421179,55.694445]},"properties":{"name":"Jyllingevej (Ejby Industrivej)","lines":"141","arr":["141"],"terminus":0,"mode":"bus","color":"#0059a9","colorDark":"#00294f","angle":92.9,"snapDist":0,"label":0}},{"type":"Feature","geometry":{"type":"Point","coordinates":[12.402958,55.72217]},"properties":{"name":"Skovlunde St.","lines":"142, 168","arr":["142","168"],"terminus":1,"mode":"bus","color":"#0059a9","colorDark":"#00294f","angle":358.7,"snapDist":49,"label":1}},{"type":"Feature","geometry":{"type":"Point","coordinates":[12.401854,55.718246]},"properties":{"name":"Rosenhaven Plejecenter (Bybjergvej)","lines":"142, 834","arr":["142","834"],"terminus":0,"mode":"bus","color":"#0059a9","colorDark":"#00294f","angle":329.6,"snapDist":1,"label":1}},{"type":"Feature","geometry":{"type":"Point","coordinates":[12.399014,55.716965]},"properties":{"name":"Skovlunde Skole (Ejbyvej)","lines":"142","arr":["142"],"terminus":0,"mode":"bus","color":"#0059a9","colorDark":"#00294f","angle":261.9,"snapDist":1,"label":1}},{"type":"Feature","geometry":{"type":"Point","coordinates":[12.399842,55.713696]},"properties":{"name":"Hybenvænget (Ejbyvej)","lines":"142","arr":["142"],"terminus":0,"mode":"bus","color":"#0059a9","colorDark":"#00294f","angle":262,"snapDist":1,"label":1}},{"type":"Feature","geometry":{"type":"Point","coordinates":[12.400537,55.71097]},"properties":{"name":"Kirkebyvej (Ejbyvej)","lines":"142","arr":["142"],"terminus":0,"mode":"bus","color":"#0059a9","colorDark":"#00294f","angle":261.8,"snapDist":0,"label":1}},{"type":"Feature","geometry":{"type":"Point","coordinates":[12.401273,55.703391]},"properties":{"name":"Ejby Sommerby (Bjergbakkevej)","lines":"142","arr":["142"],"terminus":0,"mode":"bus","color":"#0059a9","colorDark":"#00294f","angle":246.6,"snapDist":1,"label":1}},{"type":"Feature","geometry":{"type":"Point","coordinates":[12.402965,55.701306]},"properties":{"name":"Borgm Munks Allé (Bjergbakkevej)","lines":"142","arr":["142"],"terminus":0,"mode":"bus","color":"#0059a9","colorDark":"#00294f","angle":245.9,"snapDist":2,"label":1}},{"type":"Feature","geometry":{"type":"Point","coordinates":[12.409484,55.697277]},"properties":{"name":"Ejbytoften (Ejby Mosevej)","lines":"142","arr":["142"],"terminus":0,"mode":"bus","color":"#0059a9","colorDark":"#00294f","angle":155.6,"snapDist":0,"label":1}},{"type":"Feature","geometry":{"type":"Point","coordinates":[12.414791,55.697911]},"properties":{"name":"Glostrup, Ejby St. (Nordre Ringvej)","lines":"142","arr":["142"],"terminus":0,"mode":"bus","color":"#0059a9","colorDark":"#00294f","angle":127.7,"snapDist":1,"label":1}},{"type":"Feature","geometry":{"type":"Point","coordinates":[12.419887,55.699389]},"properties":{"name":"Brandsbjergvej (Ejby Industrivej)","lines":"142","arr":["142"],"terminus":0,"mode":"bus","color":"#0059a9","colorDark":"#00294f","angle":226.5,"snapDist":0,"label":1}},{"type":"Feature","geometry":{"type":"Point","coordinates":[12.422659,55.697589]},"properties":{"name":"Ejby Industrivej (Erhvervsvej)","lines":"142, 166","arr":["142","166"],"terminus":0,"mode":"bus","color":"#0059a9","colorDark":"#00294f","angle":184.5,"snapDist":0,"label":1}},{"type":"Feature","geometry":{"type":"Point","coordinates":[12.431274,55.697781]},"properties":{"name":"Islevdalvej (Erhvervsvej)","lines":"142, 166","arr":["142","166"],"terminus":0,"mode":"bus","color":"#0059a9","colorDark":"#00294f","angle":177.3,"snapDist":1,"label":1}},{"type":"Feature","geometry":{"type":"Point","coordinates":[12.432516,55.696501]},"properties":{"name":"Hobrovej (Islevdalvej)","lines":"142","arr":["142"],"terminus":0,"mode":"bus","color":"#0059a9","colorDark":"#00294f","angle":267.1,"snapDist":1,"label":1}},{"type":"Feature","geometry":{"type":"Point","coordinates":[12.499106,55.686136]},"properties":{"name":"Flintholm St. (Grøndals Parkvej)","lines":"142","arr":["142"],"terminus":1,"mode":"bus","color":"#0059a9","colorDark":"#00294f","angle":128.6,"snapDist":3,"label":1}},{"type":"Feature","geometry":{"type":"Point","coordinates":[12.432566,55.69595]},"properties":{"name":"Hobrovej (Islevdalvej)","lines":"142","arr":["142"],"terminus":0,"mode":"bus","color":"#0059a9","colorDark":"#00294f","angle":87.1,"snapDist":2,"label":0}},{"type":"Feature","geometry":{"type":"Point","coordinates":[12.431816,55.697795]},"properties":{"name":"Islevdalvej (Erhvervsvej)","lines":"142, 166","arr":["142","166"],"terminus":0,"mode":"bus","color":"#0059a9","colorDark":"#00294f","angle":357.3,"snapDist":0,"label":0}},{"type":"Feature","geometry":{"type":"Point","coordinates":[12.422675,55.697588]},"properties":{"name":"Ejby Industrivej (Erhvervsvej)","lines":"142, 166","arr":["142","166"],"terminus":0,"mode":"bus","color":"#0059a9","colorDark":"#00294f","angle":4.5,"snapDist":0,"label":0}},{"type":"Feature","geometry":{"type":"Point","coordinates":[12.418124,55.699912]},"properties":{"name":"Brandsbjergvej (Nordre Ringvej)","lines":"142","arr":["142"],"terminus":0,"mode":"bus","color":"#0059a9","colorDark":"#00294f","angle":315.7,"snapDist":1,"label":1}},{"type":"Feature","geometry":{"type":"Point","coordinates":[12.414604,55.697925]},"properties":{"name":"Glostrup, Ejby St. (Nordre Ringvej)","lines":"142","arr":["142"],"terminus":0,"mode":"bus","color":"#0059a9","colorDark":"#00294f","angle":313,"snapDist":0,"label":0}},{"type":"Feature","geometry":{"type":"Point","coordinates":[12.407932,55.697045]},"properties":{"name":"Ejbytoften (Ejby Mosevej)","lines":"142","arr":["142"],"terminus":0,"mode":"bus","color":"#0059a9","colorDark":"#00294f","angle":347.5,"snapDist":0,"label":0}},{"type":"Feature","geometry":{"type":"Point","coordinates":[12.402881,55.701412]},"properties":{"name":"Borgm Munks Allé (Bjergbakkevej)","lines":"142","arr":["142"],"terminus":0,"mode":"bus","color":"#0059a9","colorDark":"#00294f","angle":65.9,"snapDist":1,"label":0}},{"type":"Feature","geometry":{"type":"Point","coordinates":[12.400979,55.703775]},"properties":{"name":"Ejby Sommerby (Bjergbakkevej)","lines":"142","arr":["142"],"terminus":0,"mode":"bus","color":"#0059a9","colorDark":"#00294f","angle":66.6,"snapDist":0,"label":0}},{"type":"Feature","geometry":{"type":"Point","coordinates":[12.400502,55.711106]},"properties":{"name":"Kirkebyvej (Ejbyvej)","lines":"142","arr":["142"],"terminus":0,"mode":"bus","color":"#0059a9","colorDark":"#00294f","angle":81.8,"snapDist":0,"label":0}},{"type":"Feature","geometry":{"type":"Point","coordinates":[12.399931,55.713341]},"properties":{"name":"Hybenvænget (Ejbyvej)","lines":"142","arr":["142"],"terminus":0,"mode":"bus","color":"#0059a9","colorDark":"#00294f","angle":81.8,"snapDist":0,"label":0}},{"type":"Feature","geometry":{"type":"Point","coordinates":[12.398987,55.717073]},"properties":{"name":"Skovlunde Skole (Ejbyvej)","lines":"142","arr":["142"],"terminus":0,"mode":"bus","color":"#0059a9","colorDark":"#00294f","angle":81.9,"snapDist":1,"label":0}},{"type":"Feature","geometry":{"type":"Point","coordinates":[12.402169,55.718356]},"properties":{"name":"Rosenhaven Plejecenter (Bybjergvej)","lines":"142","arr":["142"],"terminus":0,"mode":"bus","color":"#0059a9","colorDark":"#00294f","angle":142.6,"snapDist":1,"label":0}},{"type":"Feature","geometry":{"type":"Point","coordinates":[12.392914,55.721379]},"properties":{"name":"Harrestrupvej (Ballerup Boulevard)","lines":"142, 168","arr":["142","168"],"terminus":0,"mode":"bus","color":"#0059a9","colorDark":"#00294f","angle":183.4,"snapDist":0,"label":1}},{"type":"Feature","geometry":{"type":"Point","coordinates":[12.3472,55.680128]},"properties":{"name":"Galgebakken (Gl. Landevej)","lines":"143","arr":["143"],"terminus":1,"mode":"bus","color":"#0059a9","colorDark":"#00294f","angle":194.6,"snapDist":1,"label":1}},{"type":"Feature","geometry":{"type":"Point","coordinates":[12.36186,55.674199]},"properties":{"name":"Roholmparken (Roholmsvej)","lines":"143","arr":["143"],"terminus":0,"mode":"bus","color":"#0059a9","colorDark":"#00294f","angle":291.8,"snapDist":0,"label":1}},{"type":"Feature","geometry":{"type":"Point","coordinates":[12.360597,55.671968]},"properties":{"name":"Teglmosevej (Roholmsvej)","lines":"143","arr":["143"],"terminus":0,"mode":"bus","color":"#0059a9","colorDark":"#00294f","angle":283.2,"snapDist":1,"label":1}},{"type":"Feature","geometry":{"type":"Point","coordinates":[12.360174,55.669455]},"properties":{"name":"Bispehusene (Roholmsvej)","lines":"143","arr":["143"],"terminus":0,"mode":"bus","color":"#0059a9","colorDark":"#00294f","angle":270.4,"snapDist":1,"label":1}},{"type":"Feature","geometry":{"type":"Point","coordinates":[12.351955,55.659254]},"properties":{"name":"Albertslund St. (Hedemarksvej)","lines":"143, 144","arr":["143","144"],"terminus":0,"mode":"bus","color":"#0059a9","colorDark":"#00294f","angle":257.9,"snapDist":2,"label":0}},{"type":"Feature","geometry":{"type":"Point","coordinates":[12.351842,55.656343]},"properties":{"name":"Nordmarks Allé (Albertslundvej)","lines":"143, 144, 149","arr":["143","144","149"],"terminus":0,"mode":"bus","color":"#0059a9","colorDark":"#00294f","angle":259.6,"snapDist":2,"label":1}},{"type":"Feature","geometry":{"type":"Point","coordinates":[12.352674,55.65397]},"properties":{"name":"Albertslund Gymnasium (Albertslundvej)","lines":"143","arr":["143"],"terminus":0,"mode":"bus","color":"#0059a9","colorDark":"#00294f","angle":258.9,"snapDist":4,"label":1}},{"type":"Feature","geometry":{"type":"Point","coordinates":[12.354437,55.648909]},"properties":{"name":"Skolestien (Vejlegårdsvej)","lines":"143","arr":["143"],"terminus":0,"mode":"bus","color":"#0059a9","colorDark":"#00294f","angle":259.1,"snapDist":2,"label":1}},{"type":"Feature","geometry":{"type":"Point","coordinates":[12.356657,55.642845]},"properties":{"name":"Vallensbækvej (Vejlegårdsvej)","lines":"143","arr":["143"],"terminus":0,"mode":"bus","color":"#0059a9","colorDark":"#00294f","angle":261.5,"snapDist":4,"label":1}},{"type":"Feature","geometry":{"type":"Point","coordinates":[12.35913,55.63817]},"properties":{"name":"Korsagergård (Vejlegårdsvej)","lines":"143, 144","arr":["143","144"],"terminus":0,"mode":"bus","color":"#0059a9","colorDark":"#00294f","angle":249.9,"snapDist":1,"label":1}},{"type":"Feature","geometry":{"type":"Point","coordinates":[12.364551,55.635601]},"properties":{"name":"Bækrenden (Bygaden)","lines":"143, 144","arr":["143","144"],"terminus":0,"mode":"bus","color":"#0059a9","colorDark":"#00294f","angle":259.4,"snapDist":1,"label":1}},{"type":"Feature","geometry":{"type":"Point","coordinates":[12.36667,55.634108]},"properties":{"name":"Vallensbæk By, Toftevej (Bygaden)","lines":"143, 144","arr":["143","144"],"terminus":0,"mode":"bus","color":"#0059a9","colorDark":"#00294f","angle":256.5,"snapDist":2,"label":1}},{"type":"Feature","geometry":{"type":"Point","coordinates":[12.367032,55.6329]},"properties":{"name":"Bygaden (Møllestensager)","lines":"143, 144","arr":["143","144"],"terminus":0,"mode":"bus","color":"#0059a9","colorDark":"#00294f","angle":312.5,"snapDist":2,"label":1}},{"type":"Feature","geometry":{"type":"Point","coordinates":[12.368309,55.629878]},"properties":{"name":"Idræts Allé (Vejlegårdsvej)","lines":"143, 144","arr":["143","144"],"terminus":0,"mode":"bus","color":"#0059a9","colorDark":"#00294f","angle":234.7,"snapDist":0,"label":1}},{"type":"Feature","geometry":{"type":"Point","coordinates":[12.371285,55.627315]},"properties":{"name":"Lundbækvej (Vejlegårdsvej)","lines":"143, 144","arr":["143","144"],"terminus":0,"mode":"bus","color":"#0059a9","colorDark":"#00294f","angle":238.7,"snapDist":0,"label":1}},{"type":"Feature","geometry":{"type":"Point","coordinates":[12.376532,55.623514]},"properties":{"name":"Liselundsvej (Vejlesvinget)","lines":"143, 144","arr":["143","144"],"terminus":0,"mode":"bus","color":"#0059a9","colorDark":"#00294f","angle":170.3,"snapDist":0,"label":1}},{"type":"Feature","geometry":{"type":"Point","coordinates":[12.379335,55.624641]},"properties":{"name":"Vejlegårdsparken (Vejlesvinget)","lines":"143, 144","arr":["143","144"],"terminus":0,"mode":"bus","color":"#0059a9","colorDark":"#00294f","angle":58.7,"snapDist":3,"label":1}},{"type":"Feature","geometry":{"type":"Point","coordinates":[12.383494,55.623604]},"properties":{"name":"Vallensbæk St. Sdr. Ringvej (Vejlegårdsparken)","lines":"143, 144","arr":["143","144"],"terminus":0,"mode":"bus","color":"#0059a9","colorDark":"#00294f","angle":158,"snapDist":1,"label":1}},{"type":"Feature","geometry":{"type":"Point","coordinates":[12.385852,55.625986]},"properties":{"name":"Gammelgårds Allé (Vejlegårdsparken)","lines":"143, 144","arr":["143","144"],"terminus":0,"mode":"bus","color":"#0059a9","colorDark":"#00294f","angle":109.2,"snapDist":0,"label":1}},{"type":"Feature","geometry":{"type":"Point","coordinates":[12.388419,55.623051]},"properties":{"name":"Vallensbæk St.","lines":"143, 144","arr":["143","144"],"terminus":1,"mode":"bus","color":"#0059a9","colorDark":"#00294f","angle":327.9,"snapDist":4,"label":0}},{"type":"Feature","geometry":{"type":"Point","coordinates":[12.38584,55.625967]},"properties":{"name":"Gammelgårds Allé (Vejlegårdsparken)","lines":"143, 144","arr":["143","144"],"terminus":0,"mode":"bus","color":"#0059a9","colorDark":"#00294f","angle":289.2,"snapDist":0,"label":0}},{"type":"Feature","geometry":{"type":"Point","coordinates":[12.384006,55.623773]},"properties":{"name":"Vallensbæk St., Sdr. Ringvej (Vejlegårdsparken)","lines":"143, 144","arr":["143","144"],"terminus":0,"mode":"bus","color":"#0059a9","colorDark":"#00294f","angle":323.6,"snapDist":0,"label":1}},{"type":"Feature","geometry":{"type":"Point","coordinates":[12.379411,55.62457]},"properties":{"name":"Vejlegårdsparken (Vejlesvinget)","lines":"143, 144","arr":["143","144"],"terminus":0,"mode":"bus","color":"#0059a9","colorDark":"#00294f","angle":58.7,"snapDist":2,"label":0}},{"type":"Feature","geometry":{"type":"Point","coordinates":[12.376001,55.623457]},"properties":{"name":"Liselundsvej (Vejlesvinget)","lines":"143, 144","arr":["143","144"],"terminus":0,"mode":"bus","color":"#0059a9","colorDark":"#00294f","angle":345.5,"snapDist":1,"label":0}},{"type":"Feature","geometry":{"type":"Point","coordinates":[12.37128,55.627319]},"properties":{"name":"Lundbækvej (Vejlegårdsvej)","lines":"143, 144","arr":["143","144"],"terminus":0,"mode":"bus","color":"#0059a9","colorDark":"#00294f","angle":58.7,"snapDist":1,"label":0}},{"type":"Feature","geometry":{"type":"Point","coordinates":[12.368645,55.629611]},"properties":{"name":"Idræts Allé (Vejlegårdsvej)","lines":"143, 144","arr":["143","144"],"terminus":0,"mode":"bus","color":"#0059a9","colorDark":"#00294f","angle":54.9,"snapDist":1,"label":0}},{"type":"Feature","geometry":{"type":"Point","coordinates":[12.367032,55.6329]},"properties":{"name":"Bygaden (Møllestensager)","lines":"143, 144","arr":["143","144"],"terminus":0,"mode":"bus","color":"#0059a9","colorDark":"#00294f","angle":132.5,"snapDist":2,"label":0}},{"type":"Feature","geometry":{"type":"Point","coordinates":[12.366631,55.6342]},"properties":{"name":"Vallensbæk By, Toftevej (Bygaden)","lines":"143, 144","arr":["143","144"],"terminus":0,"mode":"bus","color":"#0059a9","colorDark":"#00294f","angle":76.5,"snapDist":2,"label":0}},{"type":"Feature","geometry":{"type":"Point","coordinates":[12.364479,55.635783]},"properties":{"name":"Bækrenden (Bygaden)","lines":"143, 144","arr":["143","144"],"terminus":0,"mode":"bus","color":"#0059a9","colorDark":"#00294f","angle":73.5,"snapDist":0,"label":0}},{"type":"Feature","geometry":{"type":"Point","coordinates":[12.359059,55.638276]},"properties":{"name":"Korsagergård (Vejlegårdsvej)","lines":"143, 144","arr":["143","144"],"terminus":0,"mode":"bus","color":"#0059a9","colorDark":"#00294f","angle":69.2,"snapDist":0,"label":0}},{"type":"Feature","geometry":{"type":"Point","coordinates":[12.356371,55.643663]},"properties":{"name":"Vallensbækvej (Vejlegårdsvej)","lines":"143","arr":["143"],"terminus":0,"mode":"bus","color":"#0059a9","colorDark":"#00294f","angle":79,"snapDist":4,"label":0}},{"type":"Feature","geometry":{"type":"Point","coordinates":[12.354329,55.649547]},"properties":{"name":"Skolestien (Vejlegårdsvej)","lines":"143","arr":["143"],"terminus":0,"mode":"bus","color":"#0059a9","colorDark":"#00294f","angle":79.2,"snapDist":5,"label":0}},{"type":"Feature","geometry":{"type":"Point","coordinates":[12.35268,55.654366]},"properties":{"name":"Albertslund Gymnasium (Albertslundvej)","lines":"143","arr":["143"],"terminus":0,"mode":"bus","color":"#0059a9","colorDark":"#00294f","angle":79.1,"snapDist":0,"label":0}},{"type":"Feature","geometry":{"type":"Point","coordinates":[12.351997,55.656325]},"properties":{"name":"Nordmarks Allé (Albertslundvej)","lines":"143, 144, 149","arr":["143","144","149"],"terminus":0,"mode":"bus","color":"#0059a9","colorDark":"#00294f","angle":79.1,"snapDist":1,"label":0}},{"type":"Feature","geometry":{"type":"Point","coordinates":[12.352149,55.658692]},"properties":{"name":"Albertslund St. (Hedemarksvej)","lines":"143, 149","arr":["143","149"],"terminus":0,"mode":"bus","color":"#0059a9","colorDark":"#00294f","angle":259.1,"snapDist":2,"label":0}},{"type":"Feature","geometry":{"type":"Point","coordinates":[12.35163,55.667545]},"properties":{"name":"Kildegården (Stensmosevej)","lines":"143","arr":["143"],"terminus":0,"mode":"bus","color":"#0059a9","colorDark":"#00294f","angle":177.8,"snapDist":0,"label":1}},{"type":"Feature","geometry":{"type":"Point","coordinates":[12.355809,55.667713]},"properties":{"name":"Damgården (Stensmosevej)","lines":"143","arr":["143"],"terminus":0,"mode":"bus","color":"#0059a9","colorDark":"#00294f","angle":172.9,"snapDist":1,"label":1}},{"type":"Feature","geometry":{"type":"Point","coordinates":[12.360179,55.669985]},"properties":{"name":"Bispehusene (Roholmsvej)","lines":"143","arr":["143"],"terminus":0,"mode":"bus","color":"#0059a9","colorDark":"#00294f","angle":90.2,"snapDist":1,"label":0}},{"type":"Feature","geometry":{"type":"Point","coordinates":[12.360653,55.672102]},"properties":{"name":"Teglmosevej (Roholmsvej)","lines":"143","arr":["143"],"terminus":0,"mode":"bus","color":"#0059a9","colorDark":"#00294f","angle":103.2,"snapDist":1,"label":0}},{"type":"Feature","geometry":{"type":"Point","coordinates":[12.345841,55.680329]},"properties":{"name":"Galgebakken (Gl. Landevej)","lines":"143","arr":["143"],"terminus":1,"mode":"bus","color":"#0059a9","colorDark":"#00294f","angle":14.9,"snapDist":2,"label":0}},{"type":"Feature","geometry":{"type":"Point","coordinates":[12.35861,55.730054]},"properties":{"name":"Ballerup St. (Banegårdspladsen)","lines":"144, 834","arr":["144","834"],"terminus":1,"mode":"bus","color":"#0059a9","colorDark":"#00294f","angle":306.9,"snapDist":0,"label":1}},{"type":"Feature","geometry":{"type":"Point","coordinates":[12.356614,55.732719]},"properties":{"name":"Lindehaven (Præstevænget)","lines":"144, 147, 834","arr":["144","147","834"],"terminus":0,"mode":"bus","color":"#0059a9","colorDark":"#00294f","angle":13.2,"snapDist":1,"label":1}},{"type":"Feature","geometry":{"type":"Point","coordinates":[12.353197,55.733343]},"properties":{"name":"Nygårdsvej (Præstevænget)","lines":"144, 147, 834","arr":["144","147","834"],"terminus":0,"mode":"bus","color":"#0059a9","colorDark":"#00294f","angle":28.8,"snapDist":1,"label":1}},{"type":"Feature","geometry":{"type":"Point","coordinates":[12.347783,55.731989]},"properties":{"name":"Telegrafvej (Vestbuen)","lines":"144","arr":["144"],"terminus":0,"mode":"bus","color":"#0059a9","colorDark":"#00294f","angle":301.1,"snapDist":1,"label":1}},{"type":"Feature","geometry":{"type":"Point","coordinates":[12.34587,55.728164]},"properties":{"name":"Grantoftecentret (Vestbuen)","lines":"144, 156, 834","arr":["144","156","834"],"terminus":0,"mode":"bus","color":"#0059a9","colorDark":"#00294f","angle":278,"snapDist":4,"label":1}},{"type":"Feature","geometry":{"type":"Point","coordinates":[12.342926,55.723364]},"properties":{"name":"Grantofteskolen (Ågerupvej)","lines":"144","arr":["144"],"terminus":0,"mode":"bus","color":"#0059a9","colorDark":"#00294f","angle":327.7,"snapDist":0,"label":1}},{"type":"Feature","geometry":{"type":"Point","coordinates":[12.339456,55.722151]},"properties":{"name":"Grantofteparken (Ågerupvej)","lines":"144","arr":["144"],"terminus":0,"mode":"bus","color":"#0059a9","colorDark":"#00294f","angle":332.8,"snapDist":0,"label":1}},{"type":"Feature","geometry":{"type":"Point","coordinates":[12.33305,55.721734]},"properties":{"name":"HF Rønhøjgård (Ågerupvej)","lines":"144","arr":["144"],"terminus":0,"mode":"bus","color":"#0059a9","colorDark":"#00294f","angle":0.3,"snapDist":1,"label":1}},{"type":"Feature","geometry":{"type":"Point","coordinates":[12.32462,55.71914]},"properties":{"name":"HF Stuvehøjgård (Ågerupvej)","lines":"144","arr":["144"],"terminus":0,"mode":"bus","color":"#0059a9","colorDark":"#00294f","angle":310.5,"snapDist":1,"label":1}},{"type":"Feature","geometry":{"type":"Point","coordinates":[12.314427,55.718909]},"properties":{"name":"Egegård (Ågerupvej)","lines":"144","arr":["144"],"terminus":0,"mode":"bus","color":"#0059a9","colorDark":"#00294f","angle":4.5,"snapDist":1,"label":1}},{"type":"Feature","geometry":{"type":"Point","coordinates":[12.309414,55.713277]},"properties":{"name":"Præstetoften (Ledøjetoften)","lines":"144","arr":["144"],"terminus":0,"mode":"bus","color":"#0059a9","colorDark":"#00294f","angle":289.9,"snapDist":1,"label":1}},{"type":"Feature","geometry":{"type":"Point","coordinates":[12.30658,55.710884]},"properties":{"name":"Ledøje, Holmevej (Ledøjetoften)","lines":"144","arr":["144"],"terminus":0,"mode":"bus","color":"#0059a9","colorDark":"#00294f","angle":309.2,"snapDist":0,"label":1}},{"type":"Feature","geometry":{"type":"Point","coordinates":[12.308504,55.709686]},"properties":{"name":"Haretoften (Risbyvej)","lines":"144","arr":["144"],"terminus":0,"mode":"bus","color":"#0059a9","colorDark":"#00294f","angle":202.5,"snapDist":1,"label":1}},{"type":"Feature","geometry":{"type":"Point","coordinates":[12.322237,55.706384]},"properties":{"name":"Margrethelund (Risbyvej)","lines":"144","arr":["144"],"terminus":0,"mode":"bus","color":"#0059a9","colorDark":"#00294f","angle":203,"snapDist":1,"label":1}},{"type":"Feature","geometry":{"type":"Point","coordinates":[12.322924,55.697182]},"properties":{"name":"Tinghøjvej (Ledøjevej)","lines":"144","arr":["144"],"terminus":0,"mode":"bus","color":"#0059a9","colorDark":"#00294f","angle":270.6,"snapDist":0,"label":1}},{"type":"Feature","geometry":{"type":"Point","coordinates":[12.3265,55.689686]},"properties":{"name":"Risby (Ledøjevej)","lines":"144","arr":["144"],"terminus":0,"mode":"bus","color":"#0059a9","colorDark":"#00294f","angle":198.6,"snapDist":0,"label":1}},{"type":"Feature","geometry":{"type":"Point","coordinates":[12.342278,55.674323]},"properties":{"name":"Damgårdsvej (Herstedvestervej)","lines":"144","arr":["144"],"terminus":0,"mode":"bus","color":"#0059a9","colorDark":"#00294f","angle":302.6,"snapDist":0,"label":1}},{"type":"Feature","geometry":{"type":"Point","coordinates":[12.340179,55.670855]},"properties":{"name":"Herstedvester Skole (Herstedvestervej)","lines":"144","arr":["144"],"terminus":0,"mode":"bus","color":"#0059a9","colorDark":"#00294f","angle":283.6,"snapDist":1,"label":1}},{"type":"Feature","geometry":{"type":"Point","coordinates":[12.338755,55.666342]},"properties":{"name":"Porsager (Herstedvestervej)","lines":"144","arr":["144"],"terminus":0,"mode":"bus","color":"#0059a9","colorDark":"#00294f","angle":279.9,"snapDist":2,"label":1}},{"type":"Feature","geometry":{"type":"Point","coordinates":[12.336124,55.662066]},"properties":{"name":"Hvidager (Herstedvestervej)","lines":"144","arr":["144"],"terminus":0,"mode":"bus","color":"#0059a9","colorDark":"#00294f","angle":298.2,"snapDist":0,"label":1}},{"type":"Feature","geometry":{"type":"Point","coordinates":[12.334243,55.658231]},"properties":{"name":"Nyvej (Vridsløsevej)","lines":"144, 149","arr":["144","149"],"terminus":0,"mode":"bus","color":"#0059a9","colorDark":"#00294f","angle":276.4,"snapDist":0,"label":1}},{"type":"Feature","geometry":{"type":"Point","coordinates":[12.336187,55.653853]},"properties":{"name":"Hjulets Kvarter (Kongsholm Allé)","lines":"144, 149","arr":["144","149"],"terminus":0,"mode":"bus","color":"#0059a9","colorDark":"#00294f","angle":168.9,"snapDist":2,"label":1}},{"type":"Feature","geometry":{"type":"Point","coordinates":[12.343581,55.654663]},"properties":{"name":"Faklens Kvarter (Kongsholm Allé)","lines":"144, 149","arr":["144","149"],"terminus":0,"mode":"bus","color":"#0059a9","colorDark":"#00294f","angle":169.4,"snapDist":1,"label":1}},{"type":"Feature","geometry":{"type":"Point","coordinates":[12.350926,55.65548]},"properties":{"name":"Liljens Kvarter (Kongsholm Allé)","lines":"144, 149","arr":["144","149"],"terminus":0,"mode":"bus","color":"#0059a9","colorDark":"#00294f","angle":169.1,"snapDist":2,"label":1}},{"type":"Feature","geometry":{"type":"Point","coordinates":[12.357607,55.656206]},"properties":{"name":"Bibliotekstorvet (Nordmarks Allé)","lines":"144, 149","arr":["144","149"],"terminus":0,"mode":"bus","color":"#0059a9","colorDark":"#00294f","angle":169,"snapDist":1,"label":1}},{"type":"Feature","geometry":{"type":"Point","coordinates":[12.36151,55.656634]},"properties":{"name":"Rådhusdammen (Nordmarks Allé)","lines":"144, 149","arr":["144","149"],"terminus":0,"mode":"bus","color":"#0059a9","colorDark":"#00294f","angle":168.8,"snapDist":0,"label":1}},{"type":"Feature","geometry":{"type":"Point","coordinates":[12.367129,55.654274]},"properties":{"name":"Firkløverparken (Vallensbæk Torvevej)","lines":"144, 149","arr":["144","149"],"terminus":0,"mode":"bus","color":"#0059a9","colorDark":"#00294f","angle":232.2,"snapDist":1,"label":1}},{"type":"Feature","geometry":{"type":"Point","coordinates":[12.370007,55.652103]},"properties":{"name":"Kornmarksvej (Vallensbæk Torvevej)","lines":"144","arr":["144"],"terminus":0,"mode":"bus","color":"#0059a9","colorDark":"#00294f","angle":238,"snapDist":2,"label":1}},{"type":"Feature","geometry":{"type":"Point","coordinates":[12.371131,55.644047]},"properties":{"name":"Syvhøjvænge (Vallensbækvej)","lines":"144","arr":["144"],"terminus":0,"mode":"bus","color":"#0059a9","colorDark":"#00294f","angle":355.7,"snapDist":0,"label":1}},{"type":"Feature","geometry":{"type":"Point","coordinates":[12.365107,55.643725]},"properties":{"name":"Nørrestien (Vallensbækvej)","lines":"144","arr":["144"],"terminus":0,"mode":"bus","color":"#0059a9","colorDark":"#00294f","angle":354.6,"snapDist":1,"label":1}},{"type":"Feature","geometry":{"type":"Point","coordinates":[12.358049,55.643316]},"properties":{"name":"Pilestien (Vallensbækvej)","lines":"144","arr":["144"],"terminus":0,"mode":"bus","color":"#0059a9","colorDark":"#00294f","angle":354.1,"snapDist":1,"label":1}},{"type":"Feature","geometry":{"type":"Point","coordinates":[12.359457,55.643339]},"properties":{"name":"Pilestien (Vallensbækvej)","lines":"144","arr":["144"],"terminus":0,"mode":"bus","color":"#0059a9","colorDark":"#00294f","angle":174.7,"snapDist":3,"label":0}},{"type":"Feature","geometry":{"type":"Point","coordinates":[12.366612,55.643762]},"properties":{"name":"Nørrestien (Vallensbækvej)","lines":"144","arr":["144"],"terminus":0,"mode":"bus","color":"#0059a9","colorDark":"#00294f","angle":174.8,"snapDist":5,"label":0}},{"type":"Feature","geometry":{"type":"Point","coordinates":[12.369439,55.652784]},"properties":{"name":"Kornmarksvej (Vallensbæk Torvevej)","lines":"144, 149","arr":["144","149"],"terminus":0,"mode":"bus","color":"#0059a9","colorDark":"#00294f","angle":53.7,"snapDist":0,"label":0}},{"type":"Feature","geometry":{"type":"Point","coordinates":[12.366441,55.655028]},"properties":{"name":"Firkløverparken (Vallensbæk Torvevej)","lines":"144, 149","arr":["144","149"],"terminus":0,"mode":"bus","color":"#0059a9","colorDark":"#00294f","angle":52.4,"snapDist":1,"label":0}},{"type":"Feature","geometry":{"type":"Point","coordinates":[12.361245,55.656718]},"properties":{"name":"Rådhusdammen (Nordmarks Allé)","lines":"144, 149","arr":["144","149"],"terminus":0,"mode":"bus","color":"#0059a9","colorDark":"#00294f","angle":348.8,"snapDist":1,"label":0}},{"type":"Feature","geometry":{"type":"Point","coordinates":[12.357378,55.656287]},"properties":{"name":"Bibliotekstorvet (Nordmarks Allé)","lines":"144, 149","arr":["144","149"],"terminus":0,"mode":"bus","color":"#0059a9","colorDark":"#00294f","angle":348.9,"snapDist":0,"label":0}},{"type":"Feature","geometry":{"type":"Point","coordinates":[12.352059,55.658958]},"properties":{"name":"Albertslund St. (Hedemarksvej)","lines":"144, 149","arr":["144","149"],"terminus":0,"mode":"bus","color":"#0059a9","colorDark":"#00294f","angle":259.1,"snapDist":7,"label":0}},{"type":"Feature","geometry":{"type":"Point","coordinates":[12.34909,55.655362]},"properties":{"name":"Liljens Kvarter (Kongsholm Allé)","lines":"144, 149","arr":["144","149"],"terminus":0,"mode":"bus","color":"#0059a9","colorDark":"#00294f","angle":354.1,"snapDist":1,"label":0}},{"type":"Feature","geometry":{"type":"Point","coordinates":[12.34322,55.654709]},"properties":{"name":"Faklens Kvarter (Kongsholm Allé)","lines":"144, 149","arr":["144","149"],"terminus":0,"mode":"bus","color":"#0059a9","colorDark":"#00294f","angle":348.9,"snapDist":1,"label":0}},{"type":"Feature","geometry":{"type":"Point","coordinates":[12.336583,55.65399]},"properties":{"name":"Hjulets Kvarter (Kongsholm Allé)","lines":"144, 149","arr":["144","149"],"terminus":0,"mode":"bus","color":"#0059a9","colorDark":"#00294f","angle":349,"snapDist":1,"label":0}},{"type":"Feature","geometry":{"type":"Point","coordinates":[12.33437,55.658802]},"properties":{"name":"Nyvej (Vridsløsevej)","lines":"144, 149","arr":["144","149"],"terminus":0,"mode":"bus","color":"#0059a9","colorDark":"#00294f","angle":97.2,"snapDist":1,"label":0}},{"type":"Feature","geometry":{"type":"Point","coordinates":[12.336158,55.662101]},"properties":{"name":"Hvidager (Herstedvestervej)","lines":"144","arr":["144"],"terminus":0,"mode":"bus","color":"#0059a9","colorDark":"#00294f","angle":118.2,"snapDist":1,"label":0}},{"type":"Feature","geometry":{"type":"Point","coordinates":[12.339086,55.667467]},"properties":{"name":"Porsager (Herstedvestervej)","lines":"144","arr":["144"],"terminus":0,"mode":"bus","color":"#0059a9","colorDark":"#00294f","angle":98.5,"snapDist":2,"label":0}},{"type":"Feature","geometry":{"type":"Point","coordinates":[12.3399,55.670061]},"properties":{"name":"Herstedvester Skole (Herstedvestervej)","lines":"144","arr":["144"],"terminus":0,"mode":"bus","color":"#0059a9","colorDark":"#00294f","angle":101.4,"snapDist":1,"label":0}},{"type":"Feature","geometry":{"type":"Point","coordinates":[12.342059,55.67413]},"properties":{"name":"Damgårdsvej (Herstedvestervej)","lines":"144","arr":["144"],"terminus":0,"mode":"bus","color":"#0059a9","colorDark":"#00294f","angle":122.6,"snapDist":0,"label":0}},{"type":"Feature","geometry":{"type":"Point","coordinates":[12.327115,55.689561]},"properties":{"name":"Risby (Ledøjevej)","lines":"144","arr":["144"],"terminus":0,"mode":"bus","color":"#0059a9","colorDark":"#00294f","angle":20.9,"snapDist":1,"label":0}},{"type":"Feature","geometry":{"type":"Point","coordinates":[12.322938,55.697891]},"properties":{"name":"Tinghøjvej (Ledøjevej)","lines":"144","arr":["144"],"terminus":0,"mode":"bus","color":"#0059a9","colorDark":"#00294f","angle":90.7,"snapDist":0,"label":0}},{"type":"Feature","geometry":{"type":"Point","coordinates":[12.322205,55.706392]},"properties":{"name":"Margrethelund (Risbyvej)","lines":"144","arr":["144"],"terminus":0,"mode":"bus","color":"#0059a9","colorDark":"#00294f","angle":23,"snapDist":0,"label":0}},{"type":"Feature","geometry":{"type":"Point","coordinates":[12.308334,55.709728]},"properties":{"name":"Haretoften (Risbyvej)","lines":"144","arr":["144"],"terminus":0,"mode":"bus","color":"#0059a9","colorDark":"#00294f","angle":23.5,"snapDist":1,"label":0}},{"type":"Feature","geometry":{"type":"Point","coordinates":[12.306611,55.710906]},"properties":{"name":"Ledøje, Holmevej (Ledøjetoften)","lines":"144","arr":["144"],"terminus":0,"mode":"bus","color":"#0059a9","colorDark":"#00294f","angle":129.2,"snapDist":1,"label":0}},{"type":"Feature","geometry":{"type":"Point","coordinates":[12.309282,55.713068]},"properties":{"name":"Præstetoften (Ledøjetoften)","lines":"144","arr":["144"],"terminus":0,"mode":"bus","color":"#0059a9","colorDark":"#00294f","angle":109.2,"snapDist":0,"label":0}},{"type":"Feature","geometry":{"type":"Point","coordinates":[12.314395,55.718911]},"properties":{"name":"Egegård (Ledøjetoften)","lines":"144","arr":["144"],"terminus":0,"mode":"bus","color":"#0059a9","colorDark":"#00294f","angle":184.5,"snapDist":1,"label":1}},{"type":"Feature","geometry":{"type":"Point","coordinates":[12.325008,55.71942]},"properties":{"name":"HF Stuvehøjgård (Ågerupvej)","lines":"144","arr":["144"],"terminus":0,"mode":"bus","color":"#0059a9","colorDark":"#00294f","angle":120.2,"snapDist":1,"label":0}},{"type":"Feature","geometry":{"type":"Point","coordinates":[12.334149,55.721741]},"properties":{"name":"HF Rønhøjgård (Ågerupvej)","lines":"144","arr":["144"],"terminus":0,"mode":"bus","color":"#0059a9","colorDark":"#00294f","angle":178.9,"snapDist":1,"label":0}},{"type":"Feature","geometry":{"type":"Point","coordinates":[12.339538,55.722175]},"properties":{"name":"Grantofteparken (Ågerupvej)","lines":"144","arr":["144"],"terminus":0,"mode":"bus","color":"#0059a9","colorDark":"#00294f","angle":152.8,"snapDist":0,"label":0}},{"type":"Feature","geometry":{"type":"Point","coordinates":[12.343206,55.723463]},"properties":{"name":"Grantofteskolen (Ågerupvej)","lines":"144","arr":["144"],"terminus":0,"mode":"bus","color":"#0059a9","colorDark":"#00294f","angle":148.6,"snapDist":1,"label":0}},{"type":"Feature","geometry":{"type":"Point","coordinates":[12.345819,55.727931]},"properties":{"name":"Grantoftecentret (Vestbuen)","lines":"144, 834","arr":["144","834"],"terminus":0,"mode":"bus","color":"#0059a9","colorDark":"#00294f","angle":96.8,"snapDist":4,"label":0}},{"type":"Feature","geometry":{"type":"Point","coordinates":[12.348556,55.732601]},"properties":{"name":"Telegrafvej (Vestbuen)","lines":"144","arr":["144"],"terminus":0,"mode":"bus","color":"#0059a9","colorDark":"#00294f","angle":131.8,"snapDist":0,"label":0}},{"type":"Feature","geometry":{"type":"Point","coordinates":[12.352703,55.733517]},"properties":{"name":"Nygårdsvej (Præstevænget)","lines":"144, 157","arr":["144","157"],"terminus":0,"mode":"bus","color":"#0059a9","colorDark":"#00294f","angle":219.7,"snapDist":1,"label":0}},{"type":"Feature","geometry":{"type":"Point","coordinates":[12.359305,55.73235]},"properties":{"name":"Lindehaven (Præstevænget)","lines":"144, 157","arr":["144","157"],"terminus":0,"mode":"bus","color":"#0059a9","colorDark":"#00294f","angle":193.6,"snapDist":0,"label":0}},{"type":"Feature","geometry":{"type":"Point","coordinates":[12.358453,55.730122]},"properties":{"name":"Ballerup St. (Banegårdspladsen)","lines":"147, 156, 157","arr":["147","156","157"],"terminus":1,"mode":"bus","color":"#0059a9","colorDark":"#00294f","angle":307.3,"snapDist":1,"label":0}},{"type":"Feature","geometry":{"type":"Point","coordinates":[12.355811,55.737203]},"properties":{"name":"Ballerup Byvej (Jonstrupvej)","lines":"147","arr":["147"],"terminus":0,"mode":"bus","color":"#0059a9","colorDark":"#00294f","angle":101.2,"snapDist":0,"label":1}},{"type":"Feature","geometry":{"type":"Point","coordinates":[12.353659,55.741015]},"properties":{"name":"Hundens Kvarter (Jonstrupvej)","lines":"147","arr":["147"],"terminus":0,"mode":"bus","color":"#0059a9","colorDark":"#00294f","angle":76.5,"snapDist":1,"label":1}},{"type":"Feature","geometry":{"type":"Point","coordinates":[12.351371,55.745638]},"properties":{"name":"Jonstrupvej 160 (Jonstrupvej)","lines":"147","arr":["147"],"terminus":0,"mode":"bus","color":"#0059a9","colorDark":"#00294f","angle":44.5,"snapDist":1,"label":1}},{"type":"Feature","geometry":{"type":"Point","coordinates":[12.345062,55.749723]},"properties":{"name":"Søndervej (Jonstrupvej)","lines":"147","arr":["147"],"terminus":0,"mode":"bus","color":"#0059a9","colorDark":"#00294f","angle":52.9,"snapDist":0,"label":1}},{"type":"Feature","geometry":{"type":"Point","coordinates":[12.342694,55.751624]},"properties":{"name":"Svalebo (Jonstrupvej)","lines":"147","arr":["147"],"terminus":0,"mode":"bus","color":"#0059a9","colorDark":"#00294f","angle":65.8,"snapDist":0,"label":1}},{"type":"Feature","geometry":{"type":"Point","coordinates":[12.33981,55.754436]},"properties":{"name":"Tvendagervej (Måløvgårdsvej)","lines":"147","arr":["147"],"terminus":0,"mode":"bus","color":"#0059a9","colorDark":"#00294f","angle":351.3,"snapDist":0,"label":1}},{"type":"Feature","geometry":{"type":"Point","coordinates":[12.336367,55.754937]},"properties":{"name":"Knastebakken (Måløvgårdsvej)","lines":"147, 152","arr":["147","152"],"terminus":0,"mode":"bus","color":"#0059a9","colorDark":"#00294f","angle":31.7,"snapDist":3,"label":1}},{"type":"Feature","geometry":{"type":"Point","coordinates":[12.333259,55.754247]},"properties":{"name":"Måløv Parkvej (Kratvej)","lines":"147","arr":["147"],"terminus":0,"mode":"bus","color":"#0059a9","colorDark":"#00294f","angle":31.8,"snapDist":0,"label":1}},{"type":"Feature","geometry":{"type":"Point","coordinates":[12.33007,55.754829]},"properties":{"name":"Møllestykket (Kratvej)","lines":"147","arr":["147"],"terminus":0,"mode":"bus","color":"#0059a9","colorDark":"#00294f","angle":3.2,"snapDist":0,"label":1}},{"type":"Feature","geometry":{"type":"Point","coordinates":[12.324319,55.753841]},"properties":{"name":"Bakkesvinget (Kratvej)","lines":"147","arr":["147"],"terminus":0,"mode":"bus","color":"#0059a9","colorDark":"#00294f","angle":330.7,"snapDist":1,"label":1}},{"type":"Feature","geometry":{"type":"Point","coordinates":[12.320971,55.752826]},"properties":{"name":"Bavnevolden (Kratvej)","lines":"147","arr":["147"],"terminus":0,"mode":"bus","color":"#0059a9","colorDark":"#00294f","angle":333.1,"snapDist":0,"label":1}},{"type":"Feature","geometry":{"type":"Point","coordinates":[12.317227,55.751817]},"properties":{"name":"Måløv Kirke (Kratvej)","lines":"147","arr":["147"],"terminus":0,"mode":"bus","color":"#0059a9","colorDark":"#00294f","angle":303.4,"snapDist":1,"label":1}},{"type":"Feature","geometry":{"type":"Point","coordinates":[12.310257,55.752603]},"properties":{"name":"Eskebjerggård (Måløv Hovedgade)","lines":"147, 153","arr":["147","153"],"terminus":0,"mode":"bus","color":"#0059a9","colorDark":"#00294f","angle":0.9,"snapDist":1,"label":1}},{"type":"Feature","geometry":{"type":"Point","coordinates":[12.309411,55.750726]},"properties":{"name":"Smørumvej (Måløv Byvej)","lines":"147","arr":["147"],"terminus":0,"mode":"bus","color":"#0059a9","colorDark":"#00294f","angle":201.8,"snapDist":0,"label":1}},{"type":"Feature","geometry":{"type":"Point","coordinates":[12.319042,55.747275]},"properties":{"name":"Måløv St.","lines":"147, 157","arr":["147","157"],"terminus":1,"mode":"bus","color":"#0059a9","colorDark":"#00294f","angle":307.6,"snapDist":16,"label":1}},{"type":"Feature","geometry":{"type":"Point","coordinates":[12.324486,55.745993]},"properties":{"name":"Måløv Hovedgade (Måløv Byvej)","lines":"147, 152","arr":["147","152"],"terminus":0,"mode":"bus","color":"#0059a9","colorDark":"#00294f","angle":206,"snapDist":0,"label":1}},{"type":"Feature","geometry":{"type":"Point","coordinates":[12.322476,55.741505]},"properties":{"name":"Søndergårds Allé (Smørum Parkvej)","lines":"147","arr":["147"],"terminus":0,"mode":"bus","color":"#0059a9","colorDark":"#00294f","angle":333.5,"snapDist":1,"label":1}},{"type":"Feature","geometry":{"type":"Point","coordinates":[12.313691,55.741038]},"properties":{"name":"Kirsebærvangen (Frugtvangen)","lines":"147","arr":["147"],"terminus":0,"mode":"bus","color":"#0059a9","colorDark":"#00294f","angle":54.5,"snapDist":0,"label":1}},{"type":"Feature","geometry":{"type":"Point","coordinates":[12.30954,55.745627]},"properties":{"name":"Havrevej (Frugtvangen)","lines":"147","arr":["147"],"terminus":0,"mode":"bus","color":"#0059a9","colorDark":"#00294f","angle":58.3,"snapDist":0,"label":1}},{"type":"Feature","geometry":{"type":"Point","coordinates":[12.304868,55.74841]},"properties":{"name":"Frugtvangen (Hindbærvangen)","lines":"147","arr":["147"],"terminus":0,"mode":"bus","color":"#0059a9","colorDark":"#00294f","angle":322.5,"snapDist":0,"label":1}},{"type":"Feature","geometry":{"type":"Point","coordinates":[12.300384,55.746518]},"properties":{"name":"Erantishaven Midt (Erantishaven)","lines":"147","arr":["147"],"terminus":0,"mode":"bus","color":"#0059a9","colorDark":"#00294f","angle":321.9,"snapDist":2,"label":1}},{"type":"Feature","geometry":{"type":"Point","coordinates":[12.295783,55.743502]},"properties":{"name":"Smørumnedrevej (Blomsterhaven)","lines":"147","arr":["147"],"terminus":0,"mode":"bus","color":"#0059a9","colorDark":"#00294f","angle":212.4,"snapDist":1,"label":1}},{"type":"Feature","geometry":{"type":"Point","coordinates":[12.299522,55.741796]},"properties":{"name":"Primulahaven (Blomsterhaven)","lines":"147","arr":["147"],"terminus":0,"mode":"bus","color":"#0059a9","colorDark":"#00294f","angle":231.7,"snapDist":0,"label":1}},{"type":"Feature","geometry":{"type":"Point","coordinates":[12.302116,55.738355]},"properties":{"name":"Åkandehaven (Blomsterhaven)","lines":"147","arr":["147"],"terminus":0,"mode":"bus","color":"#0059a9","colorDark":"#00294f","angle":236.1,"snapDist":0,"label":1}},{"type":"Feature","geometry":{"type":"Point","coordinates":[12.308228,55.736195]},"properties":{"name":"Latyrushaven (Blomsterhaven)","lines":"147","arr":["147"],"terminus":0,"mode":"bus","color":"#0059a9","colorDark":"#00294f","angle":196.2,"snapDist":0,"label":1}},{"type":"Feature","geometry":{"type":"Point","coordinates":[12.309825,55.731764]},"properties":{"name":"Flodvej (Smørum Parkvej)","lines":"147","arr":["147"],"terminus":0,"mode":"bus","color":"#0059a9","colorDark":"#00294f","angle":272.9,"snapDist":0,"label":0}},{"type":"Feature","geometry":{"type":"Point","coordinates":[12.316172,55.730045]},"properties":{"name":"Tørveslettevej (Skebjergvej)","lines":"147","arr":["147"],"terminus":0,"mode":"bus","color":"#0059a9","colorDark":"#00294f","angle":169.9,"snapDist":1,"label":1}},{"type":"Feature","geometry":{"type":"Point","coordinates":[12.329886,55.729487]},"properties":{"name":"Pederstrupvej (Baltorpvej)","lines":"147","arr":["147"],"terminus":0,"mode":"bus","color":"#0059a9","colorDark":"#00294f","angle":189.5,"snapDist":0,"label":1}},{"type":"Feature","geometry":{"type":"Point","coordinates":[12.33898,55.72851]},"properties":{"name":"Baltorpbakken (Baltorpvej)","lines":"147","arr":["147"],"terminus":0,"mode":"bus","color":"#0059a9","colorDark":"#00294f","angle":176,"snapDist":0,"label":1}},{"type":"Feature","geometry":{"type":"Point","coordinates":[12.343382,55.728931]},"properties":{"name":"Vestbuen (Baltorpvej)","lines":"147","arr":["147"],"terminus":0,"mode":"bus","color":"#0059a9","colorDark":"#00294f","angle":167.2,"snapDist":0,"label":1}},{"type":"Feature","geometry":{"type":"Point","coordinates":[12.35114,55.729094]},"properties":{"name":"Baltoppen (Baltorpvej)","lines":"147, 834","arr":["147","834"],"terminus":0,"mode":"bus","color":"#0059a9","colorDark":"#00294f","angle":187.1,"snapDist":1,"label":1}},{"type":"Feature","geometry":{"type":"Point","coordinates":[12.357478,55.727954]},"properties":{"name":"Ballerup Centret (Baltorpvej)","lines":"147, 834","arr":["147","834"],"terminus":0,"mode":"bus","color":"#0059a9","colorDark":"#00294f","angle":221.9,"snapDist":2,"label":1}},{"type":"Feature","geometry":{"type":"Point","coordinates":[12.358943,55.730486]},"properties":{"name":"Ballerup St. (Banegårdspladsen)","lines":"147, 156, 157","arr":["147","156","157"],"terminus":1,"mode":"bus","color":"#0059a9","colorDark":"#00294f","angle":307,"snapDist":0,"label":0}},{"type":"Feature","geometry":{"type":"Point","coordinates":[12.394998,55.680136]},"properties":{"name":"Glostrup Nord, Hersted St. (Fabriksparken)","lines":"149","arr":["149"],"terminus":1,"mode":"bus","color":"#0059a9","colorDark":"#00294f","angle":184.3,"snapDist":23,"label":1}},{"type":"Feature","geometry":{"type":"Point","coordinates":[12.3889,55.679477]},"properties":{"name":"Smedeland (Naverland)","lines":"149","arr":["149"],"terminus":0,"mode":"bus","color":"#0059a9","colorDark":"#00294f","angle":2.1,"snapDist":1,"label":1}},{"type":"Feature","geometry":{"type":"Point","coordinates":[12.384337,55.679335]},"properties":{"name":"Naverland, Farverland (Naverland)","lines":"149","arr":["149"],"terminus":0,"mode":"bus","color":"#0059a9","colorDark":"#00294f","angle":356.3,"snapDist":0,"label":1}},{"type":"Feature","geometry":{"type":"Point","coordinates":[12.379675,55.679176]},"properties":{"name":"Søen (Naverland)","lines":"149","arr":["149"],"terminus":0,"mode":"bus","color":"#0059a9","colorDark":"#00294f","angle":356.6,"snapDist":1,"label":1}},{"type":"Feature","geometry":{"type":"Point","coordinates":[12.375509,55.679033]},"properties":{"name":"Poppelstien (Naverland)","lines":"149","arr":["149"],"terminus":0,"mode":"bus","color":"#0059a9","colorDark":"#00294f","angle":356.5,"snapDist":1,"label":1}},{"type":"Feature","geometry":{"type":"Point","coordinates":[12.372942,55.679563]},"properties":{"name":"Formervangen, Syd (Formervangen)","lines":"149","arr":["149"],"terminus":0,"mode":"bus","color":"#0059a9","colorDark":"#00294f","angle":74.9,"snapDist":1,"label":1}},{"type":"Feature","geometry":{"type":"Point","coordinates":[12.371485,55.682605]},"properties":{"name":"Formervangen, Nord (Formervangen)","lines":"149","arr":["149"],"terminus":0,"mode":"bus","color":"#0059a9","colorDark":"#00294f","angle":74.9,"snapDist":1,"label":1}},{"type":"Feature","geometry":{"type":"Point","coordinates":[12.37066,55.683017]},"properties":{"name":"Fabriksparken, Formervangen (Fabriksparken)","lines":"149, 500S","arr":["149","500S"],"terminus":0,"mode":"bus","color":"#0059a9","colorDark":"#00294f","angle":344.8,"snapDist":1,"label":1}},{"type":"Feature","geometry":{"type":"Point","coordinates":[12.371511,55.676238]},"properties":{"name":"Gl. Landevej (Herstedøstervej)","lines":"149","arr":["149"],"terminus":0,"mode":"bus","color":"#0059a9","colorDark":"#00294f","angle":275.6,"snapDist":1,"label":1}},{"type":"Feature","geometry":{"type":"Point","coordinates":[12.344143,55.672743]},"properties":{"name":"Hyldespjældet, Storetorv (Damgårdsvej)","lines":"149","arr":["149"],"terminus":0,"mode":"bus","color":"#0059a9","colorDark":"#00294f","angle":25,"snapDist":1,"label":1}},{"type":"Feature","geometry":{"type":"Point","coordinates":[12.339477,55.673808]},"properties":{"name":"Herstedvesterstræde (Skallerne)","lines":"149","arr":["149"],"terminus":0,"mode":"bus","color":"#0059a9","colorDark":"#00294f","angle":199.6,"snapDist":1,"label":1}},{"type":"Feature","geometry":{"type":"Point","coordinates":[12.33555,55.676348]},"properties":{"name":"Albertslund Stadion (Stadionstien)","lines":"149","arr":["149"],"terminus":0,"mode":"bus","color":"#0059a9","colorDark":"#00294f","angle":359.7,"snapDist":0,"label":1}},{"type":"Feature","geometry":{"type":"Point","coordinates":[12.33941,55.673821]},"properties":{"name":"Herstedvesterstræde (Skallerne)","lines":"149","arr":["149"],"terminus":0,"mode":"bus","color":"#0059a9","colorDark":"#00294f","angle":19.6,"snapDist":1,"label":0}},{"type":"Feature","geometry":{"type":"Point","coordinates":[12.338396,55.671314]},"properties":{"name":"Borgager (Egelundsvej)","lines":"149","arr":["149"],"terminus":0,"mode":"bus","color":"#0059a9","colorDark":"#00294f","angle":353,"snapDist":1,"label":1}},{"type":"Feature","geometry":{"type":"Point","coordinates":[12.330253,55.670647]},"properties":{"name":"Egelundsskolen (Egelundsvej)","lines":"149","arr":["149"],"terminus":0,"mode":"bus","color":"#0059a9","colorDark":"#00294f","angle":351.5,"snapDist":2,"label":1}},{"type":"Feature","geometry":{"type":"Point","coordinates":[12.328716,55.669352]},"properties":{"name":"Hvedens Kvarter (Egelundsvej)","lines":"149","arr":["149"],"terminus":0,"mode":"bus","color":"#0059a9","colorDark":"#00294f","angle":261,"snapDist":1,"label":1}},{"type":"Feature","geometry":{"type":"Point","coordinates":[12.329738,55.665459]},"properties":{"name":"Kløverens Kvarter (Egelundsvej)","lines":"149","arr":["149"],"terminus":0,"mode":"bus","color":"#0059a9","colorDark":"#00294f","angle":262.3,"snapDist":2,"label":1}},{"type":"Feature","geometry":{"type":"Point","coordinates":[12.33074,55.661573]},"properties":{"name":"Kastanjens Kvarter (Egelundsvej)","lines":"149","arr":["149"],"terminus":0,"mode":"bus","color":"#0059a9","colorDark":"#00294f","angle":262.3,"snapDist":1,"label":1}},{"type":"Feature","geometry":{"type":"Point","coordinates":[12.333482,55.661408]},"properties":{"name":"Toftekærhallen (Egelundsvej)","lines":"149","arr":["149"],"terminus":0,"mode":"bus","color":"#0059a9","colorDark":"#00294f","angle":172.1,"snapDist":0,"label":1}},{"type":"Feature","geometry":{"type":"Point","coordinates":[12.390581,55.653136]},"properties":{"name":"Hedegrænsen (Park Allé)","lines":"149","arr":["149"],"terminus":0,"mode":"bus","color":"#0059a9","colorDark":"#00294f","angle":159.7,"snapDist":0,"label":1}},{"type":"Feature","geometry":{"type":"Point","coordinates":[12.396585,55.654271]},"properties":{"name":"Kirkebjerg St. (Park Allé)","lines":"149","arr":["149"],"terminus":0,"mode":"bus","color":"#0059a9","colorDark":"#00294f","angle":166.9,"snapDist":1,"label":1}},{"type":"Feature","geometry":{"type":"Point","coordinates":[12.403957,55.657787]},"properties":{"name":"Åskellet (Østbrovej)","lines":"149, 500S","arr":["149","500S"],"terminus":0,"mode":"bus","color":"#0059a9","colorDark":"#00294f","angle":69.9,"snapDist":2,"label":1}},{"type":"Feature","geometry":{"type":"Point","coordinates":[12.396961,55.663375]},"properties":{"name":"Glostrup St. (Banegårdspladsen)","lines":"149","arr":["149"],"terminus":1,"mode":"bus","color":"#0059a9","colorDark":"#00294f","angle":169.9,"snapDist":1,"label":1}},{"type":"Feature","geometry":{"type":"Point","coordinates":[12.40322,55.658784]},"properties":{"name":"Åskellet (Østbrovej)","lines":"149, 500S","arr":["149","500S"],"terminus":0,"mode":"bus","color":"#0059a9","colorDark":"#00294f","angle":256.6,"snapDist":1,"label":0}},{"type":"Feature","geometry":{"type":"Point","coordinates":[12.394004,55.653819]},"properties":{"name":"Kirkebjerg St. (Søndre Ringvej)","lines":"149","arr":["149"],"terminus":0,"mode":"bus","color":"#0059a9","colorDark":"#00294f","angle":341.7,"snapDist":1,"label":1}},{"type":"Feature","geometry":{"type":"Point","coordinates":[12.386945,55.652381]},"properties":{"name":"Hedegrænsen (Park Allé)","lines":"149","arr":["149"],"terminus":0,"mode":"bus","color":"#0059a9","colorDark":"#00294f","angle":340.1,"snapDist":1,"label":1}},{"type":"Feature","geometry":{"type":"Point","coordinates":[12.333692,55.661424]},"properties":{"name":"Toftekærhallen (Egelundsvej)","lines":"149","arr":["149"],"terminus":0,"mode":"bus","color":"#0059a9","colorDark":"#00294f","angle":352.1,"snapDist":1,"label":0}},{"type":"Feature","geometry":{"type":"Point","coordinates":[12.330722,55.661646]},"properties":{"name":"Kastanjens Kvarter (Egelundsvej)","lines":"149","arr":["149"],"terminus":0,"mode":"bus","color":"#0059a9","colorDark":"#00294f","angle":82.3,"snapDist":1,"label":0}},{"type":"Feature","geometry":{"type":"Point","coordinates":[12.329793,55.665242]},"properties":{"name":"Kløverens Kvarter (Egelundsvej)","lines":"149","arr":["149"],"terminus":0,"mode":"bus","color":"#0059a9","colorDark":"#00294f","angle":82.8,"snapDist":2,"label":0}},{"type":"Feature","geometry":{"type":"Point","coordinates":[12.32877,55.669134]},"properties":{"name":"Hvedens Kvarter (Egelundsvej)","lines":"149","arr":["149"],"terminus":0,"mode":"bus","color":"#0059a9","colorDark":"#00294f","angle":81.6,"snapDist":0,"label":0}},{"type":"Feature","geometry":{"type":"Point","coordinates":[12.330848,55.670697]},"properties":{"name":"Egelundsskolen (Egelundsvej)","lines":"149","arr":["149"],"terminus":0,"mode":"bus","color":"#0059a9","colorDark":"#00294f","angle":171.5,"snapDist":1,"label":0}},{"type":"Feature","geometry":{"type":"Point","coordinates":[12.33809,55.67129]},"properties":{"name":"Borgager (Egelundsvej)","lines":"149","arr":["149"],"terminus":0,"mode":"bus","color":"#0059a9","colorDark":"#00294f","angle":171.8,"snapDist":1,"label":0}},{"type":"Feature","geometry":{"type":"Point","coordinates":[12.344764,55.672579]},"properties":{"name":"Hyldespjældet, Storetorv (Damgårdsvej)","lines":"149","arr":["149"],"terminus":0,"mode":"bus","color":"#0059a9","colorDark":"#00294f","angle":208.7,"snapDist":1,"label":0}},{"type":"Feature","geometry":{"type":"Point","coordinates":[12.371336,55.675227]},"properties":{"name":"Trippendalscentret (Herstedøstervej)","lines":"149","arr":["149"],"terminus":0,"mode":"bus","color":"#0059a9","colorDark":"#00294f","angle":95.6,"snapDist":2,"label":1}},{"type":"Feature","geometry":{"type":"Point","coordinates":[12.370839,55.683044]},"properties":{"name":"Fabriksparken, Formervangen (Fabriksparken)","lines":"149, 500S","arr":["149","500S"],"terminus":0,"mode":"bus","color":"#0059a9","colorDark":"#00294f","angle":164.8,"snapDist":1,"label":0}},{"type":"Feature","geometry":{"type":"Point","coordinates":[12.371515,55.682542]},"properties":{"name":"Formervangen, Nord (Formervangen)","lines":"149","arr":["149"],"terminus":0,"mode":"bus","color":"#0059a9","colorDark":"#00294f","angle":254.9,"snapDist":1,"label":0}},{"type":"Feature","geometry":{"type":"Point","coordinates":[12.373959,55.67898]},"properties":{"name":"Formervangen (Naverland)","lines":"149","arr":["149"],"terminus":0,"mode":"bus","color":"#0059a9","colorDark":"#00294f","angle":176.5,"snapDist":3,"label":1}},{"type":"Feature","geometry":{"type":"Point","coordinates":[12.378319,55.679131]},"properties":{"name":"Poppelstien (Naverland)","lines":"149","arr":["149"],"terminus":0,"mode":"bus","color":"#0059a9","colorDark":"#00294f","angle":176.5,"snapDist":1,"label":0}},{"type":"Feature","geometry":{"type":"Point","coordinates":[12.384066,55.679325]},"properties":{"name":"Naverland, Farverland (Naverland)","lines":"149","arr":["149"],"terminus":0,"mode":"bus","color":"#0059a9","colorDark":"#00294f","angle":176.3,"snapDist":0,"label":0}},{"type":"Feature","geometry":{"type":"Point","coordinates":[12.388948,55.679476]},"properties":{"name":"Smedeland (Naverland)","lines":"149","arr":["149"],"terminus":0,"mode":"bus","color":"#0059a9","colorDark":"#00294f","angle":184,"snapDist":1,"label":0}},{"type":"Feature","geometry":{"type":"Point","coordinates":[12.502471,55.902478]},"properties":{"name":"Kokkedal St.","lines":"150S","arr":["150S"],"terminus":1,"mode":"bus","color":"#0059a9","colorDark":"#00294f","angle":118.9,"snapDist":1,"label":1}},{"type":"Feature","geometry":{"type":"Point","coordinates":[12.486884,55.901303]},"properties":{"name":"Kokkedal Industripark (Ådalsvej)","lines":"150S","arr":["150S"],"terminus":0,"mode":"bus","color":"#0059a9","colorDark":"#00294f","angle":344.1,"snapDist":2,"label":1}},{"type":"Feature","geometry":{"type":"Point","coordinates":[12.486688,55.905748]},"properties":{"name":"Egedal Kirke (Egedalsvej)","lines":"150S","arr":["150S"],"terminus":0,"mode":"bus","color":"#0059a9","colorDark":"#00294f","angle":356.3,"snapDist":1,"label":1}},{"type":"Feature","geometry":{"type":"Point","coordinates":[12.477315,55.90401]},"properties":{"name":"Fredensborg Rådhus (Usserød Kongevej)","lines":"150S","arr":["150S"],"terminus":0,"mode":"bus","color":"#0059a9","colorDark":"#00294f","angle":248.2,"snapDist":0,"label":1}},{"type":"Feature","geometry":{"type":"Point","coordinates":[12.485647,55.898373]},"properties":{"name":"Breelte Skov (Usserød Kongevej)","lines":"150S","arr":["150S"],"terminus":0,"mode":"bus","color":"#0059a9","colorDark":"#00294f","angle":228.3,"snapDist":1,"label":1}},{"type":"Feature","geometry":{"type":"Point","coordinates":[12.491511,55.894668]},"properties":{"name":"Bloustrødvej (Usserød Kongevej)","lines":"150S","arr":["150S"],"terminus":0,"mode":"bus","color":"#0059a9","colorDark":"#00294f","angle":228.9,"snapDist":0,"label":1}},{"type":"Feature","geometry":{"type":"Point","coordinates":[12.496159,55.890842]},"properties":{"name":"Bolbrovej (Usserød Kongevej)","lines":"150S, 500S","arr":["150S","500S"],"terminus":0,"mode":"bus","color":"#0059a9","colorDark":"#00294f","angle":260.7,"snapDist":0,"label":1}},{"type":"Feature","geometry":{"type":"Point","coordinates":[12.497392,55.886177]},"properties":{"name":"Kongevejs Centret (Usserød Kongevej)","lines":"150S, 500S","arr":["150S","500S"],"terminus":0,"mode":"bus","color":"#0059a9","colorDark":"#00294f","angle":261.6,"snapDist":0,"label":1}},{"type":"Feature","geometry":{"type":"Point","coordinates":[12.498785,55.88095]},"properties":{"name":"Hørsholm Midtpunkt (Usserød Kongevej)","lines":"150S, 500S","arr":["150S","500S"],"terminus":0,"mode":"bus","color":"#0059a9","colorDark":"#00294f","angle":261.2,"snapDist":1,"label":1}},{"type":"Feature","geometry":{"type":"Point","coordinates":[12.498692,55.878447]},"properties":{"name":"Hovedgaden (Rungstedvej)","lines":"150S, 500S","arr":["150S","500S"],"terminus":0,"mode":"bus","color":"#0059a9","colorDark":"#00294f","angle":337.1,"snapDist":0,"label":1}},{"type":"Feature","geometry":{"type":"Point","coordinates":[12.488122,55.875937]},"properties":{"name":"Frederiksborgvej, Forskerparken (Bøge Allé)","lines":"150S","arr":["150S"],"terminus":0,"mode":"bus","color":"#0059a9","colorDark":"#00294f","angle":261.1,"snapDist":1,"label":1}},{"type":"Feature","geometry":{"type":"Point","coordinates":[12.489045,55.873549]},"properties":{"name":"Søhuset (Bøge Allé)","lines":"150S","arr":["150S"],"terminus":0,"mode":"bus","color":"#0059a9","colorDark":"#00294f","angle":261.6,"snapDist":1,"label":1}},{"type":"Feature","geometry":{"type":"Point","coordinates":[12.493083,55.87035]},"properties":{"name":"Forskerparken (Agern Allé)","lines":"150S","arr":["150S"],"terminus":0,"mode":"bus","color":"#0059a9","colorDark":"#00294f","angle":261.8,"snapDist":1,"label":1}},{"type":"Feature","geometry":{"type":"Point","coordinates":[12.498733,55.868091]},"properties":{"name":"Dr. Neergaards Vej (Hørsholm Kongevej)","lines":"150S","arr":["150S"],"terminus":0,"mode":"bus","color":"#0059a9","colorDark":"#00294f","angle":268,"snapDist":2,"label":1}},{"type":"Feature","geometry":{"type":"Point","coordinates":[12.494532,55.860929]},"properties":{"name":"Ubberødvej (Hørsholm Kongevej)","lines":"150S","arr":["150S"],"terminus":0,"mode":"bus","color":"#0059a9","colorDark":"#00294f","angle":291.7,"snapDist":0,"label":1}},{"type":"Feature","geometry":{"type":"Point","coordinates":[12.522731,55.832045]},"properties":{"name":"Gl. Holte, Øverødvej (Helsingørmotorvejen)","lines":"150S","arr":["150S"],"terminus":0,"mode":"bus","color":"#0059a9","colorDark":"#00294f","angle":237.7,"snapDist":2,"label":1}},{"type":"Feature","geometry":{"type":"Point","coordinates":[12.528856,55.813503]},"properties":{"name":"Nærum St. (Helsingørmotorvejen)","lines":"150S","arr":["150S"],"terminus":0,"mode":"bus","color":"#0059a9","colorDark":"#00294f","angle":253,"snapDist":1,"label":0}},{"type":"Feature","geometry":{"type":"Point","coordinates":[12.531572,55.795204]},"properties":{"name":"Lundtofteparken (Helsingørmotorvejen)","lines":"150S","arr":["150S"],"terminus":0,"mode":"bus","color":"#0059a9","colorDark":"#00294f","angle":281.7,"snapDist":0,"label":1}},{"type":"Feature","geometry":{"type":"Point","coordinates":[12.523788,55.775107]},"properties":{"name":"Klampenborgvej (Helsingørmotorvejen)","lines":"150S","arr":["150S"],"terminus":0,"mode":"bus","color":"#0059a9","colorDark":"#00294f","angle":276.8,"snapDist":0,"label":1}},{"type":"Feature","geometry":{"type":"Point","coordinates":[12.53977,55.737245]},"properties":{"name":"Kildegårds Plads (Lyngbyvej)","lines":"150S, 184, 185","arr":["150S","184","185"],"terminus":0,"mode":"bus","color":"#0059a9","colorDark":"#00294f","angle":239,"snapDist":1,"label":1}},{"type":"Feature","geometry":{"type":"Point","coordinates":[12.551033,55.726812]},"properties":{"name":"Tuborgvej (Lyngbyvej)","lines":"150S, 184","arr":["150S","184"],"terminus":0,"mode":"bus","color":"#0059a9","colorDark":"#00294f","angle":238.2,"snapDist":2,"label":1}},{"type":"Feature","geometry":{"type":"Point","coordinates":[12.550336,55.728255]},"properties":{"name":"Tuborgvej (Lyngbyvej)","lines":"150S, 184, 185","arr":["150S","184","185"],"terminus":0,"mode":"bus","color":"#0059a9","colorDark":"#00294f","angle":57.8,"snapDist":1,"label":0}},{"type":"Feature","geometry":{"type":"Point","coordinates":[12.539497,55.738278]},"properties":{"name":"Kildegårds Plads (Lyngbyvej)","lines":"150S, 172, 184","arr":["150S","172","184"],"terminus":0,"mode":"bus","color":"#0059a9","colorDark":"#00294f","angle":58.3,"snapDist":1,"label":0}},{"type":"Feature","geometry":{"type":"Point","coordinates":[12.52444,55.773839]},"properties":{"name":"Klampenborgvej (Helsingørmotorvejen)","lines":"150S","arr":["150S"],"terminus":0,"mode":"bus","color":"#0059a9","colorDark":"#00294f","angle":96.3,"snapDist":0,"label":0}},{"type":"Feature","geometry":{"type":"Point","coordinates":[12.532376,55.795747]},"properties":{"name":"Lundtofteparken (Helsingørmotorvejen)","lines":"150S","arr":["150S"],"terminus":0,"mode":"bus","color":"#0059a9","colorDark":"#00294f","angle":101.1,"snapDist":1,"label":0}},{"type":"Feature","geometry":{"type":"Point","coordinates":[12.529241,55.814472]},"properties":{"name":"Nærum St. (Helsingørmotorvejen)","lines":"150S","arr":["150S"],"terminus":0,"mode":"bus","color":"#0059a9","colorDark":"#00294f","angle":60.7,"snapDist":1,"label":0}},{"type":"Feature","geometry":{"type":"Point","coordinates":[12.522729,55.833324]},"properties":{"name":"Gl. Holte, Øverødvej (Helsingørmotorvejen)","lines":"150S","arr":["150S"],"terminus":0,"mode":"bus","color":"#0059a9","colorDark":"#00294f","angle":-127.4,"snapDist":8,"label":0}},{"type":"Feature","geometry":{"type":"Point","coordinates":[12.494687,55.861148]},"properties":{"name":"Ubberødvej (Hørsholm Kongevej)","lines":"150S","arr":["150S"],"terminus":0,"mode":"bus","color":"#0059a9","colorDark":"#00294f","angle":111.7,"snapDist":1,"label":0}},{"type":"Feature","geometry":{"type":"Point","coordinates":[12.496845,55.868554]},"properties":{"name":"Hørsholm Kongevej (Dr Neergaards Vej)","lines":"150S","arr":["150S"],"terminus":0,"mode":"bus","color":"#0059a9","colorDark":"#00294f","angle":351.7,"snapDist":0,"label":1}},{"type":"Feature","geometry":{"type":"Point","coordinates":[12.493055,55.870458]},"properties":{"name":"Forskerparken (Agern Allé)","lines":"150S","arr":["150S"],"terminus":0,"mode":"bus","color":"#0059a9","colorDark":"#00294f","angle":81.8,"snapDist":0,"label":0}},{"type":"Feature","geometry":{"type":"Point","coordinates":[12.488846,55.874276]},"properties":{"name":"Søhuset, Forskerparken (Bøge Allé)","lines":"150S","arr":["150S"],"terminus":0,"mode":"bus","color":"#0059a9","colorDark":"#00294f","angle":62.3,"snapDist":1,"label":1}},{"type":"Feature","geometry":{"type":"Point","coordinates":[12.489246,55.877096]},"properties":{"name":"Mariehøj Allé (Frederiksborgvej)","lines":"150S, 500S","arr":["150S","500S"],"terminus":0,"mode":"bus","color":"#0059a9","colorDark":"#00294f","angle":158.1,"snapDist":2,"label":1}},{"type":"Feature","geometry":{"type":"Point","coordinates":[12.498496,55.878399]},"properties":{"name":"Hovedgaden (Rungstedvej)","lines":"150S, 500S","arr":["150S","500S"],"terminus":0,"mode":"bus","color":"#0059a9","colorDark":"#00294f","angle":156.2,"snapDist":1,"label":0}},{"type":"Feature","geometry":{"type":"Point","coordinates":[12.498703,55.88125]},"properties":{"name":"Hørsholm Midtpunkt (Usserød Kongevej)","lines":"150S, 500S","arr":["150S","500S"],"terminus":0,"mode":"bus","color":"#0059a9","colorDark":"#00294f","angle":81.4,"snapDist":1,"label":0}},{"type":"Feature","geometry":{"type":"Point","coordinates":[12.497182,55.886974]},"properties":{"name":"Kongevejs Centret (Usserød Kongevej)","lines":"150S, 500S","arr":["150S","500S"],"terminus":0,"mode":"bus","color":"#0059a9","colorDark":"#00294f","angle":81.7,"snapDist":0,"label":0}},{"type":"Feature","geometry":{"type":"Point","coordinates":[12.496185,55.890752]},"properties":{"name":"Bolbrovej (Usserød Kongevej)","lines":"150S, 500S","arr":["150S","500S"],"terminus":0,"mode":"bus","color":"#0059a9","colorDark":"#00294f","angle":80.7,"snapDist":0,"label":0}},{"type":"Feature","geometry":{"type":"Point","coordinates":[12.491319,55.894792]},"properties":{"name":"Bloustrødvej (Usserød Kongevej)","lines":"150S","arr":["150S"],"terminus":0,"mode":"bus","color":"#0059a9","colorDark":"#00294f","angle":48.9,"snapDist":0,"label":0}},{"type":"Feature","geometry":{"type":"Point","coordinates":[12.485534,55.898445]},"properties":{"name":"Breelte Skov (Usserød Kongevej)","lines":"150S","arr":["150S"],"terminus":0,"mode":"bus","color":"#0059a9","colorDark":"#00294f","angle":48.3,"snapDist":0,"label":0}},{"type":"Feature","geometry":{"type":"Point","coordinates":[12.477809,55.90508]},"properties":{"name":"Fredensborg Rådhus (Egedalsvej)","lines":"150S","arr":["150S"],"terminus":0,"mode":"bus","color":"#0059a9","colorDark":"#00294f","angle":166.1,"snapDist":0,"label":1}},{"type":"Feature","geometry":{"type":"Point","coordinates":[12.486431,55.905739]},"properties":{"name":"Egedal Kirke (Egedalsvej)","lines":"150S","arr":["150S"],"terminus":0,"mode":"bus","color":"#0059a9","colorDark":"#00294f","angle":176.3,"snapDist":1,"label":0}},{"type":"Feature","geometry":{"type":"Point","coordinates":[12.48748,55.901404]},"properties":{"name":"Kokkedal Industripark (Ådalsvej)","lines":"150S","arr":["150S"],"terminus":0,"mode":"bus","color":"#0059a9","colorDark":"#00294f","angle":163,"snapDist":0,"label":0}},{"type":"Feature","geometry":{"type":"Point","coordinates":[12.374272,55.782245]},"properties":{"name":"Værløse St.","lines":"151","arr":["151"],"terminus":1,"mode":"bus","color":"#0059a9","colorDark":"#00294f","angle":-150,"snapDist":32,"label":1}},{"type":"Feature","geometry":{"type":"Point","coordinates":[12.373321,55.781488]},"properties":{"name":"Værløse St. (Kollekollevej)","lines":"151, 152","arr":["151","152"],"terminus":0,"mode":"bus","color":"#0059a9","colorDark":"#00294f","angle":28.1,"snapDist":1,"label":1}},{"type":"Feature","geometry":{"type":"Point","coordinates":[12.370227,55.781424]},"properties":{"name":"Kirke Værløse Vej (Ballerupvej)","lines":"151, 152, 153","arr":["151","152","153"],"terminus":0,"mode":"bus","color":"#0059a9","colorDark":"#00294f","angle":259.1,"snapDist":1,"label":1}},{"type":"Feature","geometry":{"type":"Point","coordinates":[12.356652,55.781943]},"properties":{"name":"Gyvelvej (Kirke Værløsevej)","lines":"151","arr":["151"],"terminus":0,"mode":"bus","color":"#0059a9","colorDark":"#00294f","angle":359.2,"snapDist":0,"label":1}},{"type":"Feature","geometry":{"type":"Point","coordinates":[12.351233,55.782013]},"properties":{"name":"Søndersøskolen (Kirke Værløsevej)","lines":"151","arr":["151"],"terminus":0,"mode":"bus","color":"#0059a9","colorDark":"#00294f","angle":4.2,"snapDist":0,"label":1}},{"type":"Feature","geometry":{"type":"Point","coordinates":[12.345602,55.782839]},"properties":{"name":"Dalsø Park (Kirke Værløsevej)","lines":"151","arr":["151"],"terminus":0,"mode":"bus","color":"#0059a9","colorDark":"#00294f","angle":12.2,"snapDist":2,"label":1}},{"type":"Feature","geometry":{"type":"Point","coordinates":[12.34538,55.785634]},"properties":{"name":"Søhaven (Olaf Becks Allé)","lines":"151","arr":["151"],"terminus":0,"mode":"bus","color":"#0059a9","colorDark":"#00294f","angle":107.1,"snapDist":1,"label":1}},{"type":"Feature","geometry":{"type":"Point","coordinates":[12.342924,55.78817]},"properties":{"name":"Kastaniehaven (Olaf Becks Allé)","lines":"151","arr":["151"],"terminus":0,"mode":"bus","color":"#0059a9","colorDark":"#00294f","angle":17.3,"snapDist":0,"label":1}},{"type":"Feature","geometry":{"type":"Point","coordinates":[12.336342,55.786501]},"properties":{"name":"Lundsgård (Ryethøjvej)","lines":"151","arr":["151"],"terminus":0,"mode":"bus","color":"#0059a9","colorDark":"#00294f","angle":276.6,"snapDist":0,"label":1}},{"type":"Feature","geometry":{"type":"Point","coordinates":[12.327215,55.785323]},"properties":{"name":"Lejrvej ved Bundsvej (Bundsvej)","lines":"151","arr":["151"],"terminus":0,"mode":"bus","color":"#0059a9","colorDark":"#00294f","angle":22.8,"snapDist":1,"label":1}},{"type":"Feature","geometry":{"type":"Point","coordinates":[12.320422,55.786914]},"properties":{"name":"Storkekrogen (Bygaden)","lines":"151","arr":["151"],"terminus":0,"mode":"bus","color":"#0059a9","colorDark":"#00294f","angle":248,"snapDist":0,"label":1}},{"type":"Feature","geometry":{"type":"Point","coordinates":[12.323013,55.784951]},"properties":{"name":"Knud Hjortøsvej (Bygaden)","lines":"151","arr":["151"],"terminus":0,"mode":"bus","color":"#0059a9","colorDark":"#00294f","angle":239.5,"snapDist":1,"label":1}},{"type":"Feature","geometry":{"type":"Point","coordinates":[12.322962,55.783582]},"properties":{"name":"Kirke Værløse Kirke (Kildebakken)","lines":"151","arr":["151"],"terminus":0,"mode":"bus","color":"#0059a9","colorDark":"#00294f","angle":279.7,"snapDist":1,"label":1}},{"type":"Feature","geometry":{"type":"Point","coordinates":[12.324005,55.780831]},"properties":{"name":"Lejrvej ved Kildebakken (Lejrvej)","lines":"151","arr":["151"],"terminus":0,"mode":"bus","color":"#0059a9","colorDark":"#00294f","angle":284.3,"snapDist":0,"label":1}},{"type":"Feature","geometry":{"type":"Point","coordinates":[12.322489,55.77732]},"properties":{"name":"Kirke Værløse, Laanshøj (Lejrvej)","lines":"151","arr":["151"],"terminus":1,"mode":"bus","color":"#0059a9","colorDark":"#00294f","angle":75.2,"snapDist":4,"label":1}},{"type":"Feature","geometry":{"type":"Point","coordinates":[12.324013,55.780849]},"properties":{"name":"Lejrvej Ved Kildebakken (Lejrvej)","lines":"151","arr":["151"],"terminus":0,"mode":"bus","color":"#0059a9","colorDark":"#00294f","angle":104.3,"snapDist":1,"label":1}},{"type":"Feature","geometry":{"type":"Point","coordinates":[12.322959,55.783573]},"properties":{"name":"Kirke Værløse Kirke (Kildebakken)","lines":"151","arr":["151"],"terminus":0,"mode":"bus","color":"#0059a9","colorDark":"#00294f","angle":99.7,"snapDist":0,"label":0}},{"type":"Feature","geometry":{"type":"Point","coordinates":[12.322886,55.785072]},"properties":{"name":"Knud Hjortøsvej (Bygaden)","lines":"151","arr":["151"],"terminus":0,"mode":"bus","color":"#0059a9","colorDark":"#00294f","angle":59.5,"snapDist":1,"label":0}},{"type":"Feature","geometry":{"type":"Point","coordinates":[12.320411,55.786942]},"properties":{"name":"Storkekrogen (Bygaden)","lines":"151","arr":["151"],"terminus":0,"mode":"bus","color":"#0059a9","colorDark":"#00294f","angle":95.7,"snapDist":0,"label":0}},{"type":"Feature","geometry":{"type":"Point","coordinates":[12.328567,55.784916]},"properties":{"name":"Lejrvej (Kirke Værløsevej)","lines":"151","arr":["151"],"terminus":0,"mode":"bus","color":"#0059a9","colorDark":"#00294f","angle":201.7,"snapDist":2,"label":1}},{"type":"Feature","geometry":{"type":"Point","coordinates":[12.336377,55.786671]},"properties":{"name":"Lundsgård (Ryethøjvej)","lines":"151","arr":["151"],"terminus":0,"mode":"bus","color":"#0059a9","colorDark":"#00294f","angle":96.6,"snapDist":0,"label":0}},{"type":"Feature","geometry":{"type":"Point","coordinates":[12.342702,55.788209]},"properties":{"name":"Kastaniehaven (Olaf Becks Allé)","lines":"151","arr":["151"],"terminus":0,"mode":"bus","color":"#0059a9","colorDark":"#00294f","angle":197.3,"snapDist":0,"label":0}},{"type":"Feature","geometry":{"type":"Point","coordinates":[12.345323,55.785358]},"properties":{"name":"Søhaven (Olaf Becks Allé)","lines":"151","arr":["151"],"terminus":0,"mode":"bus","color":"#0059a9","colorDark":"#00294f","angle":269.6,"snapDist":1,"label":0}},{"type":"Feature","geometry":{"type":"Point","coordinates":[12.345779,55.782818]},"properties":{"name":"Dalsø Park (Kirke Værløsevej)","lines":"151","arr":["151"],"terminus":0,"mode":"bus","color":"#0059a9","colorDark":"#00294f","angle":192.2,"snapDist":1,"label":0}},{"type":"Feature","geometry":{"type":"Point","coordinates":[12.352075,55.781977]},"properties":{"name":"Søndersøskolen (Kirke Værløsevej)","lines":"151","arr":["151"],"terminus":0,"mode":"bus","color":"#0059a9","colorDark":"#00294f","angle":184.3,"snapDist":1,"label":0}},{"type":"Feature","geometry":{"type":"Point","coordinates":[12.359574,55.781974]},"properties":{"name":"Elmevej (Kirke Værløsevej)","lines":"151","arr":["151"],"terminus":0,"mode":"bus","color":"#0059a9","colorDark":"#00294f","angle":178.6,"snapDist":0,"label":1}},{"type":"Feature","geometry":{"type":"Point","coordinates":[12.370379,55.781329]},"properties":{"name":"Kirke Værløsevej (Ballerupvej)","lines":"151, 152, 153","arr":["151","152","153"],"terminus":0,"mode":"bus","color":"#0059a9","colorDark":"#00294f","angle":90.8,"snapDist":1,"label":1}},{"type":"Feature","geometry":{"type":"Point","coordinates":[12.373777,55.781255]},"properties":{"name":"Værløse St. (Kollekollevej)","lines":"151, 152","arr":["151","152"],"terminus":0,"mode":"bus","color":"#0059a9","colorDark":"#00294f","angle":209.8,"snapDist":0,"label":0}},{"type":"Feature","geometry":{"type":"Point","coordinates":[12.381129,55.778604]},"properties":{"name":"Syvstjerneskolen (Kollekollevej)","lines":"151","arr":["151"],"terminus":0,"mode":"bus","color":"#0059a9","colorDark":"#00294f","angle":173.3,"snapDist":2,"label":1}},{"type":"Feature","geometry":{"type":"Point","coordinates":[12.38617,55.779413]},"properties":{"name":"Højlunds Vænge (Kollekollevej)","lines":"151","arr":["151"],"terminus":0,"mode":"bus","color":"#0059a9","colorDark":"#00294f","angle":168.3,"snapDist":0,"label":1}},{"type":"Feature","geometry":{"type":"Point","coordinates":[12.387304,55.782229]},"properties":{"name":"Lille Værløsevej (Skovlinien)","lines":"151","arr":["151"],"terminus":0,"mode":"bus","color":"#0059a9","colorDark":"#00294f","angle":97.6,"snapDist":1,"label":1}},{"type":"Feature","geometry":{"type":"Point","coordinates":[12.385333,55.786109]},"properties":{"name":"Mosegård Park (Skovgårds Allé)","lines":"151","arr":["151"],"terminus":0,"mode":"bus","color":"#0059a9","colorDark":"#00294f","angle":5,"snapDist":1,"label":1}},{"type":"Feature","geometry":{"type":"Point","coordinates":[12.378411,55.785275]},"properties":{"name":"Birgersvej (Skovgårds Allé)","lines":"151","arr":["151"],"terminus":0,"mode":"bus","color":"#0059a9","colorDark":"#00294f","angle":339.6,"snapDist":1,"label":1}},{"type":"Feature","geometry":{"type":"Point","coordinates":[12.376239,55.783326]},"properties":{"name":"Lille Værløsevej (Stiager)","lines":"151, 152","arr":["151","152"],"terminus":0,"mode":"bus","color":"#0059a9","colorDark":"#00294f","angle":270.1,"snapDist":2,"label":1}},{"type":"Feature","geometry":{"type":"Point","coordinates":[12.319778,55.746883]},"properties":{"name":"Måløv St. (Måløv Stationsplads)","lines":"152","arr":["152"],"terminus":1,"mode":"bus","color":"#0059a9","colorDark":"#00294f","angle":223.1,"snapDist":7,"label":1}},{"type":"Feature","geometry":{"type":"Point","coordinates":[12.328578,55.745349]},"properties":{"name":"Måløv Byvej (Måløv Parkvej)","lines":"152","arr":["152"],"terminus":0,"mode":"bus","color":"#0059a9","colorDark":"#00294f","angle":112.8,"snapDist":4,"label":1}},{"type":"Feature","geometry":{"type":"Point","coordinates":[12.329632,55.748436]},"properties":{"name":"Østerhøjvej (Måløv Parkvej)","lines":"152","arr":["152"],"terminus":0,"mode":"bus","color":"#0059a9","colorDark":"#00294f","angle":95.1,"snapDist":1,"label":1}},{"type":"Feature","geometry":{"type":"Point","coordinates":[12.334928,55.750673]},"properties":{"name":"Måløvhøj skole, Østerhøj (Klakkebjerg)","lines":"152","arr":["152"],"terminus":0,"mode":"bus","color":"#0059a9","colorDark":"#00294f","angle":185.6,"snapDist":1,"label":1}},{"type":"Feature","geometry":{"type":"Point","coordinates":[12.337028,55.752398]},"properties":{"name":"Knastebakken Midt (Knastebakken)","lines":"152","arr":["152"],"terminus":0,"mode":"bus","color":"#0059a9","colorDark":"#00294f","angle":95.3,"snapDist":1,"label":1}},{"type":"Feature","geometry":{"type":"Point","coordinates":[12.338323,55.757759]},"properties":{"name":"Mølledalen (Jonstrupvej)","lines":"152","arr":["152"],"terminus":0,"mode":"bus","color":"#0059a9","colorDark":"#00294f","angle":82,"snapDist":1,"label":1}},{"type":"Feature","geometry":{"type":"Point","coordinates":[12.339067,55.759913]},"properties":{"name":"Jonstrupvej (Jonstrupvangvej)","lines":"152, 153","arr":["152","153"],"terminus":0,"mode":"bus","color":"#0059a9","colorDark":"#00294f","angle":170.8,"snapDist":0,"label":1}},{"type":"Feature","geometry":{"type":"Point","coordinates":[12.345554,55.761902]},"properties":{"name":"Jonstruphøj (Jonstrupvangvej)","lines":"152, 153","arr":["152","153"],"terminus":0,"mode":"bus","color":"#0059a9","colorDark":"#00294f","angle":148.8,"snapDist":0,"label":1}},{"type":"Feature","geometry":{"type":"Point","coordinates":[12.34995,55.763146]},"properties":{"name":"Walgerholm (Jonstrupvangvej)","lines":"152, 153","arr":["152","153"],"terminus":0,"mode":"bus","color":"#0059a9","colorDark":"#00294f","angle":160.7,"snapDist":0,"label":1}},{"type":"Feature","geometry":{"type":"Point","coordinates":[12.356932,55.765563]},"properties":{"name":"Skovgård (Jonstrupvangvej)","lines":"152, 153","arr":["152","153"],"terminus":0,"mode":"bus","color":"#0059a9","colorDark":"#00294f","angle":174.7,"snapDist":1,"label":1}},{"type":"Feature","geometry":{"type":"Point","coordinates":[12.366391,55.766086]},"properties":{"name":"Jonstrupvangvej (Ballerupvej)","lines":"152, 153","arr":["152","153"],"terminus":0,"mode":"bus","color":"#0059a9","colorDark":"#00294f","angle":101.3,"snapDist":3,"label":1}},{"type":"Feature","geometry":{"type":"Point","coordinates":[12.368632,55.771053]},"properties":{"name":"Genbrugsstation (Ballerupvej)","lines":"152, 153","arr":["152","153"],"terminus":0,"mode":"bus","color":"#0059a9","colorDark":"#00294f","angle":104.3,"snapDist":1,"label":1}},{"type":"Feature","geometry":{"type":"Point","coordinates":[12.370473,55.776283]},"properties":{"name":"Elsevej (Ballerupvej)","lines":"152, 153","arr":["152","153"],"terminus":0,"mode":"bus","color":"#0059a9","colorDark":"#00294f","angle":97.2,"snapDist":2,"label":1}},{"type":"Feature","geometry":{"type":"Point","coordinates":[12.370848,55.779302]},"properties":{"name":"Søndergårdsvej (Ballerupvej)","lines":"152, 153, 500S","arr":["152","153","500S"],"terminus":0,"mode":"bus","color":"#0059a9","colorDark":"#00294f","angle":87.6,"snapDist":0,"label":1}},{"type":"Feature","geometry":{"type":"Point","coordinates":[12.376416,55.784183]},"properties":{"name":"Lille Værløsevej (Stiager)","lines":"152","arr":["152"],"terminus":0,"mode":"bus","color":"#0059a9","colorDark":"#00294f","angle":92.6,"snapDist":0,"label":0}},{"type":"Feature","geometry":{"type":"Point","coordinates":[12.373852,55.785099]},"properties":{"name":"Højeloftsvej (Skovgårds Allé)","lines":"152","arr":["152"],"terminus":0,"mode":"bus","color":"#0059a9","colorDark":"#00294f","angle":14.5,"snapDist":0,"label":1}},{"type":"Feature","geometry":{"type":"Point","coordinates":[12.36564,55.787857]},"properties":{"name":"Ryetbo (Ryetvej)","lines":"152, 153","arr":["152","153"],"terminus":0,"mode":"bus","color":"#0059a9","colorDark":"#00294f","angle":34.1,"snapDist":1,"label":1}},{"type":"Feature","geometry":{"type":"Point","coordinates":[12.362196,55.789113]},"properties":{"name":"Værløse, Ryetvej (Ryetvej)","lines":"152, 153","arr":["152","153"],"terminus":1,"mode":"bus","color":"#0059a9","colorDark":"#00294f","angle":169.6,"snapDist":1,"label":1}},{"type":"Feature","geometry":{"type":"Point","coordinates":[12.365611,55.787868]},"properties":{"name":"Ryetbo (Ryetvej)","lines":"152, 153","arr":["152","153"],"terminus":0,"mode":"bus","color":"#0059a9","colorDark":"#00294f","angle":214.1,"snapDist":1,"label":0}},{"type":"Feature","geometry":{"type":"Point","coordinates":[12.369636,55.786255]},"properties":{"name":"Lille Værløse Skole (Ryetvej)","lines":"152, 153","arr":["152","153"],"terminus":0,"mode":"bus","color":"#0059a9","colorDark":"#00294f","angle":214.9,"snapDist":1,"label":1}},{"type":"Feature","geometry":{"type":"Point","coordinates":[12.374421,55.785017]},"properties":{"name":"Højeloftsvej (Skovgårds Allé)","lines":"152","arr":["152"],"terminus":0,"mode":"bus","color":"#0059a9","colorDark":"#00294f","angle":194.1,"snapDist":1,"label":0}},{"type":"Feature","geometry":{"type":"Point","coordinates":[12.370844,55.778214]},"properties":{"name":"Søndergårdsvej (Ballerupvej)","lines":"152, 153, 500S","arr":["152","153","500S"],"terminus":0,"mode":"bus","color":"#0059a9","colorDark":"#00294f","angle":272.8,"snapDist":1,"label":0}},{"type":"Feature","geometry":{"type":"Point","coordinates":[12.370319,55.775433]},"properties":{"name":"Elsevej (Ballerupvej)","lines":"152, 153","arr":["152","153"],"terminus":0,"mode":"bus","color":"#0059a9","colorDark":"#00294f","angle":276.7,"snapDist":2,"label":0}},{"type":"Feature","geometry":{"type":"Point","coordinates":[12.368755,55.771443]},"properties":{"name":"Genbrugsstation (Ballerupvej)","lines":"152, 153","arr":["152","153"],"terminus":0,"mode":"bus","color":"#0059a9","colorDark":"#00294f","angle":284.6,"snapDist":3,"label":0}},{"type":"Feature","geometry":{"type":"Point","coordinates":[12.36634,55.765942]},"properties":{"name":"Jonstrupvangvej (Ballerupvej)","lines":"152, 153","arr":["152","153"],"terminus":0,"mode":"bus","color":"#0059a9","colorDark":"#00294f","angle":281.3,"snapDist":4,"label":0}},{"type":"Feature","geometry":{"type":"Point","coordinates":[12.358669,55.765537]},"properties":{"name":"Skovgård (Jonstrupvangvej)","lines":"152, 153","arr":["152","153"],"terminus":0,"mode":"bus","color":"#0059a9","colorDark":"#00294f","angle":3.5,"snapDist":1,"label":0}},{"type":"Feature","geometry":{"type":"Point","coordinates":[12.349364,55.763031]},"properties":{"name":"Walgerholm (Jonstrupvangvej)","lines":"152, 153","arr":["152","153"],"terminus":0,"mode":"bus","color":"#0059a9","colorDark":"#00294f","angle":340.7,"snapDist":0,"label":0}},{"type":"Feature","geometry":{"type":"Point","coordinates":[12.345169,55.761765]},"properties":{"name":"Jonstruphøj (Jonstrupvangvej)","lines":"152, 153","arr":["152","153"],"terminus":0,"mode":"bus","color":"#0059a9","colorDark":"#00294f","angle":325.9,"snapDist":0,"label":0}},{"type":"Feature","geometry":{"type":"Point","coordinates":[12.338987,55.759907]},"properties":{"name":"Jonstrupvej (Jonstrupvangvej)","lines":"152, 153","arr":["152","153"],"terminus":0,"mode":"bus","color":"#0059a9","colorDark":"#00294f","angle":10.8,"snapDist":0,"label":0}},{"type":"Feature","geometry":{"type":"Point","coordinates":[12.338258,55.757184]},"properties":{"name":"Mølledalen (Jonstrupvej)","lines":"152","arr":["152"],"terminus":0,"mode":"bus","color":"#0059a9","colorDark":"#00294f","angle":294.2,"snapDist":0,"label":0}},{"type":"Feature","geometry":{"type":"Point","coordinates":[12.33656,55.75487]},"properties":{"name":"Knastebakken (Måløvgårdsvej)","lines":"152, 157","arr":["152","157"],"terminus":0,"mode":"bus","color":"#0059a9","colorDark":"#00294f","angle":211.7,"snapDist":2,"label":0}},{"type":"Feature","geometry":{"type":"Point","coordinates":[12.337602,55.752985]},"properties":{"name":"Knastebakken Midt (Knastebakken)","lines":"152","arr":["152"],"terminus":0,"mode":"bus","color":"#0059a9","colorDark":"#00294f","angle":275,"snapDist":0,"label":0}},{"type":"Feature","geometry":{"type":"Point","coordinates":[12.336777,55.75084]},"properties":{"name":"Måløvhøj skole, Østerhøj (Knastebakken)","lines":"152","arr":["152"],"terminus":0,"mode":"bus","color":"#0059a9","colorDark":"#00294f","angle":275.1,"snapDist":1,"label":1}},{"type":"Feature","geometry":{"type":"Point","coordinates":[12.330724,55.750973]},"properties":{"name":"Klakkebjerg (Måløv Parkvej)","lines":"152","arr":["152"],"terminus":0,"mode":"bus","color":"#0059a9","colorDark":"#00294f","angle":292,"snapDist":2,"label":1}},{"type":"Feature","geometry":{"type":"Point","coordinates":[12.329594,55.74823]},"properties":{"name":"Østerhøjvej (Måløv Parkvej)","lines":"152","arr":["152"],"terminus":0,"mode":"bus","color":"#0059a9","colorDark":"#00294f","angle":276.5,"snapDist":1,"label":0}},{"type":"Feature","geometry":{"type":"Point","coordinates":[12.32764,55.745233]},"properties":{"name":"Måløv Parkvej (Måløv Byvej)","lines":"152, 157","arr":["152","157"],"terminus":0,"mode":"bus","color":"#0059a9","colorDark":"#00294f","angle":26.2,"snapDist":0,"label":1}},{"type":"Feature","geometry":{"type":"Point","coordinates":[12.31957,55.747091]},"properties":{"name":"Måløv St.","lines":"153","arr":["153"],"terminus":1,"mode":"bus","color":"#0059a9","colorDark":"#00294f","angle":-125.8,"snapDist":16,"label":0}},{"type":"Feature","geometry":{"type":"Point","coordinates":[12.318262,55.749382]},"properties":{"name":"Stationsvej (Måløv Hovedgade)","lines":"153","arr":["153"],"terminus":0,"mode":"bus","color":"#0059a9","colorDark":"#00294f","angle":22.4,"snapDist":1,"label":1}},{"type":"Feature","geometry":{"type":"Point","coordinates":[12.309285,55.755505]},"properties":{"name":"Ved Gershøj (Jungshøjvej)","lines":"153","arr":["153"],"terminus":0,"mode":"bus","color":"#0059a9","colorDark":"#00294f","angle":90.1,"snapDist":1,"label":1}},{"type":"Feature","geometry":{"type":"Point","coordinates":[12.311054,55.761824]},"properties":{"name":"Gammelvadvej (Perimetervejen)","lines":"153","arr":["153"],"terminus":0,"mode":"bus","color":"#0059a9","colorDark":"#00294f","angle":164.6,"snapDist":0,"label":1}},{"type":"Feature","geometry":{"type":"Point","coordinates":[12.318865,55.763443]},"properties":{"name":"Langdyssegårdsvej (Perimetervejen)","lines":"153","arr":["153"],"terminus":0,"mode":"bus","color":"#0059a9","colorDark":"#00294f","angle":153,"snapDist":0,"label":1}},{"type":"Feature","geometry":{"type":"Point","coordinates":[12.325633,55.764042]},"properties":{"name":"Tårnet (Perimetervejen)","lines":"153","arr":["153"],"terminus":0,"mode":"bus","color":"#0059a9","colorDark":"#00294f","angle":211.7,"snapDist":3,"label":1}},{"type":"Feature","geometry":{"type":"Point","coordinates":[12.328812,55.762272]},"properties":{"name":"Bringevej (Perimetervejen)","lines":"153","arr":["153"],"terminus":0,"mode":"bus","color":"#0059a9","colorDark":"#00294f","angle":212.1,"snapDist":0,"label":1}},{"type":"Feature","geometry":{"type":"Point","coordinates":[12.337764,55.762022]},"properties":{"name":"Søndre Vagt (Perimetervejen)","lines":"153","arr":["153"],"terminus":0,"mode":"bus","color":"#0059a9","colorDark":"#00294f","angle":302.6,"snapDist":1,"label":1}},{"type":"Feature","geometry":{"type":"Point","coordinates":[12.337745,55.762005]},"properties":{"name":"Søndre Vagt (Perimetervejen)","lines":"153","arr":["153"],"terminus":0,"mode":"bus","color":"#0059a9","colorDark":"#00294f","angle":122.6,"snapDist":1,"label":0}},{"type":"Feature","geometry":{"type":"Point","coordinates":[12.328804,55.762275]},"properties":{"name":"Bringevej (Perimetervejen)","lines":"153","arr":["153"],"terminus":0,"mode":"bus","color":"#0059a9","colorDark":"#00294f","angle":32.1,"snapDist":0,"label":0}},{"type":"Feature","geometry":{"type":"Point","coordinates":[12.325542,55.764073]},"properties":{"name":"Tårnet (Perimetervejen)","lines":"153","arr":["153"],"terminus":0,"mode":"bus","color":"#0059a9","colorDark":"#00294f","angle":31.7,"snapDist":3,"label":0}},{"type":"Feature","geometry":{"type":"Point","coordinates":[12.318407,55.763311]},"properties":{"name":"Langdyssegårdsvej (Perimetervejen)","lines":"153","arr":["153"],"terminus":0,"mode":"bus","color":"#0059a9","colorDark":"#00294f","angle":332.9,"snapDist":0,"label":0}},{"type":"Feature","geometry":{"type":"Point","coordinates":[12.310342,55.761338]},"properties":{"name":"Perimetervejen (Gammelvadvej)","lines":"153","arr":["153"],"terminus":0,"mode":"bus","color":"#0059a9","colorDark":"#00294f","angle":268.9,"snapDist":2,"label":1}},{"type":"Feature","geometry":{"type":"Point","coordinates":[12.309286,55.755056]},"properties":{"name":"Ved Gershøj (Jungshøjvej)","lines":"153","arr":["153"],"terminus":0,"mode":"bus","color":"#0059a9","colorDark":"#00294f","angle":269.9,"snapDist":1,"label":0}},{"type":"Feature","geometry":{"type":"Point","coordinates":[12.311052,55.752592]},"properties":{"name":"Eskebjerggård (Måløv Hovedgade)","lines":"153, 157","arr":["153","157"],"terminus":0,"mode":"bus","color":"#0059a9","colorDark":"#00294f","angle":182,"snapDist":1,"label":0}},{"type":"Feature","geometry":{"type":"Point","coordinates":[12.319244,55.749186]},"properties":{"name":"Stationsvej (Måløv Hovedgade)","lines":"153","arr":["153"],"terminus":0,"mode":"bus","color":"#0059a9","colorDark":"#00294f","angle":198.7,"snapDist":0,"label":0}},{"type":"Feature","geometry":{"type":"Point","coordinates":[12.363052,55.713153]},"properties":{"name":"Magleparken, Syd (Magleparken)","lines":"156","arr":["156"],"terminus":1,"mode":"bus","color":"#0059a9","colorDark":"#00294f","angle":92.8,"snapDist":2,"label":1}},{"type":"Feature","geometry":{"type":"Point","coordinates":[12.363117,55.716182]},"properties":{"name":"Magleparken, Midt (Magleparken)","lines":"156","arr":["156"],"terminus":0,"mode":"bus","color":"#0059a9","colorDark":"#00294f","angle":90.8,"snapDist":2,"label":1}},{"type":"Feature","geometry":{"type":"Point","coordinates":[12.362616,55.71912]},"properties":{"name":"Tapeten (Magleparken)","lines":"156","arr":["156"],"terminus":0,"mode":"bus","color":"#0059a9","colorDark":"#00294f","angle":73.3,"snapDist":1,"label":1}},{"type":"Feature","geometry":{"type":"Point","coordinates":[12.35708,55.720537]},"properties":{"name":"Hedegårdsskolen (Magleparken)","lines":"156","arr":["156"],"terminus":0,"mode":"bus","color":"#0059a9","colorDark":"#00294f","angle":3.8,"snapDist":0,"label":1}},{"type":"Feature","geometry":{"type":"Point","coordinates":[12.356076,55.723962]},"properties":{"name":"Psykiatrisk Center Ballerup (Hold-an Vej)","lines":"156, 350S, 400S, 500S","arr":["156","350S","400S","500S"],"terminus":0,"mode":"bus","color":"#0059a9","colorDark":"#00294f","angle":89.3,"snapDist":1,"label":1}},{"type":"Feature","geometry":{"type":"Point","coordinates":[12.357172,55.728206]},"properties":{"name":"Ballerup Centret (Baltorpvej)","lines":"156, 157, 834","arr":["156","157","834"],"terminus":0,"mode":"bus","color":"#0059a9","colorDark":"#00294f","angle":41,"snapDist":1,"label":0}},{"type":"Feature","geometry":{"type":"Point","coordinates":[12.350047,55.729172]},"properties":{"name":"Baltoppen (Baltorpvej)","lines":"156, 157, 834","arr":["156","157","834"],"terminus":0,"mode":"bus","color":"#0059a9","colorDark":"#00294f","angle":7.1,"snapDist":1,"label":0}},{"type":"Feature","geometry":{"type":"Point","coordinates":[12.345964,55.723636]},"properties":{"name":"Ågerupvej (Vestbuen)","lines":"156","arr":["156"],"terminus":0,"mode":"bus","color":"#0059a9","colorDark":"#00294f","angle":271.2,"snapDist":0,"label":1}},{"type":"Feature","geometry":{"type":"Point","coordinates":[12.346413,55.720571]},"properties":{"name":"Bueparken (Vestbuen)","lines":"156","arr":["156"],"terminus":0,"mode":"bus","color":"#0059a9","colorDark":"#00294f","angle":251,"snapDist":1,"label":1}},{"type":"Feature","geometry":{"type":"Point","coordinates":[12.350855,55.71498]},"properties":{"name":"Sommerbuen (Vestbuen)","lines":"156","arr":["156"],"terminus":0,"mode":"bus","color":"#0059a9","colorDark":"#00294f","angle":246.3,"snapDist":2,"label":1}},{"type":"Feature","geometry":{"type":"Point","coordinates":[12.360603,55.711898]},"properties":{"name":"Sydbuen","lines":"156, 400S, 500S","arr":["156","400S","500S"],"terminus":0,"mode":"bus","color":"#0059a9","colorDark":"#00294f","angle":173,"snapDist":1,"label":1}},{"type":"Feature","geometry":{"type":"Point","coordinates":[12.317339,55.751913]},"properties":{"name":"Måløv Kirke (Kratvej)","lines":"157","arr":["157"],"terminus":0,"mode":"bus","color":"#0059a9","colorDark":"#00294f","angle":123.4,"snapDist":1,"label":0}},{"type":"Feature","geometry":{"type":"Point","coordinates":[12.321073,55.752856]},"properties":{"name":"Bavnevolden (Kratvej)","lines":"157","arr":["157"],"terminus":0,"mode":"bus","color":"#0059a9","colorDark":"#00294f","angle":153.1,"snapDist":0,"label":0}},{"type":"Feature","geometry":{"type":"Point","coordinates":[12.324739,55.753975]},"properties":{"name":"Bakkesvinget (Kratvej)","lines":"157","arr":["157"],"terminus":0,"mode":"bus","color":"#0059a9","colorDark":"#00294f","angle":149.1,"snapDist":2,"label":0}},{"type":"Feature","geometry":{"type":"Point","coordinates":[12.329895,55.754835]},"properties":{"name":"Møllestykket (Kratvej)","lines":"157","arr":["157"],"terminus":0,"mode":"bus","color":"#0059a9","colorDark":"#00294f","angle":183.2,"snapDist":0,"label":0}},{"type":"Feature","geometry":{"type":"Point","coordinates":[12.333259,55.754247]},"properties":{"name":"Måløv Parkvej (Kratvej)","lines":"157","arr":["157"],"terminus":0,"mode":"bus","color":"#0059a9","colorDark":"#00294f","angle":211.8,"snapDist":0,"label":0}},{"type":"Feature","geometry":{"type":"Point","coordinates":[12.341464,55.754214]},"properties":{"name":"Tvendagervej (Jonstrupvej)","lines":"157","arr":["157"],"terminus":0,"mode":"bus","color":"#0059a9","colorDark":"#00294f","angle":251.7,"snapDist":1,"label":1}},{"type":"Feature","geometry":{"type":"Point","coordinates":[12.342826,55.75146]},"properties":{"name":"Svalebo (Jonstrupvej)","lines":"157","arr":["157"],"terminus":0,"mode":"bus","color":"#0059a9","colorDark":"#00294f","angle":245.8,"snapDist":0,"label":0}},{"type":"Feature","geometry":{"type":"Point","coordinates":[12.34557,55.749349]},"properties":{"name":"Søndervej (Jonstrupvej)","lines":"157","arr":["157"],"terminus":0,"mode":"bus","color":"#0059a9","colorDark":"#00294f","angle":231.4,"snapDist":0,"label":0}},{"type":"Feature","geometry":{"type":"Point","coordinates":[12.351411,55.745615]},"properties":{"name":"Jonstrupvej 160 (Jonstrupvej)","lines":"157","arr":["157"],"terminus":0,"mode":"bus","color":"#0059a9","colorDark":"#00294f","angle":224.5,"snapDist":0,"label":0}},{"type":"Feature","geometry":{"type":"Point","coordinates":[12.354155,55.740196]},"properties":{"name":"Hundens Kvarter (Jonstrupvej)","lines":"157","arr":["157"],"terminus":0,"mode":"bus","color":"#0059a9","colorDark":"#00294f","angle":247.3,"snapDist":2,"label":0}},{"type":"Feature","geometry":{"type":"Point","coordinates":[12.355782,55.737123]},"properties":{"name":"Ballerup Byvej (Jonstrupvej)","lines":"157","arr":["157"],"terminus":0,"mode":"bus","color":"#0059a9","colorDark":"#00294f","angle":281.2,"snapDist":1,"label":0}},{"type":"Feature","geometry":{"type":"Point","coordinates":[12.3099,55.732561]},"properties":{"name":"Flodvej (Smørum Parkvej)","lines":"157","arr":["157"],"terminus":1,"mode":"bus","color":"#0059a9","colorDark":"#00294f","angle":93.1,"snapDist":1,"label":1}},{"type":"Feature","geometry":{"type":"Point","coordinates":[12.30818,55.736203]},"properties":{"name":"Latyrushaven (Blomsterhaven)","lines":"157","arr":["157"],"terminus":0,"mode":"bus","color":"#0059a9","colorDark":"#00294f","angle":15.4,"snapDist":0,"label":0}},{"type":"Feature","geometry":{"type":"Point","coordinates":[12.302161,55.738318]},"properties":{"name":"Åkandehaven (Blomsterhaven)","lines":"157","arr":["157"],"terminus":0,"mode":"bus","color":"#0059a9","colorDark":"#00294f","angle":56.1,"snapDist":0,"label":0}},{"type":"Feature","geometry":{"type":"Point","coordinates":[12.299607,55.741728]},"properties":{"name":"Primulahaven (Blomsterhaven)","lines":"157","arr":["157"],"terminus":0,"mode":"bus","color":"#0059a9","colorDark":"#00294f","angle":54.9,"snapDist":0,"label":0}},{"type":"Feature","geometry":{"type":"Point","coordinates":[12.295753,55.743513]},"properties":{"name":"Smørumnedrevej (Blomsterhaven)","lines":"157","arr":["157"],"terminus":0,"mode":"bus","color":"#0059a9","colorDark":"#00294f","angle":32.4,"snapDist":1,"label":0}},{"type":"Feature","geometry":{"type":"Point","coordinates":[12.301043,55.746772]},"properties":{"name":"Erantishaven Midt (Erantishaven)","lines":"157","arr":["157"],"terminus":0,"mode":"bus","color":"#0059a9","colorDark":"#00294f","angle":153.4,"snapDist":0,"label":0}},{"type":"Feature","geometry":{"type":"Point","coordinates":[12.305442,55.748383]},"properties":{"name":"Frugtvangen (Hindbærvangen)","lines":"157","arr":["157"],"terminus":0,"mode":"bus","color":"#0059a9","colorDark":"#00294f","angle":227.7,"snapDist":1,"label":0}},{"type":"Feature","geometry":{"type":"Point","coordinates":[12.310032,55.745158]},"properties":{"name":"Havrevej (Frugtvangen)","lines":"157","arr":["157"],"terminus":0,"mode":"bus","color":"#0059a9","colorDark":"#00294f","angle":241.5,"snapDist":1,"label":0}},{"type":"Feature","geometry":{"type":"Point","coordinates":[12.313937,55.740854]},"properties":{"name":"Kirsebærvangen (Frugtvangen)","lines":"157","arr":["157"],"terminus":0,"mode":"bus","color":"#0059a9","colorDark":"#00294f","angle":230.7,"snapDist":1,"label":0}},{"type":"Feature","geometry":{"type":"Point","coordinates":[12.32268,55.741562]},"properties":{"name":"Søndergårds Allé (Smørum Parkvej)","lines":"157","arr":["157"],"terminus":0,"mode":"bus","color":"#0059a9","colorDark":"#00294f","angle":153.5,"snapDist":1,"label":0}},{"type":"Feature","geometry":{"type":"Point","coordinates":[12.342756,55.728851]},"properties":{"name":"Vestbuen (Baltorpvej)","lines":"157","arr":["157"],"terminus":0,"mode":"bus","color":"#0059a9","colorDark":"#00294f","angle":347.4,"snapDist":1,"label":0}},{"type":"Feature","geometry":{"type":"Point","coordinates":[12.338311,55.728507]},"properties":{"name":"Baltorpbakken (Baltorpvej)","lines":"157","arr":["157"],"terminus":0,"mode":"bus","color":"#0059a9","colorDark":"#00294f","angle":2,"snapDist":0,"label":0}},{"type":"Feature","geometry":{"type":"Point","coordinates":[12.329664,55.729508]},"properties":{"name":"Pederstrupvej (Baltorpvej)","lines":"157","arr":["157"],"terminus":0,"mode":"bus","color":"#0059a9","colorDark":"#00294f","angle":9.5,"snapDist":0,"label":0}},{"type":"Feature","geometry":{"type":"Point","coordinates":[12.315315,55.729942]},"properties":{"name":"Tørveslettevej (Skebjergvej)","lines":"157","arr":["157"],"terminus":0,"mode":"bus","color":"#0059a9","colorDark":"#00294f","angle":346.3,"snapDist":0,"label":0}},{"type":"Feature","geometry":{"type":"Point","coordinates":[12.454075,55.761683]},"properties":{"name":"Bagsværd St., terminalen (Bagsværd St.)","lines":"160, 250S","arr":["160","250S"],"terminus":1,"mode":"bus","color":"#0059a9","colorDark":"#00294f","angle":98.8,"snapDist":3,"label":1}},{"type":"Feature","geometry":{"type":"Point","coordinates":[12.458,55.759077]},"properties":{"name":"Bagsværd Stadion (Bagsværd Hovedgade)","lines":"160, 166","arr":["160","166"],"terminus":0,"mode":"bus","color":"#0059a9","colorDark":"#00294f","angle":223.9,"snapDist":1,"label":1}},{"type":"Feature","geometry":{"type":"Point","coordinates":[12.461172,55.757255]},"properties":{"name":"Søndergård Park (Bagsværd Hovedgade)","lines":"160, 166","arr":["160","166"],"terminus":0,"mode":"bus","color":"#0059a9","colorDark":"#00294f","angle":222.2,"snapDist":1,"label":1}},{"type":"Feature","geometry":{"type":"Point","coordinates":[12.466173,55.754874]},"properties":{"name":"Frodesvej (Buddinge Hovedgade)","lines":"160, 166","arr":["160","166"],"terminus":0,"mode":"bus","color":"#0059a9","colorDark":"#00294f","angle":225.9,"snapDist":0,"label":1}},{"type":"Feature","geometry":{"type":"Point","coordinates":[12.468322,55.752782]},"properties":{"name":"Fortstien (Buddinge Hovedgade)","lines":"160, 166","arr":["160","166"],"terminus":0,"mode":"bus","color":"#0059a9","colorDark":"#00294f","angle":244,"snapDist":1,"label":1}},{"type":"Feature","geometry":{"type":"Point","coordinates":[12.47099,55.740538]},"properties":{"name":"Gladsaxe Kirke (Provst Bentzons Vej)","lines":"160","arr":["160"],"terminus":0,"mode":"bus","color":"#0059a9","colorDark":"#00294f","angle":22.6,"snapDist":1,"label":1}},{"type":"Feature","geometry":{"type":"Point","coordinates":[12.464018,55.740709]},"properties":{"name":"Provst Bentzons Vej","lines":"160","arr":["160"],"terminus":0,"mode":"bus","color":"#0059a9","colorDark":"#00294f","angle":358.4,"snapDist":0,"label":1}},{"type":"Feature","geometry":{"type":"Point","coordinates":[12.461722,55.738612]},"properties":{"name":"Egeparken","lines":"160","arr":["160"],"terminus":0,"mode":"bus","color":"#0059a9","colorDark":"#00294f","angle":48.1,"snapDist":13,"label":1}},{"type":"Feature","geometry":{"type":"Point","coordinates":[12.464763,55.740883]},"properties":{"name":"Provst Bentzons Vej","lines":"160","arr":["160"],"terminus":0,"mode":"bus","color":"#0059a9","colorDark":"#00294f","angle":359.1,"snapDist":7,"label":0}},{"type":"Feature","geometry":{"type":"Point","coordinates":[12.472544,55.74033]},"properties":{"name":"Gladsaxe Kirke (Provst Bentzons Vej)","lines":"160","arr":["160"],"terminus":0,"mode":"bus","color":"#0059a9","colorDark":"#00294f","angle":355.2,"snapDist":0,"label":0}},{"type":"Feature","geometry":{"type":"Point","coordinates":[12.474558,55.736952]},"properties":{"name":"Gladsaxe Trafikplads, terminalen","lines":"160","arr":["160"],"terminus":0,"mode":"bus","color":"#0059a9","colorDark":"#00294f","angle":342.6,"snapDist":1,"label":0}},{"type":"Feature","geometry":{"type":"Point","coordinates":[12.493591,55.732063]},"properties":{"name":"Høje Gladsaxe, Isbanevej (Isbanevej)","lines":"160, 164","arr":["160","164"],"terminus":0,"mode":"bus","color":"#0059a9","colorDark":"#00294f","angle":101.3,"snapDist":1,"label":1}},{"type":"Feature","geometry":{"type":"Point","coordinates":[12.497906,55.735752]},"properties":{"name":"Gladsaxe Sportshal (Vandtårnsvej)","lines":"160, 164, 166","arr":["160","164","166"],"terminus":0,"mode":"bus","color":"#0059a9","colorDark":"#00294f","angle":174.3,"snapDist":0,"label":1}},{"type":"Feature","geometry":{"type":"Point","coordinates":[12.501014,55.736627]},"properties":{"name":"Marienborg Allé (Vandtårnsvej)","lines":"160, 164, 166","arr":["160","164","166"],"terminus":0,"mode":"bus","color":"#0059a9","colorDark":"#00294f","angle":139.1,"snapDist":0,"label":1}},{"type":"Feature","geometry":{"type":"Point","coordinates":[12.504982,55.735389]},"properties":{"name":"Søborg Parkallé","lines":"160","arr":["160"],"terminus":0,"mode":"bus","color":"#0059a9","colorDark":"#00294f","angle":139.5,"snapDist":0,"label":1}},{"type":"Feature","geometry":{"type":"Point","coordinates":[12.505748,55.739527]},"properties":{"name":"Søborg Hovedgade (Hagavej)","lines":"160, 166","arr":["160","166"],"terminus":0,"mode":"bus","color":"#0059a9","colorDark":"#00294f","angle":126.9,"snapDist":1,"label":1}},{"type":"Feature","geometry":{"type":"Point","coordinates":[12.506326,55.741107]},"properties":{"name":"Christianehøj (Hagavej)","lines":"160, 166","arr":["160","166"],"terminus":0,"mode":"bus","color":"#0059a9","colorDark":"#00294f","angle":99.3,"snapDist":0,"label":1}},{"type":"Feature","geometry":{"type":"Point","coordinates":[12.506631,55.742752]},"properties":{"name":"Kildebakkegårds Allé (Hagavej)","lines":"160, 166","arr":["160","166"],"terminus":0,"mode":"bus","color":"#0059a9","colorDark":"#00294f","angle":89.8,"snapDist":0,"label":1}},{"type":"Feature","geometry":{"type":"Point","coordinates":[12.506756,55.744307]},"properties":{"name":"Kildebakke St.","lines":"160, 166","arr":["160","166"],"terminus":0,"mode":"bus","color":"#0059a9","colorDark":"#00294f","angle":32.3,"snapDist":0,"label":1}},{"type":"Feature","geometry":{"type":"Point","coordinates":[12.502308,55.743983]},"properties":{"name":"Kildebakken (Solnavej)","lines":"160, 166","arr":["160","166"],"terminus":0,"mode":"bus","color":"#0059a9","colorDark":"#00294f","angle":331.8,"snapDist":0,"label":1}},{"type":"Feature","geometry":{"type":"Point","coordinates":[12.492661,55.740724]},"properties":{"name":"Tinghøjvej, Telefonfabrikken (Tinghøjvej)","lines":"160","arr":["160"],"terminus":1,"mode":"bus","color":"#0059a9","colorDark":"#00294f","angle":2.9,"snapDist":0,"label":1}},{"type":"Feature","geometry":{"type":"Point","coordinates":[12.507744,55.736762]},"properties":{"name":"Søborg Torv (Søborg Hovedgade)","lines":"160","arr":["160"],"terminus":0,"mode":"bus","color":"#0059a9","colorDark":"#00294f","angle":318.7,"snapDist":0,"label":0}},{"type":"Feature","geometry":{"type":"Point","coordinates":[12.503853,55.73556]},"properties":{"name":"Søborg Parkallé (Marienborg Allé)","lines":"160","arr":["160"],"terminus":0,"mode":"bus","color":"#0059a9","colorDark":"#00294f","angle":54.1,"snapDist":0,"label":1}},{"type":"Feature","geometry":{"type":"Point","coordinates":[12.501362,55.736797]},"properties":{"name":"Marienborg Allé (Vandtårnsvej)","lines":"160, 164, 166","arr":["160","164","166"],"terminus":0,"mode":"bus","color":"#0059a9","colorDark":"#00294f","angle":319.1,"snapDist":0,"label":0}},{"type":"Feature","geometry":{"type":"Point","coordinates":[12.496107,55.735775]},"properties":{"name":"Gladsaxe Sportshal (Vandtårnsvej)","lines":"160, 164, 166","arr":["160","164","166"],"terminus":0,"mode":"bus","color":"#0059a9","colorDark":"#00294f","angle":3.4,"snapDist":1,"label":0}},{"type":"Feature","geometry":{"type":"Point","coordinates":[12.471272,55.750974]},"properties":{"name":"Gladsaxe Møllevej (Buddinge Hovedgade)","lines":"160, 166","arr":["160","166"],"terminus":0,"mode":"bus","color":"#0059a9","colorDark":"#00294f","angle":35,"snapDist":0,"label":1}},{"type":"Feature","geometry":{"type":"Point","coordinates":[12.468188,55.752937]},"properties":{"name":"Fortstien (Buddinge Hovedgade)","lines":"160, 166","arr":["160","166"],"terminus":0,"mode":"bus","color":"#0059a9","colorDark":"#00294f","angle":64,"snapDist":1,"label":0}},{"type":"Feature","geometry":{"type":"Point","coordinates":[12.464879,55.755484]},"properties":{"name":"Frodesvej (Bagsværd Hovedgade)","lines":"160, 166","arr":["160","166"],"terminus":0,"mode":"bus","color":"#0059a9","colorDark":"#00294f","angle":37,"snapDist":1,"label":1}},{"type":"Feature","geometry":{"type":"Point","coordinates":[12.460028,55.757913]},"properties":{"name":"Søndergård Park (Bagsværd Hovedgade)","lines":"160, 166","arr":["160","166"],"terminus":0,"mode":"bus","color":"#0059a9","colorDark":"#00294f","angle":46.8,"snapDist":0,"label":0}},{"type":"Feature","geometry":{"type":"Point","coordinates":[12.458,55.759077]},"properties":{"name":"Bagsværd Stadion (Bagsværd Hovedgade)","lines":"160, 166","arr":["160","166"],"terminus":0,"mode":"bus","color":"#0059a9","colorDark":"#00294f","angle":43.9,"snapDist":1,"label":0}},{"type":"Feature","geometry":{"type":"Point","coordinates":[12.455696,55.76023]},"properties":{"name":"Buegården (Bagsværd Hovedgade)","lines":"160, 166","arr":["160","166"],"terminus":0,"mode":"bus","color":"#0059a9","colorDark":"#00294f","angle":36.9,"snapDist":1,"label":1}},{"type":"Feature","geometry":{"type":"Point","coordinates":[12.358163,55.73023]},"properties":{"name":"Ballerup St. (Banegårdspladsen)","lines":"164, 400S, 500S","arr":["164","400S","500S"],"terminus":1,"mode":"bus","color":"#0059a9","colorDark":"#00294f","angle":308.1,"snapDist":1,"label":0}},{"type":"Feature","geometry":{"type":"Point","coordinates":[12.363513,55.732484]},"properties":{"name":"Parkvej (Hold-an Vej)","lines":"164, 834","arr":["164","834"],"terminus":0,"mode":"bus","color":"#0059a9","colorDark":"#00294f","angle":81.1,"snapDist":3,"label":1}},{"type":"Feature","geometry":{"type":"Point","coordinates":[12.364148,55.739252]},"properties":{"name":"Digterparken (Skovvej)","lines":"164","arr":["164"],"terminus":0,"mode":"bus","color":"#0059a9","colorDark":"#00294f","angle":115.7,"snapDist":5,"label":1}},{"type":"Feature","geometry":{"type":"Point","coordinates":[12.367123,55.742323]},"properties":{"name":"Skovvejens skole - vest (Skovvej)","lines":"164, 500S","arr":["164","500S"],"terminus":0,"mode":"bus","color":"#0059a9","colorDark":"#00294f","angle":107.5,"snapDist":1,"label":1}},{"type":"Feature","geometry":{"type":"Point","coordinates":[12.370488,55.748515]},"properties":{"name":"Skovmarksvej (Skovvej)","lines":"164","arr":["164"],"terminus":0,"mode":"bus","color":"#0059a9","colorDark":"#00294f","angle":126.3,"snapDist":0,"label":1}},{"type":"Feature","geometry":{"type":"Point","coordinates":[12.381738,55.751076]},"properties":{"name":"Nordbuen (Egebjergvej)","lines":"164","arr":["164"],"terminus":0,"mode":"bus","color":"#0059a9","colorDark":"#00294f","angle":188.2,"snapDist":1,"label":1}},{"type":"Feature","geometry":{"type":"Point","coordinates":[12.399941,55.740821]},"properties":{"name":"Hjorteengen, Tryg Forsikring (Klausdalsbrovej)","lines":"164","arr":["164"],"terminus":0,"mode":"bus","color":"#0059a9","colorDark":"#00294f","angle":168.6,"snapDist":0,"label":1}},{"type":"Feature","geometry":{"type":"Point","coordinates":[12.414465,55.744096]},"properties":{"name":"Skinderskovvej (Klausdalsbrovej)","lines":"164","arr":["164"],"terminus":0,"mode":"bus","color":"#0059a9","colorDark":"#00294f","angle":160.8,"snapDist":6,"label":1}},{"type":"Feature","geometry":{"type":"Point","coordinates":[12.416508,55.743127]},"properties":{"name":"Højergårdsvej (Gammel Klausdalsbrovej)","lines":"164, 165, 168","arr":["164","165","168"],"terminus":0,"mode":"bus","color":"#0059a9","colorDark":"#00294f","angle":170.9,"snapDist":1,"label":1}},{"type":"Feature","geometry":{"type":"Point","coordinates":[12.422246,55.743613]},"properties":{"name":"Gammelgårdsvej (Gammel Klausdalsbrovej)","lines":"164, 165, 168","arr":["164","165","168"],"terminus":0,"mode":"bus","color":"#0059a9","colorDark":"#00294f","angle":172.5,"snapDist":0,"label":1}},{"type":"Feature","geometry":{"type":"Point","coordinates":[12.425622,55.74359]},"properties":{"name":"Kildegårdskolen (Gammel Klausdalsbrovej)","lines":"164, 165, 168","arr":["164","165","168"],"terminus":0,"mode":"bus","color":"#0059a9","colorDark":"#00294f","angle":185.7,"snapDist":0,"label":1}},{"type":"Feature","geometry":{"type":"Point","coordinates":[12.429521,55.743876]},"properties":{"name":"Havnsøvej (Sennepshaven)","lines":"164, 168","arr":["164","168"],"terminus":0,"mode":"bus","color":"#0059a9","colorDark":"#00294f","angle":169,"snapDist":0,"label":1}},{"type":"Feature","geometry":{"type":"Point","coordinates":[12.433883,55.744378]},"properties":{"name":"Peberhaven (Sennepshaven)","lines":"164, 168","arr":["164","168"],"terminus":1,"mode":"bus","color":"#0059a9","colorDark":"#00294f","angle":171.5,"snapDist":0,"label":1}},{"type":"Feature","geometry":{"type":"Point","coordinates":[12.438632,55.74509]},"properties":{"name":"Ingefærhaven (Klausdalsbrovej)","lines":"164","arr":["164"],"terminus":0,"mode":"bus","color":"#0059a9","colorDark":"#00294f","angle":167.4,"snapDist":0,"label":1}},{"type":"Feature","geometry":{"type":"Point","coordinates":[12.445102,55.745942]},"properties":{"name":"HF Klausdalsbro (Klausdalsbrovej)","lines":"164","arr":["164"],"terminus":0,"mode":"bus","color":"#0059a9","colorDark":"#00294f","angle":171.8,"snapDist":1,"label":1}},{"type":"Feature","geometry":{"type":"Point","coordinates":[12.450694,55.746121]},"properties":{"name":"HF Smørmose (Klausdalsbrovej)","lines":"164","arr":["164"],"terminus":0,"mode":"bus","color":"#0059a9","colorDark":"#00294f","angle":181.2,"snapDist":0,"label":1}},{"type":"Feature","geometry":{"type":"Point","coordinates":[12.457392,55.745976]},"properties":{"name":"HF 4. Juli 1917 (Klausdalsbrovej)","lines":"164","arr":["164"],"terminus":0,"mode":"bus","color":"#0059a9","colorDark":"#00294f","angle":183.7,"snapDist":1,"label":1}},{"type":"Feature","geometry":{"type":"Point","coordinates":[12.467205,55.744846]},"properties":{"name":"Egegården (Klausdalsbrovej)","lines":"164, 250S","arr":["164","250S"],"terminus":0,"mode":"bus","color":"#0059a9","colorDark":"#00294f","angle":193.2,"snapDist":1,"label":1}},{"type":"Feature","geometry":{"type":"Point","coordinates":[12.474894,55.737509]},"properties":{"name":"Gladsaxe Trafikplads (Gladsaxe Møllevej)","lines":"164, 200S","arr":["164","200S"],"terminus":0,"mode":"bus","color":"#0059a9","colorDark":"#00294f","angle":250.1,"snapDist":9,"label":0}},{"type":"Feature","geometry":{"type":"Point","coordinates":[12.501129,55.742375]},"properties":{"name":"Kildegården (Kildebakkegårds Allé)","lines":"164","arr":["164"],"terminus":0,"mode":"bus","color":"#0059a9","colorDark":"#00294f","angle":186.1,"snapDist":1,"label":1}},{"type":"Feature","geometry":{"type":"Point","coordinates":[12.507803,55.741969]},"properties":{"name":"Hagavej (Kildebakkegårds Allé)","lines":"164","arr":["164"],"terminus":0,"mode":"bus","color":"#0059a9","colorDark":"#00294f","angle":186,"snapDist":1,"label":1}},{"type":"Feature","geometry":{"type":"Point","coordinates":[12.512892,55.741659]},"properties":{"name":"Kildekrogen (Kildebakkegårds Allé)","lines":"164","arr":["164"],"terminus":0,"mode":"bus","color":"#0059a9","colorDark":"#00294f","angle":186.1,"snapDist":0,"label":1}},{"type":"Feature","geometry":{"type":"Point","coordinates":[12.518632,55.740513]},"properties":{"name":"Kiplings Allé (Kildebakkegårds Allé)","lines":"164","arr":["164"],"terminus":0,"mode":"bus","color":"#0059a9","colorDark":"#00294f","angle":207.5,"snapDist":1,"label":1}},{"type":"Feature","geometry":{"type":"Point","coordinates":[12.524234,55.739821]},"properties":{"name":"Vangede St. (Ellegårdsvej)","lines":"164, 192","arr":["164","192"],"terminus":0,"mode":"bus","color":"#0059a9","colorDark":"#00294f","angle":210.1,"snapDist":0,"label":1}},{"type":"Feature","geometry":{"type":"Point","coordinates":[12.532455,55.737327]},"properties":{"name":"Ellemosevej (Ellegårdsvej)","lines":"164, 192","arr":["164","192"],"terminus":0,"mode":"bus","color":"#0059a9","colorDark":"#00294f","angle":180,"snapDist":1,"label":1}},{"type":"Feature","geometry":{"type":"Point","coordinates":[12.540797,55.737914]},"properties":{"name":"Kildegårds Plads (Kildegårdsvej)","lines":"164, 171, 185, 192","arr":["164","171","185","192"],"terminus":0,"mode":"bus","color":"#0059a9","colorDark":"#00294f","angle":189.4,"snapDist":1,"label":1}},{"type":"Feature","geometry":{"type":"Point","coordinates":[12.54485,55.737821]},"properties":{"name":"Gentofte Hospital (Kildegårdsvej)","lines":"164, 171, 185, 192","arr":["164","171","185","192"],"terminus":0,"mode":"bus","color":"#0059a9","colorDark":"#00294f","angle":190.7,"snapDist":0,"label":1}},{"type":"Feature","geometry":{"type":"Point","coordinates":[12.550081,55.736579]},"properties":{"name":"Niels Andersens Vej (Kildegårdsvej)","lines":"164, 171, 185, 192","arr":["164","171","185","192"],"terminus":0,"mode":"bus","color":"#0059a9","colorDark":"#00294f","angle":210.6,"snapDist":3,"label":1}},{"type":"Feature","geometry":{"type":"Point","coordinates":[12.556361,55.735231]},"properties":{"name":"Bernstorffsvej (Kildegårdsvej)","lines":"164, 192","arr":["164","192"],"terminus":0,"mode":"bus","color":"#0059a9","colorDark":"#00294f","angle":182.5,"snapDist":1,"label":1}},{"type":"Feature","geometry":{"type":"Point","coordinates":[12.562286,55.733656]},"properties":{"name":"Rygårds Allé (Hellerupvej)","lines":"164, 192","arr":["164","192"],"terminus":0,"mode":"bus","color":"#0059a9","colorDark":"#00294f","angle":204.5,"snapDist":0,"label":1}},{"type":"Feature","geometry":{"type":"Point","coordinates":[12.568025,55.730781]},"properties":{"name":"Hellerup St.","lines":"164","arr":["164"],"terminus":0,"mode":"bus","color":"#0059a9","colorDark":"#00294f","angle":307.7,"snapDist":1,"label":0}},{"type":"Feature","geometry":{"type":"Point","coordinates":[12.580454,55.726569]},"properties":{"name":"Experimentarium (Philip Heymans Allè)","lines":"164","arr":["164"],"terminus":0,"mode":"bus","color":"#0059a9","colorDark":"#00294f","angle":254.9,"snapDist":1,"label":1}},{"type":"Feature","geometry":{"type":"Point","coordinates":[12.580428,55.723824]},"properties":{"name":"Hellerup Skole (Dessaus Boulevard)","lines":"164","arr":["164"],"terminus":0,"mode":"bus","color":"#0059a9","colorDark":"#00294f","angle":349.4,"snapDist":1,"label":1}},{"type":"Feature","geometry":{"type":"Point","coordinates":[12.592725,55.709781]},"properties":{"name":"Kalkbrænderihavnsgade (Sundkrogsgade)","lines":"164","arr":["164"],"terminus":0,"mode":"bus","color":"#0059a9","colorDark":"#00294f","angle":148.6,"snapDist":5,"label":1}},{"type":"Feature","geometry":{"type":"Point","coordinates":[12.592418,55.712019]},"properties":{"name":"Orientkaj St. (Sundkrogsgade)","lines":"164","arr":["164"],"terminus":0,"mode":"bus","color":"#0059a9","colorDark":"#00294f","angle":83.8,"snapDist":0,"label":1}},{"type":"Feature","geometry":{"type":"Point","coordinates":[12.593856,55.714553]},"properties":{"name":"Containervej (Sundkrogsgade)","lines":"164","arr":["164"],"terminus":0,"mode":"bus","color":"#0059a9","colorDark":"#00294f","angle":122.1,"snapDist":1,"label":1}},{"type":"Feature","geometry":{"type":"Point","coordinates":[12.597438,55.716949]},"properties":{"name":"Baltikavej (Færgehavnsvej)","lines":"164","arr":["164"],"terminus":0,"mode":"bus","color":"#0059a9","colorDark":"#00294f","angle":67.1,"snapDist":3,"label":1}},{"type":"Feature","geometry":{"type":"Point","coordinates":[12.604974,55.716659]},"properties":{"name":"Kattegatvej (Baltikavej)","lines":"164","arr":["164"],"terminus":0,"mode":"bus","color":"#0059a9","colorDark":"#00294f","angle":199.8,"snapDist":3,"label":1}},{"type":"Feature","geometry":{"type":"Point","coordinates":[12.607687,55.719976]},"properties":{"name":"Nordsøvej (Kattegatvej)","lines":"164","arr":["164"],"terminus":0,"mode":"bus","color":"#0059a9","colorDark":"#00294f","angle":109.9,"snapDist":1,"label":1}},{"type":"Feature","geometry":{"type":"Point","coordinates":[12.608921,55.72191]},"properties":{"name":"Færgehavn Nord (Kattegatvej)","lines":"164","arr":["164"],"terminus":0,"mode":"bus","color":"#0059a9","colorDark":"#00294f","angle":289.4,"snapDist":0,"label":1}},{"type":"Feature","geometry":{"type":"Point","coordinates":[12.607481,55.719654]},"properties":{"name":"Nordsøvej (Kattegatvej)","lines":"164","arr":["164"],"terminus":0,"mode":"bus","color":"#0059a9","colorDark":"#00294f","angle":109.9,"snapDist":1,"label":0}},{"type":"Feature","geometry":{"type":"Point","coordinates":[12.604831,55.716688]},"properties":{"name":"Kattegatvej (Baltikavej)","lines":"164","arr":["164"],"terminus":0,"mode":"bus","color":"#0059a9","colorDark":"#00294f","angle":19.8,"snapDist":3,"label":0}},{"type":"Feature","geometry":{"type":"Point","coordinates":[12.599589,55.71775]},"properties":{"name":"Færgehavnsvej (Baltikavej)","lines":"164","arr":["164"],"terminus":0,"mode":"bus","color":"#0059a9","colorDark":"#00294f","angle":19.8,"snapDist":2,"label":1}},{"type":"Feature","geometry":{"type":"Point","coordinates":[12.597698,55.717234]},"properties":{"name":"Baltikavej (Sundkrogsgade)","lines":"164","arr":["164"],"terminus":0,"mode":"bus","color":"#0059a9","colorDark":"#00294f","angle":290.2,"snapDist":3,"label":1}},{"type":"Feature","geometry":{"type":"Point","coordinates":[12.59358,55.714152]},"properties":{"name":"Containervej (Sundkrogsgade)","lines":"164","arr":["164"],"terminus":0,"mode":"bus","color":"#0059a9","colorDark":"#00294f","angle":290.9,"snapDist":0,"label":0}},{"type":"Feature","geometry":{"type":"Point","coordinates":[12.592384,55.712307]},"properties":{"name":"Orientkaj St. (Sundkrogsgade)","lines":"164","arr":["164"],"terminus":0,"mode":"bus","color":"#0059a9","colorDark":"#00294f","angle":275.3,"snapDist":0,"label":0}},{"type":"Feature","geometry":{"type":"Point","coordinates":[12.592933,55.709852]},"properties":{"name":"Kalkbrænderihavnsgade (Sundkrogsgade)","lines":"164","arr":["164"],"terminus":0,"mode":"bus","color":"#0059a9","colorDark":"#00294f","angle":328.6,"snapDist":4,"label":0}},{"type":"Feature","geometry":{"type":"Point","coordinates":[12.581261,55.723825]},"properties":{"name":"Hellerup Skole (Dessaus Boulevard)","lines":"164","arr":["164"],"terminus":0,"mode":"bus","color":"#0059a9","colorDark":"#00294f","angle":168.7,"snapDist":0,"label":0}},{"type":"Feature","geometry":{"type":"Point","coordinates":[12.580381,55.726722]},"properties":{"name":"Experimentarium (Philip Heymans Allè)","lines":"164","arr":["164"],"terminus":0,"mode":"bus","color":"#0059a9","colorDark":"#00294f","angle":75,"snapDist":0,"label":0}},{"type":"Feature","geometry":{"type":"Point","coordinates":[12.568025,55.730781]},"properties":{"name":"Hellerup St.","lines":"164","arr":["164"],"terminus":0,"mode":"bus","color":"#0059a9","colorDark":"#00294f","angle":307.7,"snapDist":1,"label":0}},{"type":"Feature","geometry":{"type":"Point","coordinates":[12.562364,55.733636]},"properties":{"name":"Rygårds Allé (Hellerupvej)","lines":"164, 192","arr":["164","192"],"terminus":0,"mode":"bus","color":"#0059a9","colorDark":"#00294f","angle":24.5,"snapDist":0,"label":0}},{"type":"Feature","geometry":{"type":"Point","coordinates":[12.556789,55.735216]},"properties":{"name":"Bernstorffsvej (Kildegårdsvej)","lines":"164, 192","arr":["164","192"],"terminus":0,"mode":"bus","color":"#0059a9","colorDark":"#00294f","angle":4.4,"snapDist":2,"label":0}},{"type":"Feature","geometry":{"type":"Point","coordinates":[12.549249,55.736858]},"properties":{"name":"Niels Andersens Vej (Kildegårdsvej)","lines":"164, 172, 185, 192","arr":["164","172","185","192"],"terminus":0,"mode":"bus","color":"#0059a9","colorDark":"#00294f","angle":30.4,"snapDist":3,"label":0}},{"type":"Feature","geometry":{"type":"Point","coordinates":[12.545446,55.737739]},"properties":{"name":"Gentofte Hospital (Kildegårdsvej)","lines":"164, 172, 185, 192","arr":["164","172","185","192"],"terminus":0,"mode":"bus","color":"#0059a9","colorDark":"#00294f","angle":18.3,"snapDist":1,"label":0}},{"type":"Feature","geometry":{"type":"Point","coordinates":[12.538662,55.737907]},"properties":{"name":"Kildegårds Plads (Ellegårdsvej)","lines":"164, 192","arr":["164","192"],"terminus":0,"mode":"bus","color":"#0059a9","colorDark":"#00294f","angle":349.8,"snapDist":3,"label":1}},{"type":"Feature","geometry":{"type":"Point","coordinates":[12.529779,55.737938]},"properties":{"name":"Kærvangen (Ellegårdsvej)","lines":"164, 192","arr":["164","192"],"terminus":0,"mode":"bus","color":"#0059a9","colorDark":"#00294f","angle":33,"snapDist":1,"label":1}},{"type":"Feature","geometry":{"type":"Point","coordinates":[12.525009,55.739566]},"properties":{"name":"Vangede St. (Ellegårdsvej)","lines":"164, 192","arr":["164","192"],"terminus":0,"mode":"bus","color":"#0059a9","colorDark":"#00294f","angle":30.5,"snapDist":0,"label":0}},{"type":"Feature","geometry":{"type":"Point","coordinates":[12.522406,55.739384]},"properties":{"name":"Vangedevej (Kildebakkegårds Allé)","lines":"164","arr":["164"],"terminus":0,"mode":"bus","color":"#0059a9","colorDark":"#00294f","angle":21.6,"snapDist":3,"label":1}},{"type":"Feature","geometry":{"type":"Point","coordinates":[12.518606,55.740521]},"properties":{"name":"Kiplings Allé (Kildebakkegårds Allé)","lines":"164","arr":["164"],"terminus":0,"mode":"bus","color":"#0059a9","colorDark":"#00294f","angle":27.5,"snapDist":0,"label":0}},{"type":"Feature","geometry":{"type":"Point","coordinates":[12.513715,55.741607]},"properties":{"name":"Kildekrogen (Kildebakkegårds Allé)","lines":"164","arr":["164"],"terminus":0,"mode":"bus","color":"#0059a9","colorDark":"#00294f","angle":6.8,"snapDist":1,"label":0}},{"type":"Feature","geometry":{"type":"Point","coordinates":[12.507613,55.741981]},"properties":{"name":"Hagavej (Kildebakkegårds Allé)","lines":"164","arr":["164"],"terminus":0,"mode":"bus","color":"#0059a9","colorDark":"#00294f","angle":6,"snapDist":0,"label":0}},{"type":"Feature","geometry":{"type":"Point","coordinates":[12.500782,55.742397]},"properties":{"name":"Kildegården (Kildebakkegårds Allé)","lines":"164","arr":["164"],"terminus":0,"mode":"bus","color":"#0059a9","colorDark":"#00294f","angle":12.8,"snapDist":1,"label":0}},{"type":"Feature","geometry":{"type":"Point","coordinates":[12.504856,55.73849]},"properties":{"name":"Søborg Hovedgade (Vandtårnsvej)","lines":"164, 166","arr":["164","166"],"terminus":0,"mode":"bus","color":"#0059a9","colorDark":"#00294f","angle":319.3,"snapDist":0,"label":1}},{"type":"Feature","geometry":{"type":"Point","coordinates":[12.47071,55.744633]},"properties":{"name":"Gladsaxe Skole (Klausdalsbrovej)","lines":"164","arr":["164"],"terminus":0,"mode":"bus","color":"#0059a9","colorDark":"#00294f","angle":358.5,"snapDist":1,"label":1}},{"type":"Feature","geometry":{"type":"Point","coordinates":[12.46595,55.74502]},"properties":{"name":"Egegården (Klausdalsbrovej)","lines":"164, 250S","arr":["164","250S"],"terminus":0,"mode":"bus","color":"#0059a9","colorDark":"#00294f","angle":14.4,"snapDist":1,"label":0}},{"type":"Feature","geometry":{"type":"Point","coordinates":[12.459027,55.745887]},"properties":{"name":"HF 4. Juli 1917 (Klausdalsbrovej)","lines":"164","arr":["164"],"terminus":0,"mode":"bus","color":"#0059a9","colorDark":"#00294f","angle":9.2,"snapDist":0,"label":0}},{"type":"Feature","geometry":{"type":"Point","coordinates":[12.449054,55.746139]},"properties":{"name":"HF Smørmose (Klausdalsbrovej)","lines":"164","arr":["164"],"terminus":0,"mode":"bus","color":"#0059a9","colorDark":"#00294f","angle":1,"snapDist":0,"label":0}},{"type":"Feature","geometry":{"type":"Point","coordinates":[12.444201,55.745864]},"properties":{"name":"HF Klausdalsbro (Klausdalsbrovej)","lines":"164","arr":["164"],"terminus":0,"mode":"bus","color":"#0059a9","colorDark":"#00294f","angle":350.2,"snapDist":1,"label":0}},{"type":"Feature","geometry":{"type":"Point","coordinates":[12.43786,55.745004]},"properties":{"name":"Ingefærhaven (Klausdalsbrovej)","lines":"164","arr":["164"],"terminus":0,"mode":"bus","color":"#0059a9","colorDark":"#00294f","angle":349.8,"snapDist":0,"label":0}},{"type":"Feature","geometry":{"type":"Point","coordinates":[12.433241,55.744323]},"properties":{"name":"Peberhaven (Sennepshaven)","lines":"164","arr":["164"],"terminus":0,"mode":"bus","color":"#0059a9","colorDark":"#00294f","angle":351.2,"snapDist":0,"label":0}},{"type":"Feature","geometry":{"type":"Point","coordinates":[12.428183,55.743707]},"properties":{"name":"Havnsøvej (Sennepshaven)","lines":"164","arr":["164"],"terminus":0,"mode":"bus","color":"#0059a9","colorDark":"#00294f","angle":346.7,"snapDist":0,"label":0}},{"type":"Feature","geometry":{"type":"Point","coordinates":[12.425542,55.743594]},"properties":{"name":"Kildegårdskolen (Gammel Klausdalsbrovej)","lines":"164, 165, 168","arr":["164","165","168"],"terminus":0,"mode":"bus","color":"#0059a9","colorDark":"#00294f","angle":5.7,"snapDist":0,"label":0}},{"type":"Feature","geometry":{"type":"Point","coordinates":[12.421166,55.743524]},"properties":{"name":"Gammelgårdsvej (Gammel Klausdalsbrovej)","lines":"164, 165, 168","arr":["164","165","168"],"terminus":0,"mode":"bus","color":"#0059a9","colorDark":"#00294f","angle":351,"snapDist":1,"label":0}},{"type":"Feature","geometry":{"type":"Point","coordinates":[12.416848,55.743158]},"properties":{"name":"Højergårdsvej (Gammel Klausdalsbrovej)","lines":"164, 165, 168","arr":["164","165","168"],"terminus":0,"mode":"bus","color":"#0059a9","colorDark":"#00294f","angle":350.9,"snapDist":0,"label":0}},{"type":"Feature","geometry":{"type":"Point","coordinates":[12.414465,55.744096]},"properties":{"name":"Skinderskovvej (Klausdalsbrovej)","lines":"164","arr":["164"],"terminus":0,"mode":"bus","color":"#0059a9","colorDark":"#00294f","angle":340.8,"snapDist":6,"label":0}},{"type":"Feature","geometry":{"type":"Point","coordinates":[12.398785,55.740728]},"properties":{"name":"Hjorteengen, Tryg Forsikring (Klausdalsbrovej)","lines":"164","arr":["164"],"terminus":0,"mode":"bus","color":"#0059a9","colorDark":"#00294f","angle":353.9,"snapDist":0,"label":0}},{"type":"Feature","geometry":{"type":"Point","coordinates":[12.382198,55.75104]},"properties":{"name":"Nordbuen (Egebjergvej)","lines":"164","arr":["164"],"terminus":0,"mode":"bus","color":"#0059a9","colorDark":"#00294f","angle":7.2,"snapDist":1,"label":0}},{"type":"Feature","geometry":{"type":"Point","coordinates":[12.373591,55.751355]},"properties":{"name":"Egebjerghuse (Skovvej)","lines":"164, 500S","arr":["164","500S"],"terminus":0,"mode":"bus","color":"#0059a9","colorDark":"#00294f","angle":289.7,"snapDist":0,"label":1}},{"type":"Feature","geometry":{"type":"Point","coordinates":[12.370332,55.748395]},"properties":{"name":"Skovmarksvej (Skovvej)","lines":"164","arr":["164"],"terminus":0,"mode":"bus","color":"#0059a9","colorDark":"#00294f","angle":306.3,"snapDist":0,"label":0}},{"type":"Feature","geometry":{"type":"Point","coordinates":[12.367094,55.742272]},"properties":{"name":"Skovvejens skole - vest (Skovvej)","lines":"164, 500S","arr":["164","500S"],"terminus":0,"mode":"bus","color":"#0059a9","colorDark":"#00294f","angle":289.4,"snapDist":0,"label":0}},{"type":"Feature","geometry":{"type":"Point","coordinates":[12.364045,55.739105]},"properties":{"name":"Digterparken (Skovvej)","lines":"164","arr":["164"],"terminus":0,"mode":"bus","color":"#0059a9","colorDark":"#00294f","angle":290.7,"snapDist":5,"label":0}},{"type":"Feature","geometry":{"type":"Point","coordinates":[12.362725,55.734865]},"properties":{"name":"Ballerup Rådhus (Hold-an Vej)","lines":"164, 400S, 500S","arr":["164","400S","500S"],"terminus":0,"mode":"bus","color":"#0059a9","colorDark":"#00294f","angle":277,"snapDist":1,"label":1}},{"type":"Feature","geometry":{"type":"Point","coordinates":[12.363238,55.732922]},"properties":{"name":"Parkvej (Hold-an Vej)","lines":"164","arr":["164"],"terminus":0,"mode":"bus","color":"#0059a9","colorDark":"#00294f","angle":261,"snapDist":2,"label":0}},{"type":"Feature","geometry":{"type":"Point","coordinates":[12.443478,55.719165]},"properties":{"name":"Herlev St.","lines":"165","arr":["165"],"terminus":1,"mode":"bus","color":"#0059a9","colorDark":"#00294f","angle":30.2,"snapDist":1,"label":1}},{"type":"Feature","geometry":{"type":"Point","coordinates":[12.439262,55.723081]},"properties":{"name":"Herlev Bymidte (Herlev Hovedgade)","lines":"165, 168, 350S","arr":["165","168","350S"],"terminus":0,"mode":"bus","color":"#0059a9","colorDark":"#00294f","angle":5.7,"snapDist":2,"label":1}},{"type":"Feature","geometry":{"type":"Point","coordinates":[12.434514,55.724409]},"properties":{"name":"Herlevvænge (Herlev Bygade)","lines":"165","arr":["165"],"terminus":0,"mode":"bus","color":"#0059a9","colorDark":"#00294f","angle":95.2,"snapDist":1,"label":1}},{"type":"Feature","geometry":{"type":"Point","coordinates":[12.438002,55.72565]},"properties":{"name":"Herlev Bygade (Herlevgårdsvej)","lines":"165","arr":["165"],"terminus":0,"mode":"bus","color":"#0059a9","colorDark":"#00294f","angle":99.7,"snapDist":1,"label":1}},{"type":"Feature","geometry":{"type":"Point","coordinates":[12.437856,55.727906]},"properties":{"name":"Vindebyvej (Herlevgårdsvej)","lines":"165","arr":["165"],"terminus":0,"mode":"bus","color":"#0059a9","colorDark":"#00294f","angle":82.4,"snapDist":2,"label":1}},{"type":"Feature","geometry":{"type":"Point","coordinates":[12.435794,55.731576]},"properties":{"name":"Smaragdvej (Hjortespringvej)","lines":"165","arr":["165"],"terminus":0,"mode":"bus","color":"#0059a9","colorDark":"#00294f","angle":73.4,"snapDist":1,"label":1}},{"type":"Feature","geometry":{"type":"Point","coordinates":[12.434152,55.734494]},"properties":{"name":"Borgerdiget (Hjortespringvej)","lines":"165","arr":["165"],"terminus":0,"mode":"bus","color":"#0059a9","colorDark":"#00294f","angle":69.5,"snapDist":1,"label":1}},{"type":"Feature","geometry":{"type":"Point","coordinates":[12.432023,55.737349]},"properties":{"name":"Køllegårdsvej (Hjortespringvej)","lines":"165","arr":["165"],"terminus":0,"mode":"bus","color":"#0059a9","colorDark":"#00294f","angle":65.2,"snapDist":1,"label":1}},{"type":"Feature","geometry":{"type":"Point","coordinates":[12.429446,55.740321]},"properties":{"name":"Persillehaven (Hjortespringvej)","lines":"165","arr":["165"],"terminus":0,"mode":"bus","color":"#0059a9","colorDark":"#00294f","angle":64.4,"snapDist":0,"label":1}},{"type":"Feature","geometry":{"type":"Point","coordinates":[12.414077,55.745942]},"properties":{"name":"Hjortespringbadet (Skinderskovvej)","lines":"165","arr":["165"],"terminus":0,"mode":"bus","color":"#0059a9","colorDark":"#00294f","angle":74.7,"snapDist":2,"label":1}},{"type":"Feature","geometry":{"type":"Point","coordinates":[12.407818,55.746918]},"properties":{"name":"Krebsdammen, Midt (Krebsdammen)","lines":"165","arr":["165"],"terminus":0,"mode":"bus","color":"#0059a9","colorDark":"#00294f","angle":36.6,"snapDist":0,"label":1}},{"type":"Feature","geometry":{"type":"Point","coordinates":[12.397708,55.749155]},"properties":{"name":"Sortemosevej (Hækmosen)","lines":"165","arr":["165"],"terminus":0,"mode":"bus","color":"#0059a9","colorDark":"#00294f","angle":335.8,"snapDist":1,"label":1}},{"type":"Feature","geometry":{"type":"Point","coordinates":[12.39375,55.750632]},"properties":{"name":"Egebjergvej (Syvendehusvej)","lines":"165","arr":["165"],"terminus":0,"mode":"bus","color":"#0059a9","colorDark":"#00294f","angle":66.2,"snapDist":1,"label":1}},{"type":"Feature","geometry":{"type":"Point","coordinates":[12.392479,55.754576]},"properties":{"name":"Kikudbakken (Syvendehusvej)","lines":"165","arr":["165"],"terminus":0,"mode":"bus","color":"#0059a9","colorDark":"#00294f","angle":73.2,"snapDist":1,"label":1}},{"type":"Feature","geometry":{"type":"Point","coordinates":[12.391678,55.756321]},"properties":{"name":"Damsagervej (Syvendehusvej)","lines":"165","arr":["165"],"terminus":0,"mode":"bus","color":"#0059a9","colorDark":"#00294f","angle":85.3,"snapDist":1,"label":1}},{"type":"Feature","geometry":{"type":"Point","coordinates":[12.392489,55.760399]},"properties":{"name":"Elme Allé (Skovbovænget)","lines":"165","arr":["165"],"terminus":0,"mode":"bus","color":"#0059a9","colorDark":"#00294f","angle":98.8,"snapDist":1,"label":1}},{"type":"Feature","geometry":{"type":"Point","coordinates":[12.393411,55.761891]},"properties":{"name":"Ravnehusvej (Skovbovænget)","lines":"165","arr":["165"],"terminus":0,"mode":"bus","color":"#0059a9","colorDark":"#00294f","angle":130.5,"snapDist":0,"label":1}},{"type":"Feature","geometry":{"type":"Point","coordinates":[12.396981,55.763953]},"properties":{"name":"Mosevænget (Skovbovænget)","lines":"165","arr":["165"],"terminus":0,"mode":"bus","color":"#0059a9","colorDark":"#00294f","angle":154,"snapDist":0,"label":1}},{"type":"Feature","geometry":{"type":"Point","coordinates":[12.399995,55.763506]},"properties":{"name":"Skandrups Allé (Skovbovænget)","lines":"165","arr":["165"],"terminus":0,"mode":"bus","color":"#0059a9","colorDark":"#00294f","angle":221.6,"snapDist":1,"label":1}},{"type":"Feature","geometry":{"type":"Point","coordinates":[12.404322,55.761594]},"properties":{"name":"Pilevænget (Skovbovænget)","lines":"165","arr":["165"],"terminus":0,"mode":"bus","color":"#0059a9","colorDark":"#00294f","angle":192.7,"snapDist":1,"label":1}},{"type":"Feature","geometry":{"type":"Point","coordinates":[12.406933,55.765359]},"properties":{"name":"Hareskov St. (Stationsvej)","lines":"165","arr":["165"],"terminus":0,"mode":"bus","color":"#0059a9","colorDark":"#00294f","angle":269.4,"snapDist":1,"label":1}},{"type":"Feature","geometry":{"type":"Point","coordinates":[12.40659,55.763036]},"properties":{"name":"Gl. Hareskovvej (Skovmose Allé)","lines":"165","arr":["165"],"terminus":0,"mode":"bus","color":"#0059a9","colorDark":"#00294f","angle":130.7,"snapDist":1,"label":1}},{"type":"Feature","geometry":{"type":"Point","coordinates":[12.404553,55.761343]},"properties":{"name":"Skovbovænget (Skovmose Allé)","lines":"165","arr":["165"],"terminus":0,"mode":"bus","color":"#0059a9","colorDark":"#00294f","angle":283.1,"snapDist":0,"label":1}},{"type":"Feature","geometry":{"type":"Point","coordinates":[12.40191,55.75891]},"properties":{"name":"Tibberup Allé (Skovmose Allé)","lines":"165","arr":["165"],"terminus":0,"mode":"bus","color":"#0059a9","colorDark":"#00294f","angle":311.4,"snapDist":1,"label":1}},{"type":"Feature","geometry":{"type":"Point","coordinates":[12.403041,55.757175]},"properties":{"name":"Teglbrændertoften (Tibberup Allé)","lines":"165","arr":["165"],"terminus":0,"mode":"bus","color":"#0059a9","colorDark":"#00294f","angle":234.1,"snapDist":1,"label":1}},{"type":"Feature","geometry":{"type":"Point","coordinates":[12.406094,55.755762]},"properties":{"name":"Lærketoften (Tibberup Allé)","lines":"165","arr":["165"],"terminus":0,"mode":"bus","color":"#0059a9","colorDark":"#00294f","angle":195.6,"snapDist":1,"label":1}},{"type":"Feature","geometry":{"type":"Point","coordinates":[12.41083,55.755068]},"properties":{"name":"Åvej (Tibberup Allé)","lines":"165","arr":["165"],"terminus":0,"mode":"bus","color":"#0059a9","colorDark":"#00294f","angle":194.6,"snapDist":1,"label":1}},{"type":"Feature","geometry":{"type":"Point","coordinates":[12.413719,55.753372]},"properties":{"name":"Tibbevangen (Ny Hjortespringvej)","lines":"165","arr":["165"],"terminus":0,"mode":"bus","color":"#0059a9","colorDark":"#00294f","angle":220,"snapDist":1,"label":1}},{"type":"Feature","geometry":{"type":"Point","coordinates":[12.420661,55.754106]},"properties":{"name":"Mosedybet (Værebrovej)","lines":"165","arr":["165"],"terminus":0,"mode":"bus","color":"#0059a9","colorDark":"#00294f","angle":182.3,"snapDist":1,"label":1}},{"type":"Feature","geometry":{"type":"Point","coordinates":[12.43254,55.756482]},"properties":{"name":"Bagsværd Svømmehal (Værebrovej)","lines":"165","arr":["165"],"terminus":0,"mode":"bus","color":"#0059a9","colorDark":"#00294f","angle":167.2,"snapDist":0,"label":1}},{"type":"Feature","geometry":{"type":"Point","coordinates":[12.438824,55.757176]},"properties":{"name":"Værebroparken","lines":"165","arr":["165"],"terminus":0,"mode":"bus","color":"#0059a9","colorDark":"#00294f","angle":349.2,"snapDist":5,"label":1}},{"type":"Feature","geometry":{"type":"Point","coordinates":[12.447167,55.758215]},"properties":{"name":"Granvej (Vadstrupvej)","lines":"165, 166, 250S, 400S","arr":["165","166","250S","400S"],"terminus":0,"mode":"bus","color":"#0059a9","colorDark":"#00294f","angle":148.6,"snapDist":1,"label":1}},{"type":"Feature","geometry":{"type":"Point","coordinates":[12.447037,55.765907]},"properties":{"name":"Hareskovbo (Bagsværdvej)","lines":"165","arr":["165"],"terminus":0,"mode":"bus","color":"#0059a9","colorDark":"#00294f","angle":357.5,"snapDist":0,"label":1}},{"type":"Feature","geometry":{"type":"Point","coordinates":[12.44249,55.762543]},"properties":{"name":"Bakkegården (Bagsværd Hovedgade)","lines":"165","arr":["165"],"terminus":0,"mode":"bus","color":"#0059a9","colorDark":"#00294f","angle":205.8,"snapDist":1,"label":1}},{"type":"Feature","geometry":{"type":"Point","coordinates":[12.453839,55.761695]},"properties":{"name":"Bagsværd St.","lines":"165, 166","arr":["165","166"],"terminus":1,"mode":"bus","color":"#0059a9","colorDark":"#00294f","angle":102.5,"snapDist":4,"label":1}},{"type":"Feature","geometry":{"type":"Point","coordinates":[12.452478,55.760517]},"properties":{"name":"Bagsværd Torv (Vadstrupvej)","lines":"165, 166","arr":["165","166"],"terminus":0,"mode":"bus","color":"#0059a9","colorDark":"#00294f","angle":323.9,"snapDist":0,"label":1}},{"type":"Feature","geometry":{"type":"Point","coordinates":[12.448097,55.758561]},"properties":{"name":"Granvej (Vadstrupvej)","lines":"165, 166, 250S, 400S","arr":["165","166","250S","400S"],"terminus":0,"mode":"bus","color":"#0059a9","colorDark":"#00294f","angle":321.2,"snapDist":0,"label":0}},{"type":"Feature","geometry":{"type":"Point","coordinates":[12.431217,55.756324]},"properties":{"name":"Bagsværd Svømmehal (Værebrovej)","lines":"165","arr":["165"],"terminus":0,"mode":"bus","color":"#0059a9","colorDark":"#00294f","angle":348.1,"snapDist":0,"label":0}},{"type":"Feature","geometry":{"type":"Point","coordinates":[12.420168,55.75412]},"properties":{"name":"Mosedybet (Værebrovej)","lines":"165","arr":["165"],"terminus":0,"mode":"bus","color":"#0059a9","colorDark":"#00294f","angle":3,"snapDist":1,"label":0}},{"type":"Feature","geometry":{"type":"Point","coordinates":[12.41326,55.753589]},"properties":{"name":"Tibbevangen (Ny Hjortespringvej)","lines":"165","arr":["165"],"terminus":0,"mode":"bus","color":"#0059a9","colorDark":"#00294f","angle":40,"snapDist":1,"label":0}},{"type":"Feature","geometry":{"type":"Point","coordinates":[12.410894,55.755059]},"properties":{"name":"Åvej (Tibberup Allé)","lines":"165","arr":["165"],"terminus":0,"mode":"bus","color":"#0059a9","colorDark":"#00294f","angle":14.6,"snapDist":1,"label":0}},{"type":"Feature","geometry":{"type":"Point","coordinates":[12.406346,55.755722]},"properties":{"name":"Lærketoften (Tibberup Allé)","lines":"165","arr":["165"],"terminus":0,"mode":"bus","color":"#0059a9","colorDark":"#00294f","angle":15.6,"snapDist":1,"label":0}},{"type":"Feature","geometry":{"type":"Point","coordinates":[12.403293,55.756978]},"properties":{"name":"Teglbrændertoften (Tibberup Allé)","lines":"165","arr":["165"],"terminus":0,"mode":"bus","color":"#0059a9","colorDark":"#00294f","angle":54.1,"snapDist":1,"label":0}},{"type":"Feature","geometry":{"type":"Point","coordinates":[12.402015,55.758977]},"properties":{"name":"Tibberup Allé (Skovmose Allé)","lines":"165","arr":["165"],"terminus":0,"mode":"bus","color":"#0059a9","colorDark":"#00294f","angle":131.4,"snapDist":0,"label":0}},{"type":"Feature","geometry":{"type":"Point","coordinates":[12.404609,55.761531]},"properties":{"name":"Skovbovænget (Skovmose Allé)","lines":"165","arr":["165"],"terminus":0,"mode":"bus","color":"#0059a9","colorDark":"#00294f","angle":98.7,"snapDist":0,"label":0}},{"type":"Feature","geometry":{"type":"Point","coordinates":[12.403926,55.761644]},"properties":{"name":"Pilevænget (Skovbovænget)","lines":"165","arr":["165"],"terminus":0,"mode":"bus","color":"#0059a9","colorDark":"#00294f","angle":12.7,"snapDist":1,"label":0}},{"type":"Feature","geometry":{"type":"Point","coordinates":[12.399901,55.763552]},"properties":{"name":"Skandrups Allé (Skovbovænget)","lines":"165","arr":["165"],"terminus":0,"mode":"bus","color":"#0059a9","colorDark":"#00294f","angle":41.6,"snapDist":1,"label":0}},{"type":"Feature","geometry":{"type":"Point","coordinates":[12.396603,55.763849]},"properties":{"name":"Mosevænget (Skovbovænget)","lines":"165","arr":["165"],"terminus":0,"mode":"bus","color":"#0059a9","colorDark":"#00294f","angle":334,"snapDist":0,"label":0}},{"type":"Feature","geometry":{"type":"Point","coordinates":[12.393765,55.762125]},"properties":{"name":"Ravnehusvej (Skovbovænget)","lines":"165","arr":["165"],"terminus":0,"mode":"bus","color":"#0059a9","colorDark":"#00294f","angle":310.5,"snapDist":0,"label":0}},{"type":"Feature","geometry":{"type":"Point","coordinates":[12.392314,55.75956]},"properties":{"name":"Elme Allé (Skovbovænget)","lines":"165","arr":["165"],"terminus":0,"mode":"bus","color":"#0059a9","colorDark":"#00294f","angle":269.8,"snapDist":0,"label":0}},{"type":"Feature","geometry":{"type":"Point","coordinates":[12.391673,55.756394]},"properties":{"name":"Damsagervej (Skovbovænget)","lines":"165","arr":["165"],"terminus":0,"mode":"bus","color":"#0059a9","colorDark":"#00294f","angle":267.9,"snapDist":1,"label":1}},{"type":"Feature","geometry":{"type":"Point","coordinates":[12.392869,55.753845]},"properties":{"name":"Kikudbakken (Syvendehusvej)","lines":"165","arr":["165"],"terminus":0,"mode":"bus","color":"#0059a9","colorDark":"#00294f","angle":253.5,"snapDist":0,"label":0}},{"type":"Feature","geometry":{"type":"Point","coordinates":[12.394289,55.74995]},"properties":{"name":"Egebjergvej (Syvendehusvej)","lines":"165","arr":["165"],"terminus":0,"mode":"bus","color":"#0059a9","colorDark":"#00294f","angle":246.1,"snapDist":1,"label":0}},{"type":"Feature","geometry":{"type":"Point","coordinates":[12.397902,55.749204]},"properties":{"name":"Sortemosevej (Hækmosen)","lines":"165","arr":["165"],"terminus":0,"mode":"bus","color":"#0059a9","colorDark":"#00294f","angle":155.8,"snapDist":1,"label":0}},{"type":"Feature","geometry":{"type":"Point","coordinates":[12.407975,55.746861]},"properties":{"name":"Krebsdammen, Midt (Krebsdammen)","lines":"165","arr":["165"],"terminus":0,"mode":"bus","color":"#0059a9","colorDark":"#00294f","angle":210.4,"snapDist":0,"label":0}},{"type":"Feature","geometry":{"type":"Point","coordinates":[12.413819,55.746433]},"properties":{"name":"Hjortespringbadet (Skinderskovvej)","lines":"165","arr":["165"],"terminus":0,"mode":"bus","color":"#0059a9","colorDark":"#00294f","angle":253.3,"snapDist":1,"label":0}},{"type":"Feature","geometry":{"type":"Point","coordinates":[12.429427,55.740342]},"properties":{"name":"Persillehaven (Hjortespringvej)","lines":"165","arr":["165"],"terminus":0,"mode":"bus","color":"#0059a9","colorDark":"#00294f","angle":244.4,"snapDist":1,"label":0}},{"type":"Feature","geometry":{"type":"Point","coordinates":[12.432116,55.737236]},"properties":{"name":"Køllegårdsvej (Hjortespringvej)","lines":"165","arr":["165"],"terminus":0,"mode":"bus","color":"#0059a9","colorDark":"#00294f","angle":245.2,"snapDist":1,"label":0}},{"type":"Feature","geometry":{"type":"Point","coordinates":[12.434764,55.733454]},"properties":{"name":"Borgerdiget (Hjortespringvej)","lines":"165","arr":["165"],"terminus":0,"mode":"bus","color":"#0059a9","colorDark":"#00294f","angle":253.9,"snapDist":1,"label":0}},{"type":"Feature","geometry":{"type":"Point","coordinates":[12.436302,55.730647]},"properties":{"name":"Smaragdvej (Hjortespringvej)","lines":"165","arr":["165"],"terminus":0,"mode":"bus","color":"#0059a9","colorDark":"#00294f","angle":252.4,"snapDist":2,"label":0}},{"type":"Feature","geometry":{"type":"Point","coordinates":[12.437898,55.727785]},"properties":{"name":"Vindebyvej (Herlevgårdsvej)","lines":"165","arr":["165"],"terminus":0,"mode":"bus","color":"#0059a9","colorDark":"#00294f","angle":254.5,"snapDist":1,"label":0}},{"type":"Feature","geometry":{"type":"Point","coordinates":[12.437978,55.725569]},"properties":{"name":"Herlev Bygade (Herlevgårdsvej)","lines":"165","arr":["165"],"terminus":0,"mode":"bus","color":"#0059a9","colorDark":"#00294f","angle":279.7,"snapDist":1,"label":0}},{"type":"Feature","geometry":{"type":"Point","coordinates":[12.434497,55.724302]},"properties":{"name":"Herlevvænge (Herlev Bygade)","lines":"165","arr":["165"],"terminus":0,"mode":"bus","color":"#0059a9","colorDark":"#00294f","angle":275.2,"snapDist":1,"label":0}},{"type":"Feature","geometry":{"type":"Point","coordinates":[12.439046,55.722975]},"properties":{"name":"Herlev Bymidte (Herlev Hovedgade)","lines":"165, 168, 350S","arr":["165","168","350S"],"terminus":0,"mode":"bus","color":"#0059a9","colorDark":"#00294f","angle":190.1,"snapDist":1,"label":0}},{"type":"Feature","geometry":{"type":"Point","coordinates":[12.448549,55.719927]},"properties":{"name":"Elverhøjen (Stationsalleen)","lines":"165, 168","arr":["165","168"],"terminus":0,"mode":"bus","color":"#0059a9","colorDark":"#00294f","angle":306.4,"snapDist":3,"label":1}},{"type":"Feature","geometry":{"type":"Point","coordinates":[12.438798,55.757275]},"properties":{"name":"Værebroparken (Værebrovej)","lines":"166","arr":["166"],"terminus":1,"mode":"bus","color":"#0059a9","colorDark":"#00294f","angle":349.2,"snapDist":0,"label":1}},{"type":"Feature","geometry":{"type":"Point","coordinates":[12.472582,55.750376]},"properties":{"name":"Gladsaxe Møllevej (Buddinge Hovedgade)","lines":"166","arr":["166"],"terminus":0,"mode":"bus","color":"#0059a9","colorDark":"#00294f","angle":216.3,"snapDist":3,"label":0}},{"type":"Feature","geometry":{"type":"Point","coordinates":[12.476789,55.748699]},"properties":{"name":"Stubmarken (Buddinge Hovedgade)","lines":"166","arr":["166"],"terminus":0,"mode":"bus","color":"#0059a9","colorDark":"#00294f","angle":215.9,"snapDist":1,"label":1}},{"type":"Feature","geometry":{"type":"Point","coordinates":[12.480535,55.747174]},"properties":{"name":"Stengårds Allé (Buddinge Hovedgade)","lines":"166","arr":["166"],"terminus":0,"mode":"bus","color":"#0059a9","colorDark":"#00294f","angle":215.6,"snapDist":0,"label":1}},{"type":"Feature","geometry":{"type":"Point","coordinates":[12.484205,55.745692]},"properties":{"name":"Klausdalsbrovej (Buddinge Hovedgade)","lines":"166","arr":["166"],"terminus":0,"mode":"bus","color":"#0059a9","colorDark":"#00294f","angle":215.8,"snapDist":1,"label":1}},{"type":"Feature","geometry":{"type":"Point","coordinates":[12.491282,55.742938]},"properties":{"name":"Buddinge Torv (Buddinge Hovedgade)","lines":"166","arr":["166"],"terminus":0,"mode":"bus","color":"#0059a9","colorDark":"#00294f","angle":202.1,"snapDist":3,"label":1}},{"type":"Feature","geometry":{"type":"Point","coordinates":[12.502736,55.744112]},"properties":{"name":"Kildebakken (Solnavej)","lines":"166","arr":["166"],"terminus":0,"mode":"bus","color":"#0059a9","colorDark":"#00294f","angle":151.8,"snapDist":0,"label":0}},{"type":"Feature","geometry":{"type":"Point","coordinates":[12.506835,55.744279]},"properties":{"name":"Kildebakke St.","lines":"166","arr":["166"],"terminus":0,"mode":"bus","color":"#0059a9","colorDark":"#00294f","angle":212.3,"snapDist":1,"label":0}},{"type":"Feature","geometry":{"type":"Point","coordinates":[12.506598,55.742403]},"properties":{"name":"Kildebakkegårds Allé (Hagavej)","lines":"166","arr":["166"],"terminus":0,"mode":"bus","color":"#0059a9","colorDark":"#00294f","angle":274.6,"snapDist":0,"label":0}},{"type":"Feature","geometry":{"type":"Point","coordinates":[12.506104,55.740303]},"properties":{"name":"Christianehøj (Hagavej)","lines":"166","arr":["166"],"terminus":0,"mode":"bus","color":"#0059a9","colorDark":"#00294f","angle":278.5,"snapDist":1,"label":0}},{"type":"Feature","geometry":{"type":"Point","coordinates":[12.474235,55.736896]},"properties":{"name":"Gladsaxe Trafikplads, terminalen","lines":"166","arr":["166"],"terminus":0,"mode":"bus","color":"#0059a9","colorDark":"#00294f","angle":342.6,"snapDist":1,"label":0}},{"type":"Feature","geometry":{"type":"Point","coordinates":[12.47614,55.734089]},"properties":{"name":"Sydmarken (Gladsaxe Møllevej)","lines":"166, 200S, 250S","arr":["166","200S","250S"],"terminus":0,"mode":"bus","color":"#0059a9","colorDark":"#00294f","angle":263.9,"snapDist":0,"label":1}},{"type":"Feature","geometry":{"type":"Point","coordinates":[12.476822,55.730714]},"properties":{"name":"Mørkhøj (Mørkhøjvej)","lines":"166, 250S","arr":["166","250S"],"terminus":0,"mode":"bus","color":"#0059a9","colorDark":"#00294f","angle":274,"snapDist":4,"label":1}},{"type":"Feature","geometry":{"type":"Point","coordinates":[12.47419,55.72767]},"properties":{"name":"Juni Allé (Mørkhøjvej)","lines":"166, 200S","arr":["166","200S"],"terminus":0,"mode":"bus","color":"#0059a9","colorDark":"#00294f","angle":314.8,"snapDist":0,"label":1}},{"type":"Feature","geometry":{"type":"Point","coordinates":[12.46858,55.726573]},"properties":{"name":"Ilbjerg Allé (Juni Allé)","lines":"166","arr":["166"],"terminus":0,"mode":"bus","color":"#0059a9","colorDark":"#00294f","angle":354,"snapDist":0,"label":1}},{"type":"Feature","geometry":{"type":"Point","coordinates":[12.464945,55.726357]},"properties":{"name":"Torumvej (Juni Allé)","lines":"166","arr":["166"],"terminus":0,"mode":"bus","color":"#0059a9","colorDark":"#00294f","angle":353.4,"snapDist":0,"label":1}},{"type":"Feature","geometry":{"type":"Point","coordinates":[12.460462,55.725712]},"properties":{"name":"Juni Allé (Rybjerg Allé)","lines":"166","arr":["166"],"terminus":0,"mode":"bus","color":"#0059a9","colorDark":"#00294f","angle":244.3,"snapDist":0,"label":1}},{"type":"Feature","geometry":{"type":"Point","coordinates":[12.461701,55.723779]},"properties":{"name":"Ejsingvej (Rybjerg Allé)","lines":"166","arr":["166"],"terminus":0,"mode":"bus","color":"#0059a9","colorDark":"#00294f","angle":264.5,"snapDist":0,"label":1}},{"type":"Feature","geometry":{"type":"Point","coordinates":[12.462032,55.721721]},"properties":{"name":"Onsbjerg Allé (Rybjerg Allé)","lines":"166","arr":["166"],"terminus":0,"mode":"bus","color":"#0059a9","colorDark":"#00294f","angle":262.2,"snapDist":1,"label":1}},{"type":"Feature","geometry":{"type":"Point","coordinates":[12.463429,55.718987]},"properties":{"name":"Rybjerg Allé (Pilegårdsvej)","lines":"166","arr":["166"],"terminus":0,"mode":"bus","color":"#0059a9","colorDark":"#00294f","angle":165,"snapDist":0,"label":1}},{"type":"Feature","geometry":{"type":"Point","coordinates":[12.467515,55.719665]},"properties":{"name":"Pilegårdsvej (Novembervej)","lines":"166","arr":["166"],"terminus":0,"mode":"bus","color":"#0059a9","colorDark":"#00294f","angle":147,"snapDist":1,"label":1}},{"type":"Feature","geometry":{"type":"Point","coordinates":[12.4709,55.719653]},"properties":{"name":"Novembervej (Mørkhøjvej)","lines":"166","arr":["166"],"terminus":0,"mode":"bus","color":"#0059a9","colorDark":"#00294f","angle":277.1,"snapDist":1,"label":1}},{"type":"Feature","geometry":{"type":"Point","coordinates":[12.470043,55.717503]},"properties":{"name":"Nørre Gymnasium (Mørkhøjvej)","lines":"166, 200S","arr":["166","200S"],"terminus":0,"mode":"bus","color":"#0059a9","colorDark":"#00294f","angle":284,"snapDist":1,"label":1}},{"type":"Feature","geometry":{"type":"Point","coordinates":[12.468576,55.714108]},"properties":{"name":"Frederikssundsvej (Mørkhøjvej)","lines":"166","arr":["166"],"terminus":0,"mode":"bus","color":"#0059a9","colorDark":"#00294f","angle":283.5,"snapDist":0,"label":1}},{"type":"Feature","geometry":{"type":"Point","coordinates":[12.431903,55.703514]},"properties":{"name":"Slotsherrensvej (Islevdalvej)","lines":"166","arr":["166"],"terminus":0,"mode":"bus","color":"#0059a9","colorDark":"#00294f","angle":267.3,"snapDist":1,"label":1}},{"type":"Feature","geometry":{"type":"Point","coordinates":[12.432188,55.700305]},"properties":{"name":"Krondalvej (Islevdalvej)","lines":"166","arr":["166"],"terminus":0,"mode":"bus","color":"#0059a9","colorDark":"#00294f","angle":267.1,"snapDist":1,"label":1}},{"type":"Feature","geometry":{"type":"Point","coordinates":[12.415255,55.697072]},"properties":{"name":"Glostrup Ejby St. (Ejby Industrivej)","lines":"166","arr":["166"],"terminus":1,"mode":"bus","color":"#0059a9","colorDark":"#00294f","angle":38.8,"snapDist":4,"label":1}},{"type":"Feature","geometry":{"type":"Point","coordinates":[12.432189,55.700296]},"properties":{"name":"Krondalvej (Islevdalvej)","lines":"166","arr":["166"],"terminus":0,"mode":"bus","color":"#0059a9","colorDark":"#00294f","angle":87.1,"snapDist":1,"label":0}},{"type":"Feature","geometry":{"type":"Point","coordinates":[12.45253,55.701862]},"properties":{"name":"Slotsherrensvej (Tårnvej)","lines":"166, 200S, 848","arr":["166","200S","848"],"terminus":0,"mode":"bus","color":"#0059a9","colorDark":"#00294f","angle":120.8,"snapDist":1,"label":0}},{"type":"Feature","geometry":{"type":"Point","coordinates":[12.471627,55.712096]},"properties":{"name":"Husum Torv (Frederikssundsvej)","lines":"166, 200S, 350S","arr":["166","200S","350S"],"terminus":0,"mode":"bus","color":"#0059a9","colorDark":"#00294f","angle":26.6,"snapDist":0,"label":0}},{"type":"Feature","geometry":{"type":"Point","coordinates":[12.468464,55.713841]},"properties":{"name":"Frederikssundsvej (Mørkhøjvej)","lines":"166","arr":["166"],"terminus":0,"mode":"bus","color":"#0059a9","colorDark":"#00294f","angle":103.2,"snapDist":1,"label":0}},{"type":"Feature","geometry":{"type":"Point","coordinates":[12.470234,55.717945]},"properties":{"name":"Nørre Gymnasium (Mørkhøjvej)","lines":"166, 200S","arr":["166","200S"],"terminus":0,"mode":"bus","color":"#0059a9","colorDark":"#00294f","angle":103.1,"snapDist":0,"label":0}},{"type":"Feature","geometry":{"type":"Point","coordinates":[12.470458,55.72008]},"properties":{"name":"Mørkhøjvej (Novembervej)","lines":"166","arr":["166"],"terminus":0,"mode":"bus","color":"#0059a9","colorDark":"#00294f","angle":355.1,"snapDist":0,"label":1}},{"type":"Feature","geometry":{"type":"Point","coordinates":[12.467109,55.719509]},"properties":{"name":"Pilegårdsvej (Novembervej)","lines":"166","arr":["166"],"terminus":0,"mode":"bus","color":"#0059a9","colorDark":"#00294f","angle":322.4,"snapDist":0,"label":0}},{"type":"Feature","geometry":{"type":"Point","coordinates":[12.462669,55.719266]},"properties":{"name":"Pilegårdsvej (Rybjerg Allé)","lines":"166","arr":["166"],"terminus":0,"mode":"bus","color":"#0059a9","colorDark":"#00294f","angle":81.8,"snapDist":1,"label":1}},{"type":"Feature","geometry":{"type":"Point","coordinates":[12.46215,55.72125]},"properties":{"name":"Onsbjerg Allé (Rybjerg Allé)","lines":"166","arr":["166"],"terminus":0,"mode":"bus","color":"#0059a9","colorDark":"#00294f","angle":81.5,"snapDist":1,"label":0}},{"type":"Feature","geometry":{"type":"Point","coordinates":[12.461503,55.724322]},"properties":{"name":"Ejsingvej (Rybjerg Allé)","lines":"166","arr":["166"],"terminus":0,"mode":"bus","color":"#0059a9","colorDark":"#00294f","angle":71,"snapDist":1,"label":0}},{"type":"Feature","geometry":{"type":"Point","coordinates":[12.460828,55.726106]},"properties":{"name":"Rybjerg Allé (Juni Allé)","lines":"166","arr":["166"],"terminus":0,"mode":"bus","color":"#0059a9","colorDark":"#00294f","angle":173.9,"snapDist":0,"label":1}},{"type":"Feature","geometry":{"type":"Point","coordinates":[12.465616,55.726398]},"properties":{"name":"Torumvej (Juni Allé)","lines":"166","arr":["166"],"terminus":0,"mode":"bus","color":"#0059a9","colorDark":"#00294f","angle":174,"snapDist":1,"label":0}},{"type":"Feature","geometry":{"type":"Point","coordinates":[12.469622,55.726637]},"properties":{"name":"Ilbjerg Allé (Juni Allé)","lines":"166","arr":["166"],"terminus":0,"mode":"bus","color":"#0059a9","colorDark":"#00294f","angle":173.4,"snapDist":0,"label":0}},{"type":"Feature","geometry":{"type":"Point","coordinates":[12.473904,55.727329]},"properties":{"name":"Juni Allé (Mørkhøjvej)","lines":"166, 200S","arr":["166","200S"],"terminus":0,"mode":"bus","color":"#0059a9","colorDark":"#00294f","angle":133.3,"snapDist":0,"label":0}},{"type":"Feature","geometry":{"type":"Point","coordinates":[12.476933,55.730442]},"properties":{"name":"Mørkhøj (Mørkhøjvej)","lines":"166, 250S","arr":["166","250S"],"terminus":0,"mode":"bus","color":"#0059a9","colorDark":"#00294f","angle":79.9,"snapDist":0,"label":0}},{"type":"Feature","geometry":{"type":"Point","coordinates":[12.476094,55.734324]},"properties":{"name":"Sydmarken (Gladsaxe Møllevej)","lines":"166, 200S, 250S","arr":["166","200S","250S"],"terminus":0,"mode":"bus","color":"#0059a9","colorDark":"#00294f","angle":83.8,"snapDist":0,"label":0}},{"type":"Feature","geometry":{"type":"Point","coordinates":[12.487701,55.736061]},"properties":{"name":"Gladsaxevej (Vandtårnsvej)","lines":"166","arr":["166"],"terminus":0,"mode":"bus","color":"#0059a9","colorDark":"#00294f","angle":182.2,"snapDist":1,"label":0}},{"type":"Feature","geometry":{"type":"Point","coordinates":[12.491664,55.742783]},"properties":{"name":"Buddinge Torv (Buddinge Hovedgade)","lines":"166","arr":["166"],"terminus":0,"mode":"bus","color":"#0059a9","colorDark":"#00294f","angle":18,"snapDist":4,"label":0}},{"type":"Feature","geometry":{"type":"Point","coordinates":[12.483627,55.745926]},"properties":{"name":"Klausdalsbrovej (Buddinge Hovedgade)","lines":"166","arr":["166"],"terminus":0,"mode":"bus","color":"#0059a9","colorDark":"#00294f","angle":35.6,"snapDist":0,"label":0}},{"type":"Feature","geometry":{"type":"Point","coordinates":[12.47964,55.747539]},"properties":{"name":"Stengårds Allé (Buddinge Hovedgade)","lines":"166","arr":["166"],"terminus":0,"mode":"bus","color":"#0059a9","colorDark":"#00294f","angle":36.2,"snapDist":0,"label":0}},{"type":"Feature","geometry":{"type":"Point","coordinates":[12.475211,55.74937]},"properties":{"name":"Stubmarken (Buddinge Hovedgade)","lines":"166","arr":["166"],"terminus":0,"mode":"bus","color":"#0059a9","colorDark":"#00294f","angle":38.2,"snapDist":3,"label":0}},{"type":"Feature","geometry":{"type":"Point","coordinates":[12.385812,55.724154]},"properties":{"name":"Malmparken St. (Malmparken)","lines":"168, 834","arr":["168","834"],"terminus":1,"mode":"bus","color":"#0059a9","colorDark":"#00294f","angle":100.5,"snapDist":2,"label":1}},{"type":"Feature","geometry":{"type":"Point","coordinates":[12.385655,55.721613]},"properties":{"name":"Malmparken (Ballerup Boulevard)","lines":"168","arr":["168"],"terminus":0,"mode":"bus","color":"#0059a9","colorDark":"#00294f","angle":182.4,"snapDist":0,"label":1}},{"type":"Feature","geometry":{"type":"Point","coordinates":[12.413343,55.716562]},"properties":{"name":"Åbyvej (Ballerup Boulevard)","lines":"168","arr":["168"],"terminus":0,"mode":"bus","color":"#0059a9","colorDark":"#00294f","angle":213.6,"snapDist":0,"label":1}},{"type":"Feature","geometry":{"type":"Point","coordinates":[12.418892,55.713905]},"properties":{"name":"Meterbuen (Mileparken)","lines":"168","arr":["168"],"terminus":0,"mode":"bus","color":"#0059a9","colorDark":"#00294f","angle":142.5,"snapDist":0,"label":1}},{"type":"Feature","geometry":{"type":"Point","coordinates":[12.423573,55.715895]},"properties":{"name":"Literbuen (Mileparken)","lines":"168","arr":["168"],"terminus":0,"mode":"bus","color":"#0059a9","colorDark":"#00294f","angle":142.6,"snapDist":1,"label":1}},{"type":"Feature","geometry":{"type":"Point","coordinates":[12.428989,55.717039]},"properties":{"name":"Mileparken (Marielundvej)","lines":"168","arr":["168"],"terminus":0,"mode":"bus","color":"#0059a9","colorDark":"#00294f","angle":85,"snapDist":1,"label":1}},{"type":"Feature","geometry":{"type":"Point","coordinates":[12.42839,55.720938]},"properties":{"name":"Hørkær (Marielundvej)","lines":"168","arr":["168"],"terminus":0,"mode":"bus","color":"#0059a9","colorDark":"#00294f","angle":86,"snapDist":0,"label":1}},{"type":"Feature","geometry":{"type":"Point","coordinates":[12.428213,55.723407]},"properties":{"name":"Vesterlundvej (Marielundvej)","lines":"168","arr":["168"],"terminus":0,"mode":"bus","color":"#0059a9","colorDark":"#00294f","angle":90.5,"snapDist":2,"label":1}},{"type":"Feature","geometry":{"type":"Point","coordinates":[12.42926,55.724939]},"properties":{"name":"Marielundvej (Herlev Hovedgade)","lines":"168, 350S","arr":["168","350S"],"terminus":0,"mode":"bus","color":"#0059a9","colorDark":"#00294f","angle":184.3,"snapDist":1,"label":1}},{"type":"Feature","geometry":{"type":"Point","coordinates":[12.434825,55.723646]},"properties":{"name":"Herlev Bygade (Herlev Hovedgade)","lines":"168","arr":["168"],"terminus":0,"mode":"bus","color":"#0059a9","colorDark":"#00294f","angle":205.2,"snapDist":1,"label":1}},{"type":"Feature","geometry":{"type":"Point","coordinates":[12.443868,55.719268]},"properties":{"name":"Herlev St. (Stationsalleen)","lines":"168","arr":["168"],"terminus":0,"mode":"bus","color":"#0059a9","colorDark":"#00294f","angle":211.8,"snapDist":1,"label":1}},{"type":"Feature","geometry":{"type":"Point","coordinates":[12.433778,55.724067]},"properties":{"name":"Herlev Bygade (Herlev Hovedgade)","lines":"168","arr":["168"],"terminus":0,"mode":"bus","color":"#0059a9","colorDark":"#00294f","angle":29.1,"snapDist":1,"label":0}},{"type":"Feature","geometry":{"type":"Point","coordinates":[12.43089,55.725928]},"properties":{"name":"Digestykket (Vindebyvej)","lines":"168","arr":["168"],"terminus":0,"mode":"bus","color":"#0059a9","colorDark":"#00294f","angle":110.7,"snapDist":1,"label":1}},{"type":"Feature","geometry":{"type":"Point","coordinates":[12.43238,55.728302]},"properties":{"name":"Vindebyvej (Tvedvangen)","lines":"168","arr":["168"],"terminus":0,"mode":"bus","color":"#0059a9","colorDark":"#00294f","angle":35.3,"snapDist":1,"label":1}},{"type":"Feature","geometry":{"type":"Point","coordinates":[12.428371,55.729876]},"properties":{"name":"Skelhøjen (Tvedvangen)","lines":"168","arr":["168"],"terminus":0,"mode":"bus","color":"#0059a9","colorDark":"#00294f","angle":35.3,"snapDist":0,"label":1}},{"type":"Feature","geometry":{"type":"Point","coordinates":[12.424212,55.731541]},"properties":{"name":"Borgerdiget (Tvedvangen)","lines":"168","arr":["168"],"terminus":0,"mode":"bus","color":"#0059a9","colorDark":"#00294f","angle":36.5,"snapDist":1,"label":1}},{"type":"Feature","geometry":{"type":"Point","coordinates":[12.41991,55.734511]},"properties":{"name":"Herlev Stadion (Tvedvangen)","lines":"168","arr":["168"],"terminus":0,"mode":"bus","color":"#0059a9","colorDark":"#00294f","angle":64.1,"snapDist":1,"label":1}},{"type":"Feature","geometry":{"type":"Point","coordinates":[12.416372,55.7387]},"properties":{"name":"Tværskiftet (Tvedvangen)","lines":"168","arr":["168"],"terminus":0,"mode":"bus","color":"#0059a9","colorDark":"#00294f","angle":64.2,"snapDist":1,"label":1}},{"type":"Feature","geometry":{"type":"Point","coordinates":[12.413581,55.741996]},"properties":{"name":"Herlev Privatskole (Tvedvangen)","lines":"168","arr":["168"],"terminus":0,"mode":"bus","color":"#0059a9","colorDark":"#00294f","angle":66.2,"snapDist":0,"label":1}},{"type":"Feature","geometry":{"type":"Point","coordinates":[12.435317,55.742397]},"properties":{"name":"Muskathaven (Peberhaven)","lines":"168","arr":["168"],"terminus":0,"mode":"bus","color":"#0059a9","colorDark":"#00294f","angle":261.1,"snapDist":1,"label":1}},{"type":"Feature","geometry":{"type":"Point","coordinates":[12.433422,55.740983]},"properties":{"name":"Lærkegaardscentret (Persillehaven)","lines":"168","arr":["168"],"terminus":0,"mode":"bus","color":"#0059a9","colorDark":"#00294f","angle":350.6,"snapDist":1,"label":1}},{"type":"Feature","geometry":{"type":"Point","coordinates":[12.413439,55.742172]},"properties":{"name":"Herlev Privatskole (Tvedvangen)","lines":"168","arr":["168"],"terminus":0,"mode":"bus","color":"#0059a9","colorDark":"#00294f","angle":245.3,"snapDist":1,"label":0}},{"type":"Feature","geometry":{"type":"Point","coordinates":[12.416525,55.73852]},"properties":{"name":"Tværskiftet (Tvedvangen)","lines":"168","arr":["168"],"terminus":0,"mode":"bus","color":"#0059a9","colorDark":"#00294f","angle":244.6,"snapDist":1,"label":0}},{"type":"Feature","geometry":{"type":"Point","coordinates":[12.420084,55.734309]},"properties":{"name":"Herlev Stadion (Tvedvangen)","lines":"168","arr":["168"],"terminus":0,"mode":"bus","color":"#0059a9","colorDark":"#00294f","angle":244.1,"snapDist":1,"label":0}},{"type":"Feature","geometry":{"type":"Point","coordinates":[12.425465,55.731031]},"properties":{"name":"Borgerdiget (Tvedvangen)","lines":"168","arr":["168"],"terminus":0,"mode":"bus","color":"#0059a9","colorDark":"#00294f","angle":215.2,"snapDist":1,"label":0}},{"type":"Feature","geometry":{"type":"Point","coordinates":[12.428738,55.72973]},"properties":{"name":"Skelhøjen (Tvedvangen)","lines":"168","arr":["168"],"terminus":0,"mode":"bus","color":"#0059a9","colorDark":"#00294f","angle":215.3,"snapDist":0,"label":0}},{"type":"Feature","geometry":{"type":"Point","coordinates":[12.432181,55.728381]},"properties":{"name":"Vindebyvej (Tvedvangen)","lines":"168","arr":["168"],"terminus":0,"mode":"bus","color":"#0059a9","colorDark":"#00294f","angle":214.7,"snapDist":1,"label":0}},{"type":"Feature","geometry":{"type":"Point","coordinates":[12.430684,55.725549]},"properties":{"name":"Digestykket (Vindebyvej)","lines":"168","arr":["168"],"terminus":0,"mode":"bus","color":"#0059a9","colorDark":"#00294f","angle":277.3,"snapDist":1,"label":0}},{"type":"Feature","geometry":{"type":"Point","coordinates":[12.444191,55.719167]},"properties":{"name":"Herlev St.","lines":"168","arr":["168"],"terminus":0,"mode":"bus","color":"#0059a9","colorDark":"#00294f","angle":209.1,"snapDist":0,"label":0}},{"type":"Feature","geometry":{"type":"Point","coordinates":[12.42821,55.723165]},"properties":{"name":"Vesterlundvej (Marielundvej)","lines":"168","arr":["168"],"terminus":0,"mode":"bus","color":"#0059a9","colorDark":"#00294f","angle":270.5,"snapDist":2,"label":0}},{"type":"Feature","geometry":{"type":"Point","coordinates":[12.428491,55.720217]},"properties":{"name":"Ellekær (Marielundvej)","lines":"168","arr":["168"],"terminus":0,"mode":"bus","color":"#0059a9","colorDark":"#00294f","angle":264.7,"snapDist":1,"label":1}},{"type":"Feature","geometry":{"type":"Point","coordinates":[12.428688,55.716592]},"properties":{"name":"Marielundvej (Mileparken)","lines":"168","arr":["168"],"terminus":0,"mode":"bus","color":"#0059a9","colorDark":"#00294f","angle":3.7,"snapDist":1,"label":1}},{"type":"Feature","geometry":{"type":"Point","coordinates":[12.423788,55.715988]},"properties":{"name":"Literbuen (Mileparken)","lines":"168","arr":["168"],"terminus":0,"mode":"bus","color":"#0059a9","colorDark":"#00294f","angle":322.6,"snapDist":1,"label":0}},{"type":"Feature","geometry":{"type":"Point","coordinates":[12.413454,55.717696]},"properties":{"name":"Lundebjerg","lines":"168, 834","arr":["168","834"],"terminus":0,"mode":"bus","color":"#0059a9","colorDark":"#00294f","angle":108.8,"snapDist":0,"label":1}},{"type":"Feature","geometry":{"type":"Point","coordinates":[12.414329,55.720053]},"properties":{"name":"Lundebjerggårdsvej (Lundebjerg)","lines":"168, 834","arr":["168","834"],"terminus":0,"mode":"bus","color":"#0059a9","colorDark":"#00294f","angle":99.8,"snapDist":1,"label":1}},{"type":"Feature","geometry":{"type":"Point","coordinates":[12.407134,55.722039]},"properties":{"name":"Skovlunde Kirke (Lundebjerggårdsvej)","lines":"168, 834","arr":["168","834"],"terminus":0,"mode":"bus","color":"#0059a9","colorDark":"#00294f","angle":6.4,"snapDist":1,"label":1}},{"type":"Feature","geometry":{"type":"Point","coordinates":[12.402731,55.722163]},"properties":{"name":"Skovlunde St.","lines":"168, 834","arr":["168","834"],"terminus":1,"mode":"bus","color":"#0059a9","colorDark":"#00294f","angle":348.2,"snapDist":55,"label":0}},{"type":"Feature","geometry":{"type":"Point","coordinates":[12.391717,55.721537]},"properties":{"name":"Harrestrupvej (Ballerup Boulevard)","lines":"168","arr":["168"],"terminus":0,"mode":"bus","color":"#0059a9","colorDark":"#00294f","angle":2.1,"snapDist":0,"label":0}},{"type":"Feature","geometry":{"type":"Point","coordinates":[12.567919,55.731164]},"properties":{"name":"Hellerup St.","lines":"171, 172","arr":["171","172"],"terminus":1,"mode":"bus","color":"#0059a9","colorDark":"#00294f","angle":299.4,"snapDist":1,"label":0}},{"type":"Feature","geometry":{"type":"Point","coordinates":[12.571755,55.752335]},"properties":{"name":"Charlottenlund St. (Rådhusvej)","lines":"171, 179","arr":["171","179"],"terminus":0,"mode":"bus","color":"#0059a9","colorDark":"#00294f","angle":301.6,"snapDist":1,"label":1}},{"type":"Feature","geometry":{"type":"Point","coordinates":[12.570467,55.753865]},"properties":{"name":"Trunnevangen (Jægersborg Allé)","lines":"171","arr":["171"],"terminus":0,"mode":"bus","color":"#0059a9","colorDark":"#00294f","angle":31.9,"snapDist":1,"label":1}},{"type":"Feature","geometry":{"type":"Point","coordinates":[12.566676,55.755191]},"properties":{"name":"Christiansvej (Jægersborg Allé)","lines":"171","arr":["171"],"terminus":0,"mode":"bus","color":"#0059a9","colorDark":"#00294f","angle":31.8,"snapDist":0,"label":1}},{"type":"Feature","geometry":{"type":"Point","coordinates":[12.562431,55.756751]},"properties":{"name":"Rosenstandsvej (Jægersborg Allé)","lines":"171","arr":["171"],"terminus":0,"mode":"bus","color":"#0059a9","colorDark":"#00294f","angle":31.8,"snapDist":1,"label":1}},{"type":"Feature","geometry":{"type":"Point","coordinates":[12.558193,55.757875]},"properties":{"name":"Femvejen (Bernstorffsvej)","lines":"171, 172, 185","arr":["171","172","185"],"terminus":0,"mode":"bus","color":"#0059a9","colorDark":"#00294f","angle":210.3,"snapDist":1,"label":1}},{"type":"Feature","geometry":{"type":"Point","coordinates":[12.554698,55.762544]},"properties":{"name":"Hovmarksvej (Fortunvej)","lines":"171","arr":["171"],"terminus":0,"mode":"bus","color":"#0059a9","colorDark":"#00294f","angle":60.7,"snapDist":0,"label":1}},{"type":"Feature","geometry":{"type":"Point","coordinates":[12.552157,55.764016]},"properties":{"name":"Bernstorfflund Allé (Solbakkevej)","lines":"171","arr":["171"],"terminus":0,"mode":"bus","color":"#0059a9","colorDark":"#00294f","angle":4.7,"snapDist":1,"label":1}},{"type":"Feature","geometry":{"type":"Point","coordinates":[12.549613,55.764076]},"properties":{"name":"Dalvej (Solbakkevej)","lines":"171","arr":["171"],"terminus":0,"mode":"bus","color":"#0059a9","colorDark":"#00294f","angle":342,"snapDist":0,"label":1}},{"type":"Feature","geometry":{"type":"Point","coordinates":[12.546461,55.763969]},"properties":{"name":"Solbakkevej (Skovvej)","lines":"171","arr":["171"],"terminus":0,"mode":"bus","color":"#0059a9","colorDark":"#00294f","angle":311.1,"snapDist":0,"label":1}},{"type":"Feature","geometry":{"type":"Point","coordinates":[12.545829,55.762073]},"properties":{"name":"Skovvej 11 (Skovvej)","lines":"171","arr":["171"],"terminus":0,"mode":"bus","color":"#0059a9","colorDark":"#00294f","angle":278,"snapDist":0,"label":1}},{"type":"Feature","geometry":{"type":"Point","coordinates":[12.543031,55.761246]},"properties":{"name":"Søndersøvej (Jægersborg Allé)","lines":"171","arr":["171"],"terminus":0,"mode":"bus","color":"#0059a9","colorDark":"#00294f","angle":31.1,"snapDist":1,"label":1}},{"type":"Feature","geometry":{"type":"Point","coordinates":[12.53691,55.761888]},"properties":{"name":"Jægersborg Kaserne (Ermelundsvej)","lines":"171","arr":["171"],"terminus":0,"mode":"bus","color":"#0059a9","colorDark":"#00294f","angle":5.8,"snapDist":1,"label":1}},{"type":"Feature","geometry":{"type":"Point","coordinates":[12.536335,55.758138]},"properties":{"name":"Prins Valdemars Vej (Ermelundsvej)","lines":"171, 179","arr":["171","179"],"terminus":0,"mode":"bus","color":"#0059a9","colorDark":"#00294f","angle":276,"snapDist":1,"label":1}},{"type":"Feature","geometry":{"type":"Point","coordinates":[12.534483,55.754964]},"properties":{"name":"Brogårdsvej (Ermelundsvej)","lines":"171, 179","arr":["171","179"],"terminus":0,"mode":"bus","color":"#0059a9","colorDark":"#00294f","angle":281.1,"snapDist":0,"label":1}},{"type":"Feature","geometry":{"type":"Point","coordinates":[12.535002,55.75404]},"properties":{"name":"Ermelundsvej (Brogårdsvej)","lines":"171, 176, 179","arr":["171","176","179"],"terminus":0,"mode":"bus","color":"#0059a9","colorDark":"#00294f","angle":192.5,"snapDist":0,"label":1}},{"type":"Feature","geometry":{"type":"Point","coordinates":[12.541796,55.752917]},"properties":{"name":"Gentofte St.","lines":"171, 176, 179","arr":["171","176","179"],"terminus":0,"mode":"bus","color":"#0059a9","colorDark":"#00294f","angle":215.6,"snapDist":1,"label":1}},{"type":"Feature","geometry":{"type":"Point","coordinates":[12.542228,55.751275]},"properties":{"name":"Jahnsensvej (Gentoftegade)","lines":"171, 176, 179","arr":["171","176","179"],"terminus":0,"mode":"bus","color":"#0059a9","colorDark":"#00294f","angle":295.4,"snapDist":1,"label":1}},{"type":"Feature","geometry":{"type":"Point","coordinates":[12.541244,55.749779]},"properties":{"name":"Kirketorvet (Gentoftegade)","lines":"171, 176, 179","arr":["171","176","179"],"terminus":0,"mode":"bus","color":"#0059a9","colorDark":"#00294f","angle":275.8,"snapDist":0,"label":1}},{"type":"Feature","geometry":{"type":"Point","coordinates":[12.540975,55.748186]},"properties":{"name":"Adolphsvej (Gentoftegade)","lines":"171, 176, 179","arr":["171","176","179"],"terminus":0,"mode":"bus","color":"#0059a9","colorDark":"#00294f","angle":270,"snapDist":0,"label":1}},{"type":"Feature","geometry":{"type":"Point","coordinates":[12.541016,55.746351]},"properties":{"name":"Gentofte Torv (Gentoftegade)","lines":"171","arr":["171"],"terminus":0,"mode":"bus","color":"#0059a9","colorDark":"#00294f","angle":273.3,"snapDist":1,"label":1}},{"type":"Feature","geometry":{"type":"Point","coordinates":[12.540928,55.743881]},"properties":{"name":"Skovrankevej (Gentoftegade)","lines":"171","arr":["171"],"terminus":0,"mode":"bus","color":"#0059a9","colorDark":"#00294f","angle":270.9,"snapDist":0,"label":1}},{"type":"Feature","geometry":{"type":"Point","coordinates":[12.540871,55.741967]},"properties":{"name":"Anemonevej (Gentoftegade)","lines":"171","arr":["171"],"terminus":0,"mode":"bus","color":"#0059a9","colorDark":"#00294f","angle":271.1,"snapDist":1,"label":1}},{"type":"Feature","geometry":{"type":"Point","coordinates":[12.54027,55.739917]},"properties":{"name":"Ærenprisvej (Gentoftegade)","lines":"171","arr":["171"],"terminus":0,"mode":"bus","color":"#0059a9","colorDark":"#00294f","angle":286.5,"snapDist":0,"label":1}},{"type":"Feature","geometry":{"type":"Point","coordinates":[12.555781,55.734711]},"properties":{"name":"Kildegårdsvej (Bernstorffsvej)","lines":"171","arr":["171"],"terminus":0,"mode":"bus","color":"#0059a9","colorDark":"#00294f","angle":266.7,"snapDist":1,"label":1}},{"type":"Feature","geometry":{"type":"Point","coordinates":[12.555486,55.731761]},"properties":{"name":"Hellerup Kirkegård (Bernstorffsvej)","lines":"171","arr":["171"],"terminus":0,"mode":"bus","color":"#0059a9","colorDark":"#00294f","angle":273.3,"snapDist":0,"label":1}},{"type":"Feature","geometry":{"type":"Point","coordinates":[12.555461,55.73152]},"properties":{"name":"Hellerup Kirkegård (Bernstorffsvej)","lines":"172","arr":["172"],"terminus":0,"mode":"bus","color":"#0059a9","colorDark":"#00294f","angle":93.4,"snapDist":1,"label":0}},{"type":"Feature","geometry":{"type":"Point","coordinates":[12.540859,55.741473]},"properties":{"name":"Anemonevej (Gentoftegade)","lines":"172","arr":["172"],"terminus":0,"mode":"bus","color":"#0059a9","colorDark":"#00294f","angle":90.2,"snapDist":0,"label":0}},{"type":"Feature","geometry":{"type":"Point","coordinates":[12.540932,55.744016]},"properties":{"name":"Skovrankevej (Gentoftegade)","lines":"172","arr":["172"],"terminus":0,"mode":"bus","color":"#0059a9","colorDark":"#00294f","angle":90.9,"snapDist":1,"label":0}},{"type":"Feature","geometry":{"type":"Point","coordinates":[12.541036,55.746547]},"properties":{"name":"Gentofte Torv (Gentoftegade)","lines":"172","arr":["172"],"terminus":0,"mode":"bus","color":"#0059a9","colorDark":"#00294f","angle":93.3,"snapDist":1,"label":0}},{"type":"Feature","geometry":{"type":"Point","coordinates":[12.540977,55.748321]},"properties":{"name":"Adolphsvej (Gentoftegade)","lines":"172, 176, 179","arr":["172","176","179"],"terminus":0,"mode":"bus","color":"#0059a9","colorDark":"#00294f","angle":92.3,"snapDist":0,"label":0}},{"type":"Feature","geometry":{"type":"Point","coordinates":[12.541262,55.749851]},"properties":{"name":"Kirketorvet (Gentoftegade)","lines":"172, 176, 179","arr":["172","176","179"],"terminus":0,"mode":"bus","color":"#0059a9","colorDark":"#00294f","angle":98.7,"snapDist":0,"label":0}},{"type":"Feature","geometry":{"type":"Point","coordinates":[12.542096,55.751119]},"properties":{"name":"Jahnsensvej (Gentoftegade)","lines":"172, 176, 179","arr":["172","176","179"],"terminus":0,"mode":"bus","color":"#0059a9","colorDark":"#00294f","angle":115.4,"snapDist":0,"label":0}},{"type":"Feature","geometry":{"type":"Point","coordinates":[12.541354,55.753095]},"properties":{"name":"Gentofte St.","lines":"172, 176, 179","arr":["172","176","179"],"terminus":0,"mode":"bus","color":"#0059a9","colorDark":"#00294f","angle":35.6,"snapDist":1,"label":0}},{"type":"Feature","geometry":{"type":"Point","coordinates":[12.534334,55.754535]},"properties":{"name":"Brogårdsvej (Ermelundsvej)","lines":"172, 179","arr":["172","179"],"terminus":0,"mode":"bus","color":"#0059a9","colorDark":"#00294f","angle":101.1,"snapDist":1,"label":0}},{"type":"Feature","geometry":{"type":"Point","coordinates":[12.536237,55.757853]},"properties":{"name":"Prins Valdemars Vej (Ermelundsvej)","lines":"172, 179","arr":["172","179"],"terminus":0,"mode":"bus","color":"#0059a9","colorDark":"#00294f","angle":102.2,"snapDist":1,"label":0}},{"type":"Feature","geometry":{"type":"Point","coordinates":[12.537767,55.76184]},"properties":{"name":"Jægersborg Kaserne (Ermelundsvej)","lines":"172","arr":["172"],"terminus":0,"mode":"bus","color":"#0059a9","colorDark":"#00294f","angle":185.6,"snapDist":0,"label":0}},{"type":"Feature","geometry":{"type":"Point","coordinates":[12.542983,55.761262]},"properties":{"name":"Søndersøvej (Jægersborg Allé)","lines":"172","arr":["172"],"terminus":0,"mode":"bus","color":"#0059a9","colorDark":"#00294f","angle":211.1,"snapDist":1,"label":0}},{"type":"Feature","geometry":{"type":"Point","coordinates":[12.545834,55.76209]},"properties":{"name":"Skovvej 11 (Skovvej)","lines":"172","arr":["172"],"terminus":0,"mode":"bus","color":"#0059a9","colorDark":"#00294f","angle":98,"snapDist":0,"label":0}},{"type":"Feature","geometry":{"type":"Point","coordinates":[12.546438,55.763954]},"properties":{"name":"Solbakkevej (Skovvej)","lines":"172","arr":["172"],"terminus":0,"mode":"bus","color":"#0059a9","colorDark":"#00294f","angle":131.1,"snapDist":0,"label":0}},{"type":"Feature","geometry":{"type":"Point","coordinates":[12.548775,55.764]},"properties":{"name":"Dalvej (Solbakkevej)","lines":"172","arr":["172"],"terminus":0,"mode":"bus","color":"#0059a9","colorDark":"#00294f","angle":192.4,"snapDist":0,"label":0}},{"type":"Feature","geometry":{"type":"Point","coordinates":[12.55203,55.764021]},"properties":{"name":"Bernstorfflund Allé (Solbakkevej)","lines":"172","arr":["172"],"terminus":0,"mode":"bus","color":"#0059a9","colorDark":"#00294f","angle":184.7,"snapDist":0,"label":0}},{"type":"Feature","geometry":{"type":"Point","coordinates":[12.555104,55.76214]},"properties":{"name":"Hovmarksvej (Fortunvej)","lines":"172","arr":["172"],"terminus":0,"mode":"bus","color":"#0059a9","colorDark":"#00294f","angle":241.1,"snapDist":0,"label":0}},{"type":"Feature","geometry":{"type":"Point","coordinates":[12.563438,55.756317]},"properties":{"name":"Rosenstandsvej (Jægersborg Allé)","lines":"172","arr":["172"],"terminus":0,"mode":"bus","color":"#0059a9","colorDark":"#00294f","angle":211.8,"snapDist":1,"label":0}},{"type":"Feature","geometry":{"type":"Point","coordinates":[12.566924,55.755104]},"properties":{"name":"Christiansvej (Jægersborg Allé)","lines":"172","arr":["172"],"terminus":0,"mode":"bus","color":"#0059a9","colorDark":"#00294f","angle":211.8,"snapDist":0,"label":0}},{"type":"Feature","geometry":{"type":"Point","coordinates":[12.569881,55.754071]},"properties":{"name":"Trunnevangen (Jægersborg Allé)","lines":"172","arr":["172"],"terminus":0,"mode":"bus","color":"#0059a9","colorDark":"#00294f","angle":211.4,"snapDist":1,"label":0}},{"type":"Feature","geometry":{"type":"Point","coordinates":[12.571762,55.752342]},"properties":{"name":"Charlottenlund St. (Rådhusvej)","lines":"172","arr":["172"],"terminus":0,"mode":"bus","color":"#0059a9","colorDark":"#00294f","angle":301.6,"snapDist":1,"label":0}},{"type":"Feature","geometry":{"type":"Point","coordinates":[12.529609,55.722822]},"properties":{"name":"Emdrup Torv (Emdrupvej)","lines":"176","arr":["176"],"terminus":1,"mode":"bus","color":"#0059a9","colorDark":"#00294f","angle":77.5,"snapDist":3,"label":0}},{"type":"Feature","geometry":{"type":"Point","coordinates":[12.52503,55.728335]},"properties":{"name":"Søborg Hovedgade (Vangedevej)","lines":"176","arr":["176"],"terminus":0,"mode":"bus","color":"#0059a9","colorDark":"#00294f","angle":83.8,"snapDist":1,"label":1}},{"type":"Feature","geometry":{"type":"Point","coordinates":[12.524687,55.730618]},"properties":{"name":"Plantevej (Vangedevej)","lines":"176","arr":["176"],"terminus":0,"mode":"bus","color":"#0059a9","colorDark":"#00294f","angle":86.2,"snapDist":1,"label":1}},{"type":"Feature","geometry":{"type":"Point","coordinates":[12.524519,55.732125]},"properties":{"name":"Dyssegårdsvej (Vangedevej)","lines":"176","arr":["176"],"terminus":0,"mode":"bus","color":"#0059a9","colorDark":"#00294f","angle":86.4,"snapDist":1,"label":1}},{"type":"Feature","geometry":{"type":"Point","coordinates":[12.524306,55.734055]},"properties":{"name":"Aftenbakken (Vangedevej)","lines":"176","arr":["176"],"terminus":0,"mode":"bus","color":"#0059a9","colorDark":"#00294f","angle":86.2,"snapDist":0,"label":1}},{"type":"Feature","geometry":{"type":"Point","coordinates":[12.524016,55.73677]},"properties":{"name":"Brødrevej (Vangedevej)","lines":"176","arr":["176"],"terminus":0,"mode":"bus","color":"#0059a9","colorDark":"#00294f","angle":87,"snapDist":1,"label":1}},{"type":"Feature","geometry":{"type":"Point","coordinates":[12.523103,55.739429]},"properties":{"name":"Vangede St.","lines":"176","arr":["176"],"terminus":0,"mode":"bus","color":"#0059a9","colorDark":"#00294f","angle":112.4,"snapDist":4,"label":1}},{"type":"Feature","geometry":{"type":"Point","coordinates":[12.523273,55.743364]},"properties":{"name":"Fuglegårdsvej (Vangedevej)","lines":"176, 192","arr":["176","192"],"terminus":0,"mode":"bus","color":"#0059a9","colorDark":"#00294f","angle":86.3,"snapDist":1,"label":1}},{"type":"Feature","geometry":{"type":"Point","coordinates":[12.522799,55.746409]},"properties":{"name":"Skolebakken (Vangedevej)","lines":"176, 192","arr":["176","192"],"terminus":0,"mode":"bus","color":"#0059a9","colorDark":"#00294f","angle":-105,"snapDist":7,"label":1}},{"type":"Feature","geometry":{"type":"Point","coordinates":[12.518883,55.749614]},"properties":{"name":"Vangede Bygade (Ved Bommen)","lines":"176","arr":["176"],"terminus":0,"mode":"bus","color":"#0059a9","colorDark":"#00294f","angle":351.4,"snapDist":0,"label":1}},{"type":"Feature","geometry":{"type":"Point","coordinates":[12.512649,55.749613]},"properties":{"name":"Herredsvej (Snogegårdsvej)","lines":"176","arr":["176"],"terminus":0,"mode":"bus","color":"#0059a9","colorDark":"#00294f","angle":359.4,"snapDist":1,"label":1}},{"type":"Feature","geometry":{"type":"Point","coordinates":[12.509805,55.749928]},"properties":{"name":"Snogegårdsvej (Sognevej)","lines":"176","arr":["176"],"terminus":0,"mode":"bus","color":"#0059a9","colorDark":"#00294f","angle":112.5,"snapDist":0,"label":1}},{"type":"Feature","geometry":{"type":"Point","coordinates":[12.51097,55.751522]},"properties":{"name":"Bank-Mikkelsens Vej (Sognevej)","lines":"176","arr":["176"],"terminus":0,"mode":"bus","color":"#0059a9","colorDark":"#00294f","angle":112.3,"snapDist":0,"label":1}},{"type":"Feature","geometry":{"type":"Point","coordinates":[12.512784,55.754014]},"properties":{"name":"Mesterlodden (Sognevej)","lines":"176","arr":["176"],"terminus":0,"mode":"bus","color":"#0059a9","colorDark":"#00294f","angle":111.9,"snapDist":0,"label":1}},{"type":"Feature","geometry":{"type":"Point","coordinates":[12.51445,55.755065]},"properties":{"name":"Egebjerg Plejehjem (Nybrovej)","lines":"176, 192","arr":["176","192"],"terminus":0,"mode":"bus","color":"#0059a9","colorDark":"#00294f","angle":195,"snapDist":5,"label":1}},{"type":"Feature","geometry":{"type":"Point","coordinates":[12.519366,55.752975]},"properties":{"name":"Brogårdsvej (Nybrovej)","lines":"176, 192","arr":["176","192"],"terminus":0,"mode":"bus","color":"#0059a9","colorDark":"#00294f","angle":250.2,"snapDist":4,"label":1}},{"type":"Feature","geometry":{"type":"Point","coordinates":[12.52201,55.752673]},"properties":{"name":"Lyngbyvej (Brogårdsvej)","lines":"176","arr":["176"],"terminus":0,"mode":"bus","color":"#0059a9","colorDark":"#00294f","angle":151.4,"snapDist":0,"label":1}},{"type":"Feature","geometry":{"type":"Point","coordinates":[12.529999,55.754611]},"properties":{"name":"Tjørnegårdsskolen (Brogårdsvej)","lines":"176","arr":["176"],"terminus":0,"mode":"bus","color":"#0059a9","colorDark":"#00294f","angle":179.7,"snapDist":2,"label":1}},{"type":"Feature","geometry":{"type":"Point","coordinates":[12.544643,55.74766]},"properties":{"name":"Wilhelm Smidts Vej (Adolphsvej)","lines":"176, 179","arr":["176","179"],"terminus":0,"mode":"bus","color":"#0059a9","colorDark":"#00294f","angle":172.5,"snapDist":0,"label":1}},{"type":"Feature","geometry":{"type":"Point","coordinates":[12.55194,55.747767]},"properties":{"name":"Kildeskovshallen (Adolphsvej)","lines":"176, 179","arr":["176","179"],"terminus":0,"mode":"bus","color":"#0059a9","colorDark":"#00294f","angle":187.7,"snapDist":1,"label":1}},{"type":"Feature","geometry":{"type":"Point","coordinates":[12.556513,55.747343]},"properties":{"name":"Bernstorffsvej (Adolphsvej)","lines":"176, 179","arr":["176","179"],"terminus":0,"mode":"bus","color":"#0059a9","colorDark":"#00294f","angle":192.3,"snapDist":2,"label":1}},{"type":"Feature","geometry":{"type":"Point","coordinates":[12.55706,55.745697]},"properties":{"name":"Høeghs Allé (Bernstorffsvej)","lines":"176, 185","arr":["176","185"],"terminus":0,"mode":"bus","color":"#0059a9","colorDark":"#00294f","angle":273.8,"snapDist":5,"label":1}},{"type":"Feature","geometry":{"type":"Point","coordinates":[12.558115,55.743395]},"properties":{"name":"Bernstorffsvej St. (Tranegårdsvej)","lines":"176","arr":["176"],"terminus":0,"mode":"bus","color":"#0059a9","colorDark":"#00294f","angle":247.5,"snapDist":0,"label":1}},{"type":"Feature","geometry":{"type":"Point","coordinates":[12.561932,55.741623]},"properties":{"name":"Charlottenlundvej (Tranegårdsvej)","lines":"176","arr":["176"],"terminus":0,"mode":"bus","color":"#0059a9","colorDark":"#00294f","angle":217.7,"snapDist":2,"label":1}},{"type":"Feature","geometry":{"type":"Point","coordinates":[12.566607,55.736771]},"properties":{"name":"Hellerup Fritidscenter (Gersonsvej)","lines":"176, 192","arr":["176","192"],"terminus":0,"mode":"bus","color":"#0059a9","colorDark":"#00294f","angle":254.9,"snapDist":0,"label":1}},{"type":"Feature","geometry":{"type":"Point","coordinates":[12.566524,55.736944]},"properties":{"name":"Hellerup Fritidscenter (Gersonsvej)","lines":"176, 192","arr":["176","192"],"terminus":0,"mode":"bus","color":"#0059a9","colorDark":"#00294f","angle":74.9,"snapDist":0,"label":0}},{"type":"Feature","geometry":{"type":"Point","coordinates":[12.562093,55.741553]},"properties":{"name":"Charlottenlundvej (Tranegårdsvej)","lines":"176","arr":["176"],"terminus":0,"mode":"bus","color":"#0059a9","colorDark":"#00294f","angle":37.7,"snapDist":1,"label":0}},{"type":"Feature","geometry":{"type":"Point","coordinates":[12.557925,55.743848]},"properties":{"name":"Bernstorffsvej St. (Tranegårdsvej)","lines":"176","arr":["176"],"terminus":0,"mode":"bus","color":"#0059a9","colorDark":"#00294f","angle":81.7,"snapDist":0,"label":0}},{"type":"Feature","geometry":{"type":"Point","coordinates":[12.557038,55.745854]},"properties":{"name":"Høeghs Allé (Bernstorffsvej)","lines":"176, 185","arr":["176","185"],"terminus":0,"mode":"bus","color":"#0059a9","colorDark":"#00294f","angle":82.8,"snapDist":2,"label":0}},{"type":"Feature","geometry":{"type":"Point","coordinates":[12.555912,55.747416]},"properties":{"name":"Bernstorffsvej (Adolphsvej)","lines":"176, 179","arr":["176","179"],"terminus":0,"mode":"bus","color":"#0059a9","colorDark":"#00294f","angle":12.2,"snapDist":1,"label":0}},{"type":"Feature","geometry":{"type":"Point","coordinates":[12.551037,55.747837]},"properties":{"name":"Kildeskovshallen (Adolphsvej)","lines":"176, 179","arr":["176","179"],"terminus":0,"mode":"bus","color":"#0059a9","colorDark":"#00294f","angle":7.9,"snapDist":0,"label":0}},{"type":"Feature","geometry":{"type":"Point","coordinates":[12.54654,55.748007]},"properties":{"name":"Wilhelm Smidts Vej (Adolphsvej)","lines":"176, 179","arr":["176","179"],"terminus":0,"mode":"bus","color":"#0059a9","colorDark":"#00294f","angle":1.5,"snapDist":1,"label":0}},{"type":"Feature","geometry":{"type":"Point","coordinates":[12.533729,55.754204]},"properties":{"name":"Ermelundsvej (Brogårdsvej)","lines":"176","arr":["176"],"terminus":0,"mode":"bus","color":"#0059a9","colorDark":"#00294f","angle":11.5,"snapDist":1,"label":0}},{"type":"Feature","geometry":{"type":"Point","coordinates":[12.529734,55.75466]},"properties":{"name":"Tjørnegårdsskolen (Brogårdsvej)","lines":"176","arr":["176"],"terminus":0,"mode":"bus","color":"#0059a9","colorDark":"#00294f","angle":14.9,"snapDist":0,"label":0}},{"type":"Feature","geometry":{"type":"Point","coordinates":[12.521876,55.752721]},"properties":{"name":"Lyngbyvej (Brogårdsvej)","lines":"176","arr":["176"],"terminus":0,"mode":"bus","color":"#0059a9","colorDark":"#00294f","angle":329.2,"snapDist":2,"label":0}},{"type":"Feature","geometry":{"type":"Point","coordinates":[12.51957,55.752464]},"properties":{"name":"Brogårdsvej (Nybrovej)","lines":"176, 192","arr":["176","192"],"terminus":0,"mode":"bus","color":"#0059a9","colorDark":"#00294f","angle":89.1,"snapDist":4,"label":0}},{"type":"Feature","geometry":{"type":"Point","coordinates":[12.515789,55.754858]},"properties":{"name":"Egebjerg Plejehjem (Nybrovej)","lines":"176, 192","arr":["176","192"],"terminus":0,"mode":"bus","color":"#0059a9","colorDark":"#00294f","angle":15.9,"snapDist":6,"label":0}},{"type":"Feature","geometry":{"type":"Point","coordinates":[12.512696,55.753891]},"properties":{"name":"Mesterlodden (Sognevej)","lines":"176","arr":["176"],"terminus":0,"mode":"bus","color":"#0059a9","colorDark":"#00294f","angle":291.9,"snapDist":0,"label":0}},{"type":"Feature","geometry":{"type":"Point","coordinates":[12.510831,55.751326]},"properties":{"name":"Bank-Mikkelsens Vej (Sognevej)","lines":"176","arr":["176"],"terminus":0,"mode":"bus","color":"#0059a9","colorDark":"#00294f","angle":291.7,"snapDist":0,"label":0}},{"type":"Feature","geometry":{"type":"Point","coordinates":[12.510432,55.749601]},"properties":{"name":"Sognevej (Snogegårdsvej)","lines":"176","arr":["176"],"terminus":0,"mode":"bus","color":"#0059a9","colorDark":"#00294f","angle":179.4,"snapDist":1,"label":1}},{"type":"Feature","geometry":{"type":"Point","coordinates":[12.514388,55.749622]},"properties":{"name":"Herredsvej (Snogegårdsvej)","lines":"176","arr":["176"],"terminus":0,"mode":"bus","color":"#0059a9","colorDark":"#00294f","angle":179.5,"snapDist":1,"label":0}},{"type":"Feature","geometry":{"type":"Point","coordinates":[12.518917,55.749617]},"properties":{"name":"Vangede Bygade (Ved Bommen)","lines":"176","arr":["176"],"terminus":0,"mode":"bus","color":"#0059a9","colorDark":"#00294f","angle":171.4,"snapDist":0,"label":0}},{"type":"Feature","geometry":{"type":"Point","coordinates":[12.523002,55.745734]},"properties":{"name":"Skolebakken (Vangedevej)","lines":"176, 192","arr":["176","192"],"terminus":0,"mode":"bus","color":"#0059a9","colorDark":"#00294f","angle":263.1,"snapDist":4,"label":0}},{"type":"Feature","geometry":{"type":"Point","coordinates":[12.523275,55.743346]},"properties":{"name":"Fuglegårdsvej (Vangedevej)","lines":"176, 192","arr":["176","192"],"terminus":0,"mode":"bus","color":"#0059a9","colorDark":"#00294f","angle":266.3,"snapDist":0,"label":0}},{"type":"Feature","geometry":{"type":"Point","coordinates":[12.523298,55.739751]},"properties":{"name":"Vangede St.","lines":"176","arr":["176"],"terminus":0,"mode":"bus","color":"#0059a9","colorDark":"#00294f","angle":295,"snapDist":4,"label":0}},{"type":"Feature","geometry":{"type":"Point","coordinates":[12.524032,55.736598]},"properties":{"name":"Brødrevej (Vangedevej)","lines":"176","arr":["176"],"terminus":0,"mode":"bus","color":"#0059a9","colorDark":"#00294f","angle":267,"snapDist":1,"label":0}},{"type":"Feature","geometry":{"type":"Point","coordinates":[12.524275,55.734316]},"properties":{"name":"Aftenbakken (Vangedevej)","lines":"176","arr":["176"],"terminus":0,"mode":"bus","color":"#0059a9","colorDark":"#00294f","angle":266.2,"snapDist":0,"label":0}},{"type":"Feature","geometry":{"type":"Point","coordinates":[12.524489,55.732395]},"properties":{"name":"Dyssegårdsvej (Vangedevej)","lines":"176","arr":["176"],"terminus":0,"mode":"bus","color":"#0059a9","colorDark":"#00294f","angle":266.4,"snapDist":0,"label":0}},{"type":"Feature","geometry":{"type":"Point","coordinates":[12.524702,55.730492]},"properties":{"name":"Plantevej (Vangedevej)","lines":"176","arr":["176"],"terminus":0,"mode":"bus","color":"#0059a9","colorDark":"#00294f","angle":266.2,"snapDist":0,"label":0}},{"type":"Feature","geometry":{"type":"Point","coordinates":[12.506911,55.767902]},"properties":{"name":"Gyldendalsvej (Lyngby Hovedgade)","lines":"179, 184","arr":["179","184"],"terminus":0,"mode":"bus","color":"#0059a9","colorDark":"#00294f","angle":238.3,"snapDist":0,"label":1}},{"type":"Feature","geometry":{"type":"Point","coordinates":[12.509972,55.766573]},"properties":{"name":"Håbets Allé (Jægersborgvej)","lines":"179","arr":["179"],"terminus":0,"mode":"bus","color":"#0059a9","colorDark":"#00294f","angle":199.8,"snapDist":2,"label":1}},{"type":"Feature","geometry":{"type":"Point","coordinates":[12.515959,55.76552]},"properties":{"name":"Tjørnebakken (Jægersborgvej)","lines":"179","arr":["179"],"terminus":0,"mode":"bus","color":"#0059a9","colorDark":"#00294f","angle":197,"snapDist":1,"label":1}},{"type":"Feature","geometry":{"type":"Point","coordinates":[12.52421,55.763338]},"properties":{"name":"Jægersborg St., Ibstrupv. (Jægersborgvej)","lines":"179","arr":["179"],"terminus":0,"mode":"bus","color":"#0059a9","colorDark":"#00294f","angle":227.7,"snapDist":1,"label":1}},{"type":"Feature","geometry":{"type":"Point","coordinates":[12.52624,55.76258]},"properties":{"name":"Jægersborg St. (Jægersborg Allé)","lines":"179","arr":["179"],"terminus":0,"mode":"bus","color":"#0059a9","colorDark":"#00294f","angle":181.5,"snapDist":2,"label":1}},{"type":"Feature","geometry":{"type":"Point","coordinates":[12.530476,55.762518]},"properties":{"name":"Ridebanevang (Jægersborg Allé)","lines":"179","arr":["179"],"terminus":0,"mode":"bus","color":"#0059a9","colorDark":"#00294f","angle":181.5,"snapDist":2,"label":1}},{"type":"Feature","geometry":{"type":"Point","coordinates":[12.536337,55.762286]},"properties":{"name":"Jægersborg Kaserne (Ermelundsvej)","lines":"179","arr":["179"],"terminus":0,"mode":"bus","color":"#0059a9","colorDark":"#00294f","angle":268.2,"snapDist":2,"label":0}},{"type":"Feature","geometry":{"type":"Point","coordinates":[12.55757,55.749887]},"properties":{"name":"Gentofte Rådhus (Bernstorffsvej)","lines":"179, 185","arr":["179","185"],"terminus":0,"mode":"bus","color":"#0059a9","colorDark":"#00294f","angle":98.6,"snapDist":5,"label":1}},{"type":"Feature","geometry":{"type":"Point","coordinates":[12.563382,55.749639]},"properties":{"name":"Carl Baggers Allé (L.E. Bruuns Vej)","lines":"179","arr":["179"],"terminus":0,"mode":"bus","color":"#0059a9","colorDark":"#00294f","angle":187.9,"snapDist":1,"label":1}},{"type":"Feature","geometry":{"type":"Point","coordinates":[12.567179,55.749325]},"properties":{"name":"Rådhusvej (L.E. Bruuns Vej)","lines":"179","arr":["179"],"terminus":0,"mode":"bus","color":"#0059a9","colorDark":"#00294f","angle":188.4,"snapDist":1,"label":1}},{"type":"Feature","geometry":{"type":"Point","coordinates":[12.574413,55.754865]},"properties":{"name":"Lille Fredensvej (Fredensvej)","lines":"179","arr":["179"],"terminus":0,"mode":"bus","color":"#0059a9","colorDark":"#00294f","angle":179,"snapDist":0,"label":1}},{"type":"Feature","geometry":{"type":"Point","coordinates":[12.575734,55.756907]},"properties":{"name":"Fredens Plads (Fredensvej)","lines":"179","arr":["179"],"terminus":0,"mode":"bus","color":"#0059a9","colorDark":"#00294f","angle":96.6,"snapDist":1,"label":1}},{"type":"Feature","geometry":{"type":"Point","coordinates":[12.574969,55.758696]},"properties":{"name":"Ejgårdsvej (Fredensvej)","lines":"179","arr":["179"],"terminus":0,"mode":"bus","color":"#0059a9","colorDark":"#00294f","angle":65.9,"snapDist":1,"label":1}},{"type":"Feature","geometry":{"type":"Point","coordinates":[12.574612,55.760437]},"properties":{"name":"Ordrup Gymnasium (Fredensvej)","lines":"179","arr":["179"],"terminus":0,"mode":"bus","color":"#0059a9","colorDark":"#00294f","angle":97.7,"snapDist":1,"label":1}},{"type":"Feature","geometry":{"type":"Point","coordinates":[12.579974,55.760367]},"properties":{"name":"Hyldegårds Tværvej (Hyldegårdsvej)","lines":"179","arr":["179"],"terminus":0,"mode":"bus","color":"#0059a9","colorDark":"#00294f","angle":187,"snapDist":2,"label":1}},{"type":"Feature","geometry":{"type":"Point","coordinates":[12.584967,55.759886]},"properties":{"name":"Ordrup Jagtvej (Hyldegårdsvej)","lines":"179","arr":["179"],"terminus":0,"mode":"bus","color":"#0059a9","colorDark":"#00294f","angle":185,"snapDist":0,"label":1}},{"type":"Feature","geometry":{"type":"Point","coordinates":[12.58934,55.761122]},"properties":{"name":"Teglvænget (Teglgårdsvej)","lines":"179","arr":["179"],"terminus":0,"mode":"bus","color":"#0059a9","colorDark":"#00294f","angle":148.2,"snapDist":0,"label":1}},{"type":"Feature","geometry":{"type":"Point","coordinates":[12.594056,55.762557]},"properties":{"name":"Skovshoved Skole (Teglgårdsvej)","lines":"179","arr":["179"],"terminus":0,"mode":"bus","color":"#0059a9","colorDark":"#00294f","angle":167.3,"snapDist":2,"label":1}},{"type":"Feature","geometry":{"type":"Point","coordinates":[12.596358,55.763055]},"properties":{"name":"Skovshoved, Strandvejen (Teglgårdsvej)","lines":"179","arr":["179"],"terminus":1,"mode":"bus","color":"#0059a9","colorDark":"#00294f","angle":291.7,"snapDist":2,"label":1}},{"type":"Feature","geometry":{"type":"Point","coordinates":[12.592945,55.762321]},"properties":{"name":"Skovshoved Skole (Teglgårdsvej)","lines":"179","arr":["179"],"terminus":0,"mode":"bus","color":"#0059a9","colorDark":"#00294f","angle":326,"snapDist":1,"label":0}},{"type":"Feature","geometry":{"type":"Point","coordinates":[12.589126,55.761048]},"properties":{"name":"Teglvænget (Teglgårdsvej)","lines":"179","arr":["179"],"terminus":0,"mode":"bus","color":"#0059a9","colorDark":"#00294f","angle":328.2,"snapDist":0,"label":0}},{"type":"Feature","geometry":{"type":"Point","coordinates":[12.585988,55.760012]},"properties":{"name":"Ordrup Jagtvej (Teglgårdsvej)","lines":"179","arr":["179"],"terminus":0,"mode":"bus","color":"#0059a9","colorDark":"#00294f","angle":330,"snapDist":0,"label":1}},{"type":"Feature","geometry":{"type":"Point","coordinates":[12.579419,55.760414]},"properties":{"name":"Hyldegårds Tværvej (Hyldegårdsvej)","lines":"179","arr":["179"],"terminus":0,"mode":"bus","color":"#0059a9","colorDark":"#00294f","angle":9.3,"snapDist":1,"label":0}},{"type":"Feature","geometry":{"type":"Point","coordinates":[12.574724,55.760902]},"properties":{"name":"Ordrup Gymnasium (Fredensvej)","lines":"179","arr":["179"],"terminus":0,"mode":"bus","color":"#0059a9","colorDark":"#00294f","angle":277.7,"snapDist":1,"label":0}},{"type":"Feature","geometry":{"type":"Point","coordinates":[12.575065,55.758575]},"properties":{"name":"Ejgårdsvej (Fredensvej)","lines":"179","arr":["179"],"terminus":0,"mode":"bus","color":"#0059a9","colorDark":"#00294f","angle":245.9,"snapDist":1,"label":0}},{"type":"Feature","geometry":{"type":"Point","coordinates":[12.575625,55.75638]},"properties":{"name":"Fredens Plads (Fredensvej)","lines":"179","arr":["179"],"terminus":0,"mode":"bus","color":"#0059a9","colorDark":"#00294f","angle":276.6,"snapDist":0,"label":0}},{"type":"Feature","geometry":{"type":"Point","coordinates":[12.574174,55.754871]},"properties":{"name":"Lille Fredensvej (Fredensvej)","lines":"179","arr":["179"],"terminus":0,"mode":"bus","color":"#0059a9","colorDark":"#00294f","angle":7.4,"snapDist":1,"label":0}},{"type":"Feature","geometry":{"type":"Point","coordinates":[12.571229,55.751917]},"properties":{"name":"Charlottenlund St. (Rådhusvej)","lines":"179","arr":["179"],"terminus":0,"mode":"bus","color":"#0059a9","colorDark":"#00294f","angle":300.9,"snapDist":1,"label":0}},{"type":"Feature","geometry":{"type":"Point","coordinates":[12.567053,55.749336]},"properties":{"name":"Rådhusvej (L.E. Bruuns Vej)","lines":"179","arr":["179"],"terminus":0,"mode":"bus","color":"#0059a9","colorDark":"#00294f","angle":8.4,"snapDist":1,"label":0}},{"type":"Feature","geometry":{"type":"Point","coordinates":[12.563572,55.749624]},"properties":{"name":"Carl Baggers Allé (L.E. Bruuns Vej)","lines":"179","arr":["179"],"terminus":0,"mode":"bus","color":"#0059a9","colorDark":"#00294f","angle":7.9,"snapDist":1,"label":0}},{"type":"Feature","geometry":{"type":"Point","coordinates":[12.557426,55.749194]},"properties":{"name":"Gentofte Rådhus (Bernstorffsvej)","lines":"179, 185","arr":["179","185"],"terminus":0,"mode":"bus","color":"#0059a9","colorDark":"#00294f","angle":273.7,"snapDist":0,"label":0}},{"type":"Feature","geometry":{"type":"Point","coordinates":[12.536452,55.76219]},"properties":{"name":"Jægersborg Kaserne (Ermelundsvej)","lines":"179","arr":["179"],"terminus":0,"mode":"bus","color":"#0059a9","colorDark":"#00294f","angle":88,"snapDist":0,"label":0}},{"type":"Feature","geometry":{"type":"Point","coordinates":[12.530041,55.762628]},"properties":{"name":"Ridebanevang (Jægersborg Allé)","lines":"179","arr":["179"],"terminus":0,"mode":"bus","color":"#0059a9","colorDark":"#00294f","angle":1.5,"snapDist":1,"label":0}},{"type":"Feature","geometry":{"type":"Point","coordinates":[12.52625,55.762684]},"properties":{"name":"Jægersborg St. (Jægersborg Allé)","lines":"179","arr":["179"],"terminus":0,"mode":"bus","color":"#0059a9","colorDark":"#00294f","angle":1.5,"snapDist":2,"label":0}},{"type":"Feature","geometry":{"type":"Point","coordinates":[12.524158,55.76337]},"properties":{"name":"Jægersborg St., Ibstrupv. (Jægersborgvej)","lines":"179","arr":["179"],"terminus":0,"mode":"bus","color":"#0059a9","colorDark":"#00294f","angle":47.7,"snapDist":0,"label":0}},{"type":"Feature","geometry":{"type":"Point","coordinates":[12.51536,55.765623]},"properties":{"name":"Tjørnebakken (Jægersborgvej)","lines":"179","arr":["179"],"terminus":0,"mode":"bus","color":"#0059a9","colorDark":"#00294f","angle":17.2,"snapDist":2,"label":0}},{"type":"Feature","geometry":{"type":"Point","coordinates":[12.510807,55.766419]},"properties":{"name":"Håbets Allé (Jægersborgvej)","lines":"179","arr":["179"],"terminus":0,"mode":"bus","color":"#0059a9","colorDark":"#00294f","angle":17.4,"snapDist":2,"label":0}},{"type":"Feature","geometry":{"type":"Point","coordinates":[12.505174,55.767974]},"properties":{"name":"Lyngby St. (Jernbanepladsen)","lines":"182, 192","arr":["182","192"],"terminus":1,"mode":"bus","color":"#0059a9","colorDark":"#00294f","angle":178.2,"snapDist":4,"label":0}},{"type":"Feature","geometry":{"type":"Point","coordinates":[12.486653,55.766217]},"properties":{"name":"Engelsborgvej (Nybrovej)","lines":"182","arr":["182"],"terminus":0,"mode":"bus","color":"#0059a9","colorDark":"#00294f","angle":39,"snapDist":0,"label":1}},{"type":"Feature","geometry":{"type":"Point","coordinates":[12.484523,55.76716]},"properties":{"name":"Hartmannsvej (Nybrovej)","lines":"182","arr":["182"],"terminus":0,"mode":"bus","color":"#0059a9","colorDark":"#00294f","angle":38.1,"snapDist":1,"label":1}},{"type":"Feature","geometry":{"type":"Point","coordinates":[12.480682,55.768919]},"properties":{"name":"Kongshvilevej (Nybrovej)","lines":"182","arr":["182"],"terminus":0,"mode":"bus","color":"#0059a9","colorDark":"#00294f","angle":39.4,"snapDist":1,"label":1}},{"type":"Feature","geometry":{"type":"Point","coordinates":[12.473868,55.772172]},"properties":{"name":"Nybrogård (Nybrovej)","lines":"182","arr":["182"],"terminus":0,"mode":"bus","color":"#0059a9","colorDark":"#00294f","angle":44.4,"snapDist":0,"label":1}},{"type":"Feature","geometry":{"type":"Point","coordinates":[12.469148,55.774079]},"properties":{"name":"Nybro Kro (Nybrovej)","lines":"182","arr":["182"],"terminus":0,"mode":"bus","color":"#0059a9","colorDark":"#00294f","angle":28.6,"snapDist":0,"label":1}},{"type":"Feature","geometry":{"type":"Point","coordinates":[12.458443,55.776043]},"properties":{"name":"Sophienholm (Nybrovej)","lines":"182","arr":["182"],"terminus":0,"mode":"bus","color":"#0059a9","colorDark":"#00294f","angle":9,"snapDist":2,"label":1}},{"type":"Feature","geometry":{"type":"Point","coordinates":[12.446827,55.781297]},"properties":{"name":"Frederiksdal (Frederiksdalsvej)","lines":"182","arr":["182"],"terminus":0,"mode":"bus","color":"#0059a9","colorDark":"#00294f","angle":132,"snapDist":1,"label":1}},{"type":"Feature","geometry":{"type":"Point","coordinates":[12.451006,55.785347]},"properties":{"name":"Hummeltoftevej (Frederiksdalsvej)","lines":"182","arr":["182"],"terminus":0,"mode":"bus","color":"#0059a9","colorDark":"#00294f","angle":113.3,"snapDist":0,"label":1}},{"type":"Feature","geometry":{"type":"Point","coordinates":[12.453458,55.788329]},"properties":{"name":"Virum Vandvej (Frederiksdalsvej)","lines":"182","arr":["182"],"terminus":0,"mode":"bus","color":"#0059a9","colorDark":"#00294f","angle":124.1,"snapDist":1,"label":1}},{"type":"Feature","geometry":{"type":"Point","coordinates":[12.457409,55.788781]},"properties":{"name":"Solgården (Virumvej)","lines":"182","arr":["182"],"terminus":0,"mode":"bus","color":"#0059a9","colorDark":"#00294f","angle":169.8,"snapDist":1,"label":1}},{"type":"Feature","geometry":{"type":"Point","coordinates":[12.461852,55.788867]},"properties":{"name":"Virum Stationsvej (Virumvej)","lines":"182","arr":["182"],"terminus":0,"mode":"bus","color":"#0059a9","colorDark":"#00294f","angle":190,"snapDist":1,"label":1}},{"type":"Feature","geometry":{"type":"Point","coordinates":[12.466277,55.788602]},"properties":{"name":"Kongestien (Virumvej)","lines":"182","arr":["182"],"terminus":0,"mode":"bus","color":"#0059a9","colorDark":"#00294f","angle":180.7,"snapDist":1,"label":1}},{"type":"Feature","geometry":{"type":"Point","coordinates":[12.469067,55.788579]},"properties":{"name":"Gl. Kaplevej (Virumvej)","lines":"182","arr":["182"],"terminus":0,"mode":"bus","color":"#0059a9","colorDark":"#00294f","angle":180.9,"snapDist":1,"label":1}},{"type":"Feature","geometry":{"type":"Point","coordinates":[12.472607,55.788531]},"properties":{"name":"Grønnevej (Virumvej)","lines":"182","arr":["182"],"terminus":0,"mode":"bus","color":"#0059a9","colorDark":"#00294f","angle":181.3,"snapDist":0,"label":1}},{"type":"Feature","geometry":{"type":"Point","coordinates":[12.473456,55.789337]},"properties":{"name":"Virumvej (Grønnevej)","lines":"182, 191","arr":["182","191"],"terminus":0,"mode":"bus","color":"#0059a9","colorDark":"#00294f","angle":81.7,"snapDist":1,"label":1}},{"type":"Feature","geometry":{"type":"Point","coordinates":[12.472863,55.791682]},"properties":{"name":"Vangeledet (Grønnevej)","lines":"182, 191","arr":["182","191"],"terminus":0,"mode":"bus","color":"#0059a9","colorDark":"#00294f","angle":81.9,"snapDist":0,"label":1}},{"type":"Feature","geometry":{"type":"Point","coordinates":[12.472022,55.794957]},"properties":{"name":"Virum Torv (Grønnevej)","lines":"182","arr":["182"],"terminus":0,"mode":"bus","color":"#0059a9","colorDark":"#00294f","angle":78.7,"snapDist":3,"label":1}},{"type":"Feature","geometry":{"type":"Point","coordinates":[12.478903,55.796485]},"properties":{"name":"Hasselvej (Frederiksdalsvej)","lines":"182, 184","arr":["182","184"],"terminus":0,"mode":"bus","color":"#0059a9","colorDark":"#00294f","angle":61.8,"snapDist":2,"label":1}},{"type":"Feature","geometry":{"type":"Point","coordinates":[12.483988,55.797539]},"properties":{"name":"Kongevejen (Skodsborgvej)","lines":"182","arr":["182"],"terminus":0,"mode":"bus","color":"#0059a9","colorDark":"#00294f","angle":160,"snapDist":1,"label":1}},{"type":"Feature","geometry":{"type":"Point","coordinates":[12.488669,55.798785]},"properties":{"name":"Holmeparken (Skodsborgvej)","lines":"182","arr":["182"],"terminus":0,"mode":"bus","color":"#0059a9","colorDark":"#00294f","angle":147.4,"snapDist":0,"label":1}},{"type":"Feature","geometry":{"type":"Point","coordinates":[12.494548,55.800905]},"properties":{"name":"Teknikerbyen (Skodsborgvej)","lines":"182, 194","arr":["182","194"],"terminus":1,"mode":"bus","color":"#0059a9","colorDark":"#00294f","angle":148.7,"snapDist":1,"label":1}},{"type":"Feature","geometry":{"type":"Point","coordinates":[12.500071,55.802236]},"properties":{"name":"Skodsborgvej (Ørholmvej)","lines":"182, 193","arr":["182","193"],"terminus":0,"mode":"bus","color":"#0059a9","colorDark":"#00294f","angle":236.6,"snapDist":1,"label":1}},{"type":"Feature","geometry":{"type":"Point","coordinates":[12.510089,55.798794]},"properties":{"name":"Ørholm St. (Ørholmvej)","lines":"182, 193","arr":["182","193"],"terminus":0,"mode":"bus","color":"#0059a9","colorDark":"#00294f","angle":202.3,"snapDist":0,"label":1}},{"type":"Feature","geometry":{"type":"Point","coordinates":[12.515378,55.797629]},"properties":{"name":"Kulsviervej (Nøjsomhedsvej)","lines":"182","arr":["182"],"terminus":0,"mode":"bus","color":"#0059a9","colorDark":"#00294f","angle":191.4,"snapDist":1,"label":1}},{"type":"Feature","geometry":{"type":"Point","coordinates":[12.521201,55.797033]},"properties":{"name":"Lundtofte Skole (Nøjsomhedsvej)","lines":"182","arr":["182"],"terminus":0,"mode":"bus","color":"#0059a9","colorDark":"#00294f","angle":189.2,"snapDist":0,"label":1}},{"type":"Feature","geometry":{"type":"Point","coordinates":[12.52651,55.797453]},"properties":{"name":"S. Willumsens Vej (Lundtoftevej)","lines":"182","arr":["182"],"terminus":0,"mode":"bus","color":"#0059a9","colorDark":"#00294f","angle":167.1,"snapDist":1,"label":1}},{"type":"Feature","geometry":{"type":"Point","coordinates":[12.531634,55.797683]},"properties":{"name":"HF Lundtoftegård (Lundtoftevej)","lines":"182","arr":["182"],"terminus":0,"mode":"bus","color":"#0059a9","colorDark":"#00294f","angle":179.4,"snapDist":0,"label":1}},{"type":"Feature","geometry":{"type":"Point","coordinates":[12.536466,55.798118]},"properties":{"name":"Dybendalsvej (Lundtoftevej)","lines":"182","arr":["182"],"terminus":0,"mode":"bus","color":"#0059a9","colorDark":"#00294f","angle":204.2,"snapDist":1,"label":1}},{"type":"Feature","geometry":{"type":"Point","coordinates":[12.541856,55.797696]},"properties":{"name":"Lundtoftevej (Hjortekærsvej)","lines":"182","arr":["182"],"terminus":0,"mode":"bus","color":"#0059a9","colorDark":"#00294f","angle":270.7,"snapDist":0,"label":1}},{"type":"Feature","geometry":{"type":"Point","coordinates":[12.541821,55.795188]},"properties":{"name":"Skovfryd (Hjortekærsvej)","lines":"182","arr":["182"],"terminus":0,"mode":"bus","color":"#0059a9","colorDark":"#00294f","angle":270.1,"snapDist":1,"label":1}},{"type":"Feature","geometry":{"type":"Point","coordinates":[12.536834,55.795006]},"properties":{"name":"Vejporten","lines":"182","arr":["182"],"terminus":0,"mode":"bus","color":"#0059a9","colorDark":"#00294f","angle":6.4,"snapDist":0,"label":0}},{"type":"Feature","geometry":{"type":"Point","coordinates":[12.533787,55.789207]},"properties":{"name":"Prof. Ostenfeld Kollegiet (Eremitageparken)","lines":"182","arr":["182"],"terminus":0,"mode":"bus","color":"#0059a9","colorDark":"#00294f","angle":271.3,"snapDist":1,"label":1}},{"type":"Feature","geometry":{"type":"Point","coordinates":[12.540211,55.787571]},"properties":{"name":"Hjortekærsvej (Rævehøjvej)","lines":"182","arr":["182"],"terminus":0,"mode":"bus","color":"#0059a9","colorDark":"#00294f","angle":179.6,"snapDist":2,"label":1}},{"type":"Feature","geometry":{"type":"Point","coordinates":[12.541542,55.782876]},"properties":{"name":"Langs Hegnet (Hjortekærsvej)","lines":"182","arr":["182"],"terminus":0,"mode":"bus","color":"#0059a9","colorDark":"#00294f","angle":280.8,"snapDist":1,"label":1}},{"type":"Feature","geometry":{"type":"Point","coordinates":[12.538256,55.77897]},"properties":{"name":"Fortunparken (Hjortekærsvej)","lines":"182","arr":["182"],"terminus":0,"mode":"bus","color":"#0059a9","colorDark":"#00294f","angle":301.3,"snapDist":0,"label":1}},{"type":"Feature","geometry":{"type":"Point","coordinates":[12.536806,55.777488]},"properties":{"name":"Trongårdsvej (Hjortekærsvej)","lines":"182","arr":["182"],"terminus":0,"mode":"bus","color":"#0059a9","colorDark":"#00294f","angle":290.8,"snapDist":2,"label":0}},{"type":"Feature","geometry":{"type":"Point","coordinates":[12.535032,55.774742]},"properties":{"name":"Ved Fortunen (Klampenborgvej)","lines":"182","arr":["182"],"terminus":0,"mode":"bus","color":"#0059a9","colorDark":"#00294f","angle":12.7,"snapDist":1,"label":1}},{"type":"Feature","geometry":{"type":"Point","coordinates":[12.528877,55.77499]},"properties":{"name":"Hvidegårdsparken (Klampenborgvej)","lines":"182","arr":["182"],"terminus":0,"mode":"bus","color":"#0059a9","colorDark":"#00294f","angle":358.5,"snapDist":0,"label":1}},{"type":"Feature","geometry":{"type":"Point","coordinates":[12.523384,55.774902]},"properties":{"name":"Helsingørmotorvejen (Klampenborgvej)","lines":"182","arr":["182"],"terminus":0,"mode":"bus","color":"#0059a9","colorDark":"#00294f","angle":355.3,"snapDist":1,"label":1}},{"type":"Feature","geometry":{"type":"Point","coordinates":[12.521503,55.775559]},"properties":{"name":"Bauneporten (Lyngbygårdsvej)","lines":"182","arr":["182"],"terminus":0,"mode":"bus","color":"#0059a9","colorDark":"#00294f","angle":178.1,"snapDist":6,"label":1}},{"type":"Feature","geometry":{"type":"Point","coordinates":[12.516153,55.775407]},"properties":{"name":"Sorgenfrigårdsvej (Lyngbygårdsvej)","lines":"182","arr":["182"],"terminus":0,"mode":"bus","color":"#0059a9","colorDark":"#00294f","angle":358.2,"snapDist":0,"label":1}},{"type":"Feature","geometry":{"type":"Point","coordinates":[12.514612,55.774354]},"properties":{"name":"Sorgenfrigårdsvej (Klampenborgvej)","lines":"182","arr":["182"],"terminus":0,"mode":"bus","color":"#0059a9","colorDark":"#00294f","angle":338.7,"snapDist":3,"label":1}},{"type":"Feature","geometry":{"type":"Point","coordinates":[12.509531,55.770867]},"properties":{"name":"Klampenborgvej (Kanalvej)","lines":"182, 300S","arr":["182","300S"],"terminus":0,"mode":"bus","color":"#0059a9","colorDark":"#00294f","angle":232.8,"snapDist":5,"label":1}},{"type":"Feature","geometry":{"type":"Point","coordinates":[12.507182,55.769787]},"properties":{"name":"Lyngby Hovedgade (Nørgaardsvej)","lines":"182, 193, 910","arr":["182","193","910"],"terminus":0,"mode":"bus","color":"#0059a9","colorDark":"#00294f","angle":327,"snapDist":1,"label":1}},{"type":"Feature","geometry":{"type":"Point","coordinates":[12.504912,55.768052]},"properties":{"name":"Lyngby St. (Jernbanepladsen)","lines":"183","arr":["183"],"terminus":1,"mode":"bus","color":"#0059a9","colorDark":"#00294f","angle":214.1,"snapDist":1,"label":0}},{"type":"Feature","geometry":{"type":"Point","coordinates":[12.507939,55.770064]},"properties":{"name":"Lyngby Hovedgade (Nørgaardsvej)","lines":"183, 910","arr":["183","910"],"terminus":0,"mode":"bus","color":"#0059a9","colorDark":"#00294f","angle":147,"snapDist":0,"label":0}},{"type":"Feature","geometry":{"type":"Point","coordinates":[12.509152,55.772232]},"properties":{"name":"Firskovvej (Klampenborgvej)","lines":"183, 300S","arr":["183","300S"],"terminus":0,"mode":"bus","color":"#0059a9","colorDark":"#00294f","angle":144.6,"snapDist":2,"label":1}},{"type":"Feature","geometry":{"type":"Point","coordinates":[12.516057,55.775405]},"properties":{"name":"Sorgenfrigårdsvej (Lyngbygårdsvej)","lines":"183","arr":["183"],"terminus":0,"mode":"bus","color":"#0059a9","colorDark":"#00294f","angle":177.3,"snapDist":0,"label":0}},{"type":"Feature","geometry":{"type":"Point","coordinates":[12.521343,55.775556]},"properties":{"name":"Bauneporten (Lyngbygårdsvej)","lines":"183","arr":["183"],"terminus":0,"mode":"bus","color":"#0059a9","colorDark":"#00294f","angle":178.1,"snapDist":6,"label":0}},{"type":"Feature","geometry":{"type":"Point","coordinates":[12.522989,55.774791]},"properties":{"name":"Lundtoftegårdsvej (Klampenborgvej)","lines":"183","arr":["183"],"terminus":0,"mode":"bus","color":"#0059a9","colorDark":"#00294f","angle":177.8,"snapDist":0,"label":1}},{"type":"Feature","geometry":{"type":"Point","coordinates":[12.524939,55.774823]},"properties":{"name":"Helsingørmotorvejen (Klampenborgvej)","lines":"183","arr":["183"],"terminus":0,"mode":"bus","color":"#0059a9","colorDark":"#00294f","angle":179.8,"snapDist":1,"label":0}},{"type":"Feature","geometry":{"type":"Point","coordinates":[12.529972,55.774914]},"properties":{"name":"Hvidegårdsparken (Klampenborgvej)","lines":"183","arr":["183"],"terminus":0,"mode":"bus","color":"#0059a9","colorDark":"#00294f","angle":179.3,"snapDist":1,"label":0}},{"type":"Feature","geometry":{"type":"Point","coordinates":[12.536076,55.775123]},"properties":{"name":"Ved Fortunen (Hjortekærsvej)","lines":"183","arr":["183"],"terminus":0,"mode":"bus","color":"#0059a9","colorDark":"#00294f","angle":94.2,"snapDist":1,"label":1}},{"type":"Feature","geometry":{"type":"Point","coordinates":[12.536824,55.777514]},"properties":{"name":"Trongårdsvej (Hjortekærsvej)","lines":"183","arr":["183"],"terminus":1,"mode":"bus","color":"#0059a9","colorDark":"#00294f","angle":110.8,"snapDist":2,"label":1}},{"type":"Feature","geometry":{"type":"Point","coordinates":[12.539344,55.779979]},"properties":{"name":"Fortunparken (Hjortekærsvej)","lines":"183","arr":["183"],"terminus":0,"mode":"bus","color":"#0059a9","colorDark":"#00294f","angle":121.2,"snapDist":1,"label":0}},{"type":"Feature","geometry":{"type":"Point","coordinates":[12.541356,55.782424]},"properties":{"name":"Dyrehavegårdsvej (Hjortekærsvej)","lines":"183","arr":["183"],"terminus":0,"mode":"bus","color":"#0059a9","colorDark":"#00294f","angle":105.6,"snapDist":0,"label":1}},{"type":"Feature","geometry":{"type":"Point","coordinates":[12.541746,55.783987]},"properties":{"name":"Langs Hegnet (Hjortekærsvej)","lines":"183","arr":["183"],"terminus":0,"mode":"bus","color":"#0059a9","colorDark":"#00294f","angle":90.4,"snapDist":1,"label":0}},{"type":"Feature","geometry":{"type":"Point","coordinates":[12.540721,55.787575]},"properties":{"name":"Hjortekærsvej (Rævehøjvej)","lines":"183","arr":["183"],"terminus":0,"mode":"bus","color":"#0059a9","colorDark":"#00294f","angle":357.1,"snapDist":2,"label":0}},{"type":"Feature","geometry":{"type":"Point","coordinates":[12.533769,55.788748]},"properties":{"name":"Prof. Ostenfeld Kollegiet (Eremitageparken)","lines":"183","arr":["183"],"terminus":0,"mode":"bus","color":"#0059a9","colorDark":"#00294f","angle":91.3,"snapDist":1,"label":0}},{"type":"Feature","geometry":{"type":"Point","coordinates":[12.537009,55.794995]},"properties":{"name":"Vejporten","lines":"183","arr":["183"],"terminus":0,"mode":"bus","color":"#0059a9","colorDark":"#00294f","angle":186.4,"snapDist":0,"label":0}},{"type":"Feature","geometry":{"type":"Point","coordinates":[12.541206,55.794814]},"properties":{"name":"Skovfryd (Vejporten)","lines":"183","arr":["183"],"terminus":0,"mode":"bus","color":"#0059a9","colorDark":"#00294f","angle":180.8,"snapDist":1,"label":1}},{"type":"Feature","geometry":{"type":"Point","coordinates":[12.541863,55.798001]},"properties":{"name":"Lundtoftevej (Hjortekærsvej)","lines":"183","arr":["183"],"terminus":0,"mode":"bus","color":"#0059a9","colorDark":"#00294f","angle":90.7,"snapDist":1,"label":0}},{"type":"Feature","geometry":{"type":"Point","coordinates":[12.536935,55.798006]},"properties":{"name":"Dybendalsvej (Lundtoftevej)","lines":"183","arr":["183"],"terminus":0,"mode":"bus","color":"#0059a9","colorDark":"#00294f","angle":21.5,"snapDist":1,"label":0}},{"type":"Feature","geometry":{"type":"Point","coordinates":[12.531714,55.797683]},"properties":{"name":"HF Lundtoftegård (Lundtoftevej)","lines":"183","arr":["183"],"terminus":0,"mode":"bus","color":"#0059a9","colorDark":"#00294f","angle":359.4,"snapDist":0,"label":0}},{"type":"Feature","geometry":{"type":"Point","coordinates":[12.524869,55.797135]},"properties":{"name":"S. Willumsens Vej (Lundtoftevej)","lines":"183","arr":["183"],"terminus":0,"mode":"bus","color":"#0059a9","colorDark":"#00294f","angle":339.5,"snapDist":1,"label":0}},{"type":"Feature","geometry":{"type":"Point","coordinates":[12.521009,55.797051]},"properties":{"name":"Lundtofte Skole (Nøjsomhedsvej)","lines":"183","arr":["183"],"terminus":0,"mode":"bus","color":"#0059a9","colorDark":"#00294f","angle":9.2,"snapDist":0,"label":0}},{"type":"Feature","geometry":{"type":"Point","coordinates":[12.515316,55.797636]},"properties":{"name":"Kulsviervej (Nøjsomhedsvej)","lines":"183","arr":["183"],"terminus":0,"mode":"bus","color":"#0059a9","colorDark":"#00294f","angle":11.4,"snapDist":0,"label":0}},{"type":"Feature","geometry":{"type":"Point","coordinates":[12.510009,55.798812]},"properties":{"name":"Ørholm St. (Ørholmvej)","lines":"183, 193","arr":["183","193"],"terminus":0,"mode":"bus","color":"#0059a9","colorDark":"#00294f","angle":22.3,"snapDist":0,"label":0}},{"type":"Feature","geometry":{"type":"Point","coordinates":[12.500434,55.801925]},"properties":{"name":"Skodsborgvej (Ørholmvej)","lines":"183, 193","arr":["183","193"],"terminus":0,"mode":"bus","color":"#0059a9","colorDark":"#00294f","angle":56.6,"snapDist":1,"label":0}},{"type":"Feature","geometry":{"type":"Point","coordinates":[12.494763,55.800979]},"properties":{"name":"Teknikerbyen (Skodsborgvej)","lines":"183, 194","arr":["183","194"],"terminus":1,"mode":"bus","color":"#0059a9","colorDark":"#00294f","angle":328.7,"snapDist":1,"label":0}},{"type":"Feature","geometry":{"type":"Point","coordinates":[12.493255,55.795742]},"properties":{"name":"Lindevangen (Bredevej)","lines":"183, 194","arr":["183","194"],"terminus":0,"mode":"bus","color":"#0059a9","colorDark":"#00294f","angle":274.3,"snapDist":1,"label":1}},{"type":"Feature","geometry":{"type":"Point","coordinates":[12.489818,55.793049]},"properties":{"name":"Fyrrevang (Bredevej)","lines":"183, 194","arr":["183","194"],"terminus":0,"mode":"bus","color":"#0059a9","colorDark":"#00294f","angle":337.8,"snapDist":0,"label":1}},{"type":"Feature","geometry":{"type":"Point","coordinates":[12.484481,55.793275]},"properties":{"name":"Ahornvej (Kongevejen)","lines":"183, 184","arr":["183","184"],"terminus":0,"mode":"bus","color":"#0059a9","colorDark":"#00294f","angle":69.7,"snapDist":0,"label":1}},{"type":"Feature","geometry":{"type":"Point","coordinates":[12.478814,55.796477]},"properties":{"name":"Kongevejen (Frederiksdalsvej)","lines":"183, 184","arr":["183","184"],"terminus":0,"mode":"bus","color":"#0059a9","colorDark":"#00294f","angle":340.7,"snapDist":1,"label":1}},{"type":"Feature","geometry":{"type":"Point","coordinates":[12.474229,55.795655]},"properties":{"name":"Virum St. (Frederiksdalsvej)","lines":"183, 184","arr":["183","184"],"terminus":0,"mode":"bus","color":"#0059a9","colorDark":"#00294f","angle":345.9,"snapDist":0,"label":1}},{"type":"Feature","geometry":{"type":"Point","coordinates":[12.472055,55.794723]},"properties":{"name":"Virum Torv (Grønnevej)","lines":"183, 191","arr":["183","191"],"terminus":0,"mode":"bus","color":"#0059a9","colorDark":"#00294f","angle":259.6,"snapDist":1,"label":0}},{"type":"Feature","geometry":{"type":"Point","coordinates":[12.472769,55.792054]},"properties":{"name":"Vangeledet (Grønnevej)","lines":"183, 191","arr":["183","191"],"terminus":0,"mode":"bus","color":"#0059a9","colorDark":"#00294f","angle":261.9,"snapDist":0,"label":0}},{"type":"Feature","geometry":{"type":"Point","coordinates":[12.472192,55.788536]},"properties":{"name":"Grønnevej (Virumvej)","lines":"183","arr":["183"],"terminus":0,"mode":"bus","color":"#0059a9","colorDark":"#00294f","angle":1.3,"snapDist":0,"label":0}},{"type":"Feature","geometry":{"type":"Point","coordinates":[12.469355,55.788574]},"properties":{"name":"Gl. Kaplevej (Virumvej)","lines":"183","arr":["183"],"terminus":0,"mode":"bus","color":"#0059a9","colorDark":"#00294f","angle":1.9,"snapDist":1,"label":0}},{"type":"Feature","geometry":{"type":"Point","coordinates":[12.465432,55.788605]},"properties":{"name":"Kongestien (Virumvej)","lines":"183","arr":["183"],"terminus":0,"mode":"bus","color":"#0059a9","colorDark":"#00294f","angle":359.9,"snapDist":1,"label":0}},{"type":"Feature","geometry":{"type":"Point","coordinates":[12.461631,55.788887]},"properties":{"name":"Virum Stationsvej (Virumvej)","lines":"183","arr":["183"],"terminus":0,"mode":"bus","color":"#0059a9","colorDark":"#00294f","angle":8.8,"snapDist":2,"label":0}},{"type":"Feature","geometry":{"type":"Point","coordinates":[12.457409,55.788781]},"properties":{"name":"Solgården (Virumvej)","lines":"183","arr":["183"],"terminus":0,"mode":"bus","color":"#0059a9","colorDark":"#00294f","angle":349.8,"snapDist":1,"label":0}},{"type":"Feature","geometry":{"type":"Point","coordinates":[12.452951,55.787869]},"properties":{"name":"Virum Vandvej (Frederiksdalsvej)","lines":"183","arr":["183"],"terminus":0,"mode":"bus","color":"#0059a9","colorDark":"#00294f","angle":295.2,"snapDist":1,"label":0}},{"type":"Feature","geometry":{"type":"Point","coordinates":[12.450938,55.785258]},"properties":{"name":"Hummeltoftevej (Frederiksdalsvej)","lines":"183","arr":["183"],"terminus":0,"mode":"bus","color":"#0059a9","colorDark":"#00294f","angle":293.3,"snapDist":0,"label":0}},{"type":"Feature","geometry":{"type":"Point","coordinates":[12.44669,55.781212]},"properties":{"name":"Frederiksdal (Frederiksdalsvej)","lines":"183","arr":["183"],"terminus":0,"mode":"bus","color":"#0059a9","colorDark":"#00294f","angle":312.4,"snapDist":1,"label":0}},{"type":"Feature","geometry":{"type":"Point","coordinates":[12.460105,55.775865]},"properties":{"name":"Sophienholm (Nybrovej)","lines":"183","arr":["183"],"terminus":0,"mode":"bus","color":"#0059a9","colorDark":"#00294f","angle":191.7,"snapDist":0,"label":0}},{"type":"Feature","geometry":{"type":"Point","coordinates":[12.468779,55.774193]},"properties":{"name":"Nybro Kro (Nybrovej)","lines":"183","arr":["183"],"terminus":0,"mode":"bus","color":"#0059a9","colorDark":"#00294f","angle":208.5,"snapDist":0,"label":0}},{"type":"Feature","geometry":{"type":"Point","coordinates":[12.474712,55.771696]},"properties":{"name":"Nybrogård (Nybrovej)","lines":"183","arr":["183"],"terminus":0,"mode":"bus","color":"#0059a9","colorDark":"#00294f","angle":223.4,"snapDist":1,"label":0}},{"type":"Feature","geometry":{"type":"Point","coordinates":[12.480419,55.769041]},"properties":{"name":"Kongshvilevej (Nybrovej)","lines":"183","arr":["183"],"terminus":0,"mode":"bus","color":"#0059a9","colorDark":"#00294f","angle":219.4,"snapDist":1,"label":0}},{"type":"Feature","geometry":{"type":"Point","coordinates":[12.484739,55.767065]},"properties":{"name":"Hartmannsvej (Nybrovej)","lines":"183","arr":["183"],"terminus":0,"mode":"bus","color":"#0059a9","colorDark":"#00294f","angle":218.1,"snapDist":1,"label":0}},{"type":"Feature","geometry":{"type":"Point","coordinates":[12.505174,55.767974]},"properties":{"name":"Lyngby St.","lines":"183","arr":["183"],"terminus":1,"mode":"bus","color":"#0059a9","colorDark":"#00294f","angle":178.2,"snapDist":4,"label":0}},{"type":"Feature","geometry":{"type":"Point","coordinates":[12.563255,55.8526]},"properties":{"name":"Vedbæk St.","lines":"184","arr":["184"],"terminus":1,"mode":"bus","color":"#0059a9","colorDark":"#00294f","angle":85.7,"snapDist":0,"label":1}},{"type":"Feature","geometry":{"type":"Point","coordinates":[12.567122,55.853596]},"properties":{"name":"Vedbæk Stationsvej (Vedbæk Strandvej)","lines":"184","arr":["184"],"terminus":0,"mode":"bus","color":"#0059a9","colorDark":"#00294f","angle":250.2,"snapDist":1,"label":1}},{"type":"Feature","geometry":{"type":"Point","coordinates":[12.565231,55.850854]},"properties":{"name":"Vedbæk Stationsvej (Gøngehusvej)","lines":"184","arr":["184"],"terminus":0,"mode":"bus","color":"#0059a9","colorDark":"#00294f","angle":350.9,"snapDist":0,"label":1}},{"type":"Feature","geometry":{"type":"Point","coordinates":[12.557819,55.850206]},"properties":{"name":"Henriksholms Allé (Gøngehusvej)","lines":"184","arr":["184"],"terminus":0,"mode":"bus","color":"#0059a9","colorDark":"#00294f","angle":5,"snapDist":1,"label":1}},{"type":"Feature","geometry":{"type":"Point","coordinates":[12.545004,55.849451]},"properties":{"name":"Gøngetoften (Gøngehusvej)","lines":"184","arr":["184"],"terminus":0,"mode":"bus","color":"#0059a9","colorDark":"#00294f","angle":332.1,"snapDist":1,"label":1}},{"type":"Feature","geometry":{"type":"Point","coordinates":[12.539925,55.847936]},"properties":{"name":"Bueager (Gøngehusvej)","lines":"184","arr":["184"],"terminus":0,"mode":"bus","color":"#0059a9","colorDark":"#00294f","angle":331.9,"snapDist":1,"label":1}},{"type":"Feature","geometry":{"type":"Point","coordinates":[12.533162,55.845763]},"properties":{"name":"Gøngehusvej (Langhaven)","lines":"184","arr":["184"],"terminus":0,"mode":"bus","color":"#0059a9","colorDark":"#00294f","angle":268.6,"snapDist":2,"label":1}},{"type":"Feature","geometry":{"type":"Point","coordinates":[12.530834,55.842015]},"properties":{"name":"Elleparken (Langhaven)","lines":"184","arr":["184"],"terminus":0,"mode":"bus","color":"#0059a9","colorDark":"#00294f","angle":286.3,"snapDist":1,"label":1}},{"type":"Feature","geometry":{"type":"Point","coordinates":[12.528258,55.838404]},"properties":{"name":"Trørødskolen (Langhaven)","lines":"184","arr":["184"],"terminus":0,"mode":"bus","color":"#0059a9","colorDark":"#00294f","angle":285.1,"snapDist":1,"label":1}},{"type":"Feature","geometry":{"type":"Point","coordinates":[12.525864,55.833963]},"properties":{"name":"Malmbergsvej (Langhaven)","lines":"184, 193","arr":["184","193"],"terminus":0,"mode":"bus","color":"#0059a9","colorDark":"#00294f","angle":313.2,"snapDist":2,"label":1}},{"type":"Feature","geometry":{"type":"Point","coordinates":[12.521374,55.832434]},"properties":{"name":"Kulturcenter Mariehøj (Øverødvej)","lines":"184, 193","arr":["184","193"],"terminus":0,"mode":"bus","color":"#0059a9","colorDark":"#00294f","angle":312.3,"snapDist":3,"label":1}},{"type":"Feature","geometry":{"type":"Point","coordinates":[12.518714,55.830602]},"properties":{"name":"Kulturcenter Mariehøj syd (Øverødvej)","lines":"184, 193","arr":["184","193"],"terminus":0,"mode":"bus","color":"#0059a9","colorDark":"#00294f","angle":311.8,"snapDist":0,"label":1}},{"type":"Feature","geometry":{"type":"Point","coordinates":[12.515079,55.828632]},"properties":{"name":"Gammel Holtegaard (Øverødvej)","lines":"184","arr":["184"],"terminus":0,"mode":"bus","color":"#0059a9","colorDark":"#00294f","angle":321.4,"snapDist":0,"label":1}},{"type":"Feature","geometry":{"type":"Point","coordinates":[12.508856,55.825918]},"properties":{"name":"Gl. Øverødvej (Øverødvej)","lines":"184","arr":["184"],"terminus":0,"mode":"bus","color":"#0059a9","colorDark":"#00294f","angle":322,"snapDist":1,"label":1}},{"type":"Feature","geometry":{"type":"Point","coordinates":[12.503156,55.823426]},"properties":{"name":"HF Solpletten (Øverødvej)","lines":"184","arr":["184"],"terminus":0,"mode":"bus","color":"#0059a9","colorDark":"#00294f","angle":322.2,"snapDist":0,"label":1}},{"type":"Feature","geometry":{"type":"Point","coordinates":[12.494951,55.819831]},"properties":{"name":"Sydskrænten, Havarthigaarden (Øverødvej)","lines":"184","arr":["184"],"terminus":0,"mode":"bus","color":"#0059a9","colorDark":"#00294f","angle":322,"snapDist":2,"label":1}},{"type":"Feature","geometry":{"type":"Point","coordinates":[12.492525,55.818749]},"properties":{"name":"Borgmester Schneiders Vej (Øverødvej)","lines":"184, 385","arr":["184","385"],"terminus":0,"mode":"bus","color":"#0059a9","colorDark":"#00294f","angle":315.8,"snapDist":2,"label":1}},{"type":"Feature","geometry":{"type":"Point","coordinates":[12.48738,55.81677]},"properties":{"name":"Søbakkevej (Øverødvej)","lines":"184, 385","arr":["184","385"],"terminus":0,"mode":"bus","color":"#0059a9","colorDark":"#00294f","angle":334.2,"snapDist":1,"label":1}},{"type":"Feature","geometry":{"type":"Point","coordinates":[12.482758,55.815696]},"properties":{"name":"Vestre Paradisvej (Øverødvej)","lines":"184, 385","arr":["184","385"],"terminus":0,"mode":"bus","color":"#0059a9","colorDark":"#00294f","angle":326.8,"snapDist":0,"label":1}},{"type":"Feature","geometry":{"type":"Point","coordinates":[12.47791,55.813002]},"properties":{"name":"Pile Allé (Øverødvej)","lines":"184, 385","arr":["184","385"],"terminus":0,"mode":"bus","color":"#0059a9","colorDark":"#00294f","angle":152,"snapDist":1,"label":1}},{"type":"Feature","geometry":{"type":"Point","coordinates":[12.471584,55.810734]},"properties":{"name":"Holte Midtpunkt (Holte Stationsvej)","lines":"184, 385","arr":["184","385"],"terminus":0,"mode":"bus","color":"#0059a9","colorDark":"#00294f","angle":327.2,"snapDist":0,"label":1}},{"type":"Feature","geometry":{"type":"Point","coordinates":[12.469276,55.807377]},"properties":{"name":"Holte St. (Holte Stationsvej)","lines":"184","arr":["184"],"terminus":0,"mode":"bus","color":"#0059a9","colorDark":"#00294f","angle":281.2,"snapDist":4,"label":1}},{"type":"Feature","geometry":{"type":"Point","coordinates":[12.467902,55.807809]},"properties":{"name":"Ved Holte St. (Vejlesøvej)","lines":"184","arr":["184"],"terminus":0,"mode":"bus","color":"#0059a9","colorDark":"#00294f","angle":280.9,"snapDist":1,"label":1}},{"type":"Feature","geometry":{"type":"Point","coordinates":[12.468533,55.802512]},"properties":{"name":"Vejlesøparken (Grønnevej)","lines":"184","arr":["184"],"terminus":0,"mode":"bus","color":"#0059a9","colorDark":"#00294f","angle":245,"snapDist":2,"label":1}},{"type":"Feature","geometry":{"type":"Point","coordinates":[12.470631,55.798714]},"properties":{"name":"Parkvej (Grønnevej)","lines":"184","arr":["184"],"terminus":0,"mode":"bus","color":"#0059a9","colorDark":"#00294f","angle":258.6,"snapDist":0,"label":1}},{"type":"Feature","geometry":{"type":"Point","coordinates":[12.471695,55.795804]},"properties":{"name":"Virum Torv (Grønnevej)","lines":"184","arr":["184"],"terminus":0,"mode":"bus","color":"#0059a9","colorDark":"#00294f","angle":250.3,"snapDist":2,"label":0}},{"type":"Feature","geometry":{"type":"Point","coordinates":[12.482301,55.796305]},"properties":{"name":"Frederiksdalsvej (Kongevejen)","lines":"184","arr":["184"],"terminus":0,"mode":"bus","color":"#0059a9","colorDark":"#00294f","angle":248.9,"snapDist":0,"label":1}},{"type":"Feature","geometry":{"type":"Point","coordinates":[12.484031,55.793706]},"properties":{"name":"Ahornvej (Kongevejen)","lines":"184","arr":["184"],"terminus":0,"mode":"bus","color":"#0059a9","colorDark":"#00294f","angle":249.5,"snapDist":1,"label":0}},{"type":"Feature","geometry":{"type":"Point","coordinates":[12.485788,55.791001]},"properties":{"name":"Fuglsangvej (Kongevejen)","lines":"184","arr":["184"],"terminus":0,"mode":"bus","color":"#0059a9","colorDark":"#00294f","angle":248.2,"snapDist":0,"label":1}},{"type":"Feature","geometry":{"type":"Point","coordinates":[12.486944,55.788176]},"properties":{"name":"Virumvej (Kongevejen)","lines":"184","arr":["184"],"terminus":0,"mode":"bus","color":"#0059a9","colorDark":"#00294f","angle":219.7,"snapDist":1,"label":1}},{"type":"Feature","geometry":{"type":"Point","coordinates":[12.489747,55.785173]},"properties":{"name":"Frilandsmuseet (Kongevejen)","lines":"184, 194","arr":["184","194"],"terminus":0,"mode":"bus","color":"#0059a9","colorDark":"#00294f","angle":249.4,"snapDist":1,"label":1}},{"type":"Feature","geometry":{"type":"Point","coordinates":[12.49111,55.783099]},"properties":{"name":"Skovbrynet (Kongevejen)","lines":"184, 191, 194","arr":["184","191","194"],"terminus":0,"mode":"bus","color":"#0059a9","colorDark":"#00294f","angle":249.6,"snapDist":0,"label":1}},{"type":"Feature","geometry":{"type":"Point","coordinates":[12.492155,55.781515]},"properties":{"name":"Æblevænget (Kongevejen)","lines":"184, 191, 194","arr":["184","191","194"],"terminus":0,"mode":"bus","color":"#0059a9","colorDark":"#00294f","angle":249.6,"snapDist":0,"label":1}},{"type":"Feature","geometry":{"type":"Point","coordinates":[12.493847,55.778968]},"properties":{"name":"Sorgenfri Slot (Kongevejen)","lines":"184, 191, 194","arr":["184","191","194"],"terminus":0,"mode":"bus","color":"#0059a9","colorDark":"#00294f","angle":249.4,"snapDist":1,"label":1}},{"type":"Feature","geometry":{"type":"Point","coordinates":[12.497753,55.77508]},"properties":{"name":"Lyngby Mølle (Lyngby Hovedgade)","lines":"184, 191, 194","arr":["184","191","194"],"terminus":0,"mode":"bus","color":"#0059a9","colorDark":"#00294f","angle":239.7,"snapDist":1,"label":1}},{"type":"Feature","geometry":{"type":"Point","coordinates":[12.49971,55.77329]},"properties":{"name":"Lyngby Kirke (Lyngby Hovedgade)","lines":"184, 191, 194","arr":["184","191","194"],"terminus":0,"mode":"bus","color":"#0059a9","colorDark":"#00294f","angle":232.6,"snapDist":1,"label":1}},{"type":"Feature","geometry":{"type":"Point","coordinates":[12.500015,55.771242]},"properties":{"name":"Sorgenfrivej (Jernbanevej)","lines":"184, 191, 194","arr":["184","191","194"],"terminus":0,"mode":"bus","color":"#0059a9","colorDark":"#00294f","angle":279.8,"snapDist":4,"label":1}},{"type":"Feature","geometry":{"type":"Point","coordinates":[12.503385,55.768627]},"properties":{"name":"Lyngby St. (Jernbanepladsen)","lines":"184","arr":["184"],"terminus":0,"mode":"bus","color":"#0059a9","colorDark":"#00294f","angle":213.2,"snapDist":2,"label":0}},{"type":"Feature","geometry":{"type":"Point","coordinates":[12.511537,55.763556]},"properties":{"name":"Christian X's Allé (Lyngby Hovedgade)","lines":"184","arr":["184"],"terminus":0,"mode":"bus","color":"#0059a9","colorDark":"#00294f","angle":239.3,"snapDist":1,"label":1}},{"type":"Feature","geometry":{"type":"Point","coordinates":[12.516211,55.75917]},"properties":{"name":"Mariebjerg (Lyngbyvej)","lines":"184","arr":["184"],"terminus":0,"mode":"bus","color":"#0059a9","colorDark":"#00294f","angle":242.2,"snapDist":3,"label":1}},{"type":"Feature","geometry":{"type":"Point","coordinates":[12.526095,55.74958]},"properties":{"name":"Søbredden (Lyngbyvej)","lines":"184","arr":["184"],"terminus":0,"mode":"bus","color":"#0059a9","colorDark":"#00294f","angle":237.1,"snapDist":1,"label":1}},{"type":"Feature","geometry":{"type":"Point","coordinates":[12.530982,55.745552]},"properties":{"name":"Sønderbakken (Lyngbyvej)","lines":"184","arr":["184"],"terminus":0,"mode":"bus","color":"#0059a9","colorDark":"#00294f","angle":239.3,"snapDist":0,"label":1}},{"type":"Feature","geometry":{"type":"Point","coordinates":[12.534365,55.742261]},"properties":{"name":"Søgårdsvej (Lyngbyvej)","lines":"184","arr":["184"],"terminus":0,"mode":"bus","color":"#0059a9","colorDark":"#00294f","angle":239.8,"snapDist":0,"label":1}},{"type":"Feature","geometry":{"type":"Point","coordinates":[12.545234,55.732147]},"properties":{"name":"Dyssegårdsvej (Lyngbyvej)","lines":"184, 185","arr":["184","185"],"terminus":0,"mode":"bus","color":"#0059a9","colorDark":"#00294f","angle":238.7,"snapDist":2,"label":1}},{"type":"Feature","geometry":{"type":"Point","coordinates":[12.54886,55.728693]},"properties":{"name":"Mylius Erichsens Allé (Lyngbyvej)","lines":"184, 185","arr":["184","185"],"terminus":0,"mode":"bus","color":"#0059a9","colorDark":"#00294f","angle":239.7,"snapDist":1,"label":1}},{"type":"Feature","geometry":{"type":"Point","coordinates":[12.553891,55.723562]},"properties":{"name":"Søholm (Lyngbyvej)","lines":"184","arr":["184"],"terminus":0,"mode":"bus","color":"#0059a9","colorDark":"#00294f","angle":254.1,"snapDist":3,"label":1}},{"type":"Feature","geometry":{"type":"Point","coordinates":[12.556885,55.719194]},"properties":{"name":"Emdrupvej (Lyngbyvej)","lines":"184","arr":["184"],"terminus":0,"mode":"bus","color":"#0059a9","colorDark":"#00294f","angle":74.6,"snapDist":4,"label":0}},{"type":"Feature","geometry":{"type":"Point","coordinates":[12.554449,55.724185]},"properties":{"name":"Søholm (Lyngbyvej)","lines":"184","arr":["184"],"terminus":0,"mode":"bus","color":"#0059a9","colorDark":"#00294f","angle":70.8,"snapDist":0,"label":0}},{"type":"Feature","geometry":{"type":"Point","coordinates":[12.545411,55.732783]},"properties":{"name":"Dyssegårdsvej (Lyngbyvej)","lines":"184, 185","arr":["184","185"],"terminus":0,"mode":"bus","color":"#0059a9","colorDark":"#00294f","angle":58,"snapDist":2,"label":0}},{"type":"Feature","geometry":{"type":"Point","coordinates":[12.534569,55.742944]},"properties":{"name":"Søgårdsvej (Lyngbyvej)","lines":"184","arr":["184"],"terminus":0,"mode":"bus","color":"#0059a9","colorDark":"#00294f","angle":59,"snapDist":1,"label":0}},{"type":"Feature","geometry":{"type":"Point","coordinates":[12.531396,55.746043]},"properties":{"name":"Sønderbakken (Lyngbyvej)","lines":"184","arr":["184"],"terminus":0,"mode":"bus","color":"#0059a9","colorDark":"#00294f","angle":60,"snapDist":4,"label":0}},{"type":"Feature","geometry":{"type":"Point","coordinates":[12.527557,55.749146]},"properties":{"name":"Søbredden (Lyngbyvej)","lines":"184","arr":["184"],"terminus":0,"mode":"bus","color":"#0059a9","colorDark":"#00294f","angle":52.2,"snapDist":0,"label":0}},{"type":"Feature","geometry":{"type":"Point","coordinates":[12.515905,55.760237]},"properties":{"name":"Mariebjerg (Lyngbyvej)","lines":"184","arr":["184"],"terminus":0,"mode":"bus","color":"#0059a9","colorDark":"#00294f","angle":49.5,"snapDist":0,"label":0}},{"type":"Feature","geometry":{"type":"Point","coordinates":[12.511399,55.763823]},"properties":{"name":"Christian X's Allé (Lyngby Hovedgade)","lines":"184","arr":["184"],"terminus":0,"mode":"bus","color":"#0059a9","colorDark":"#00294f","angle":58.7,"snapDist":1,"label":0}},{"type":"Feature","geometry":{"type":"Point","coordinates":[12.504566,55.768414]},"properties":{"name":"Lyngby St. (Jernbanepladsen)","lines":"184, 191, 194","arr":["184","191","194"],"terminus":1,"mode":"bus","color":"#0059a9","colorDark":"#00294f","angle":34.1,"snapDist":2,"label":0}},{"type":"Feature","geometry":{"type":"Point","coordinates":[12.500437,55.772817]},"properties":{"name":"Lyngby Kirke (Lyngby Hovedgade)","lines":"184, 191, 194","arr":["184","191","194"],"terminus":0,"mode":"bus","color":"#0059a9","colorDark":"#00294f","angle":53.3,"snapDist":3,"label":0}},{"type":"Feature","geometry":{"type":"Point","coordinates":[12.498342,55.774534]},"properties":{"name":"Lyngby Mølle (Lyngby Hovedgade)","lines":"184, 191, 194","arr":["184","191","194"],"terminus":0,"mode":"bus","color":"#0059a9","colorDark":"#00294f","angle":58.4,"snapDist":1,"label":0}},{"type":"Feature","geometry":{"type":"Point","coordinates":[12.493608,55.779326]},"properties":{"name":"Sorgenfri Slot (Kongevejen)","lines":"184, 191, 194","arr":["184","191","194"],"terminus":0,"mode":"bus","color":"#0059a9","colorDark":"#00294f","angle":69.4,"snapDist":1,"label":0}},{"type":"Feature","geometry":{"type":"Point","coordinates":[12.491725,55.782167]},"properties":{"name":"Æblevænget (Kongevejen)","lines":"184, 191, 194","arr":["184","191","194"],"terminus":0,"mode":"bus","color":"#0059a9","colorDark":"#00294f","angle":69.6,"snapDist":1,"label":0}},{"type":"Feature","geometry":{"type":"Point","coordinates":[12.490265,55.784385]},"properties":{"name":"Skovbrynet (Kongevejen)","lines":"184, 194","arr":["184","194"],"terminus":0,"mode":"bus","color":"#0059a9","colorDark":"#00294f","angle":69.8,"snapDist":1,"label":0}},{"type":"Feature","geometry":{"type":"Point","coordinates":[12.489157,55.786055]},"properties":{"name":"Frilandsmuseet (Kongevejen)","lines":"184, 194","arr":["184","194"],"terminus":0,"mode":"bus","color":"#0059a9","colorDark":"#00294f","angle":69.4,"snapDist":1,"label":0}},{"type":"Feature","geometry":{"type":"Point","coordinates":[12.487349,55.788501]},"properties":{"name":"Virumvej (Kongevejen)","lines":"184","arr":["184"],"terminus":0,"mode":"bus","color":"#0059a9","colorDark":"#00294f","angle":74.6,"snapDist":0,"label":0}},{"type":"Feature","geometry":{"type":"Point","coordinates":[12.471585,55.796042]},"properties":{"name":"Virum Torv (Grønnevej)","lines":"184","arr":["184"],"terminus":0,"mode":"bus","color":"#0059a9","colorDark":"#00294f","angle":78.4,"snapDist":0,"label":0}},{"type":"Feature","geometry":{"type":"Point","coordinates":[12.470396,55.799169]},"properties":{"name":"Parkvej (Grønnevej)","lines":"184","arr":["184"],"terminus":0,"mode":"bus","color":"#0059a9","colorDark":"#00294f","angle":66.8,"snapDist":0,"label":0}},{"type":"Feature","geometry":{"type":"Point","coordinates":[12.467848,55.803467]},"properties":{"name":"Vejlesøparken (Grønnevej)","lines":"184","arr":["184"],"terminus":0,"mode":"bus","color":"#0059a9","colorDark":"#00294f","angle":71.5,"snapDist":3,"label":0}},{"type":"Feature","geometry":{"type":"Point","coordinates":[12.468104,55.808243]},"properties":{"name":"Ved Holte St. (Vejlesøvej)","lines":"184","arr":["184"],"terminus":0,"mode":"bus","color":"#0059a9","colorDark":"#00294f","angle":107.1,"snapDist":0,"label":0}},{"type":"Feature","geometry":{"type":"Point","coordinates":[12.469376,55.808423]},"properties":{"name":"Holte St.","lines":"184, 385","arr":["184","385"],"terminus":1,"mode":"bus","color":"#0059a9","colorDark":"#00294f","angle":161.4,"snapDist":1,"label":1}},{"type":"Feature","geometry":{"type":"Point","coordinates":[12.472066,55.810836]},"properties":{"name":"Holte Midtpunkt (Holte Stationsvej)","lines":"184, 385","arr":["184","385"],"terminus":0,"mode":"bus","color":"#0059a9","colorDark":"#00294f","angle":146.7,"snapDist":2,"label":0}},{"type":"Feature","geometry":{"type":"Point","coordinates":[12.478024,55.813036]},"properties":{"name":"Pile Allé (Øverødvej)","lines":"184, 385","arr":["184","385"],"terminus":0,"mode":"bus","color":"#0059a9","colorDark":"#00294f","angle":152,"snapDist":1,"label":0}},{"type":"Feature","geometry":{"type":"Point","coordinates":[12.482036,55.815228]},"properties":{"name":"Vestre Paradisvej (Øverødvej)","lines":"184","arr":["184"],"terminus":0,"mode":"bus","color":"#0059a9","colorDark":"#00294f","angle":125.3,"snapDist":1,"label":0}},{"type":"Feature","geometry":{"type":"Point","coordinates":[12.488818,55.817184]},"properties":{"name":"Søbakkevej (Øverødvej)","lines":"184","arr":["184"],"terminus":0,"mode":"bus","color":"#0059a9","colorDark":"#00294f","angle":151.5,"snapDist":0,"label":0}},{"type":"Feature","geometry":{"type":"Point","coordinates":[12.492176,55.818559]},"properties":{"name":"Borgmester Schneiders Vej (Øverødvej)","lines":"184","arr":["184"],"terminus":0,"mode":"bus","color":"#0059a9","colorDark":"#00294f","angle":137.3,"snapDist":0,"label":0}},{"type":"Feature","geometry":{"type":"Point","coordinates":[12.495436,55.82005]},"properties":{"name":"Sydskrænten, Havarthigaarden (Øverødvej)","lines":"184","arr":["184"],"terminus":0,"mode":"bus","color":"#0059a9","colorDark":"#00294f","angle":142.6,"snapDist":1,"label":0}},{"type":"Feature","geometry":{"type":"Point","coordinates":[12.503022,55.823367]},"properties":{"name":"HF Solpletten (Øverødvej)","lines":"184","arr":["184"],"terminus":0,"mode":"bus","color":"#0059a9","colorDark":"#00294f","angle":142.2,"snapDist":0,"label":0}},{"type":"Feature","geometry":{"type":"Point","coordinates":[12.509596,55.826241]},"properties":{"name":"Gl. Øverødvej (Øverødvej)","lines":"184","arr":["184"],"terminus":0,"mode":"bus","color":"#0059a9","colorDark":"#00294f","angle":142.3,"snapDist":0,"label":0}},{"type":"Feature","geometry":{"type":"Point","coordinates":[12.516207,55.829151]},"properties":{"name":"Gammel Holtegaard (Øverødvej)","lines":"184, 193","arr":["184","193"],"terminus":0,"mode":"bus","color":"#0059a9","colorDark":"#00294f","angle":139.8,"snapDist":1,"label":0}},{"type":"Feature","geometry":{"type":"Point","coordinates":[12.519314,55.830984]},"properties":{"name":"Kulturcenter Mariehøj syd (Øverødvej)","lines":"184, 193","arr":["184","193"],"terminus":0,"mode":"bus","color":"#0059a9","colorDark":"#00294f","angle":131.1,"snapDist":0,"label":0}},{"type":"Feature","geometry":{"type":"Point","coordinates":[12.521234,55.832165]},"properties":{"name":"Kulturcenter Mariehøj (Øverødvej)","lines":"184, 193","arr":["184","193"],"terminus":0,"mode":"bus","color":"#0059a9","colorDark":"#00294f","angle":131.3,"snapDist":1,"label":0}},{"type":"Feature","geometry":{"type":"Point","coordinates":[12.525864,55.833963]},"properties":{"name":"Malmbergsvej (Langhaven)","lines":"184, 193","arr":["184","193"],"terminus":0,"mode":"bus","color":"#0059a9","colorDark":"#00294f","angle":133.2,"snapDist":2,"label":0}},{"type":"Feature","geometry":{"type":"Point","coordinates":[12.528495,55.838836]},"properties":{"name":"Trørødskolen (Langhaven)","lines":"184","arr":["184"],"terminus":0,"mode":"bus","color":"#0059a9","colorDark":"#00294f","angle":112.7,"snapDist":1,"label":0}},{"type":"Feature","geometry":{"type":"Point","coordinates":[12.531014,55.842362]},"properties":{"name":"Elleparken (Langhaven)","lines":"184","arr":["184"],"terminus":0,"mode":"bus","color":"#0059a9","colorDark":"#00294f","angle":106.4,"snapDist":1,"label":0}},{"type":"Feature","geometry":{"type":"Point","coordinates":[12.533154,55.845927]},"properties":{"name":"Gøngehusvej (Langhaven)","lines":"184","arr":["184"],"terminus":0,"mode":"bus","color":"#0059a9","colorDark":"#00294f","angle":81,"snapDist":1,"label":0}},{"type":"Feature","geometry":{"type":"Point","coordinates":[12.539945,55.847941]},"properties":{"name":"Bueager (Gøngehusvej)","lines":"184","arr":["184"],"terminus":0,"mode":"bus","color":"#0059a9","colorDark":"#00294f","angle":151.9,"snapDist":1,"label":0}},{"type":"Feature","geometry":{"type":"Point","coordinates":[12.544252,55.849227]},"properties":{"name":"Gøngetoften (Gøngehusvej)","lines":"184","arr":["184"],"terminus":0,"mode":"bus","color":"#0059a9","colorDark":"#00294f","angle":152.1,"snapDist":1,"label":0}},{"type":"Feature","geometry":{"type":"Point","coordinates":[12.557469,55.850223]},"properties":{"name":"Henriksholms Allé (Gøngehusvej)","lines":"184","arr":["184"],"terminus":0,"mode":"bus","color":"#0059a9","colorDark":"#00294f","angle":185,"snapDist":1,"label":0}},{"type":"Feature","geometry":{"type":"Point","coordinates":[12.5553,55.718644]},"properties":{"name":"Lyngbyvej (Emdrupvej)","lines":"185","arr":["185"],"terminus":0,"mode":"bus","color":"#0059a9","colorDark":"#00294f","angle":21.5,"snapDist":1,"label":1}},{"type":"Feature","geometry":{"type":"Point","coordinates":[12.550429,55.719505]},"properties":{"name":"Keldsøvej (Emdrupvej)","lines":"185","arr":["185"],"terminus":0,"mode":"bus","color":"#0059a9","colorDark":"#00294f","angle":40.7,"snapDist":1,"label":1}},{"type":"Feature","geometry":{"type":"Point","coordinates":[12.555762,55.735611]},"properties":{"name":"Kildegårdsvej (Bernstorffsvej)","lines":"185","arr":["185"],"terminus":0,"mode":"bus","color":"#0059a9","colorDark":"#00294f","angle":93.6,"snapDist":6,"label":0}},{"type":"Feature","geometry":{"type":"Point","coordinates":[12.556243,55.738627]},"properties":{"name":"Baunegårdsvej (Bernstorffsvej)","lines":"185","arr":["185"],"terminus":0,"mode":"bus","color":"#0059a9","colorDark":"#00294f","angle":95,"snapDist":0,"label":1}},{"type":"Feature","geometry":{"type":"Point","coordinates":[12.556776,55.742721]},"properties":{"name":"Bernstorffsvej St. (Bernstorffsvej)","lines":"185","arr":["185"],"terminus":0,"mode":"bus","color":"#0059a9","colorDark":"#00294f","angle":-86.7,"snapDist":6,"label":1}},{"type":"Feature","geometry":{"type":"Point","coordinates":[12.557931,55.753639]},"properties":{"name":"Enighedsvej (Bernstorffsvej)","lines":"185","arr":["185"],"terminus":0,"mode":"bus","color":"#0059a9","colorDark":"#00294f","angle":93.6,"snapDist":0,"label":1}},{"type":"Feature","geometry":{"type":"Point","coordinates":[12.563729,55.759046]},"properties":{"name":"Rosenstandsvej (Ordrupvej)","lines":"185","arr":["185"],"terminus":0,"mode":"bus","color":"#0059a9","colorDark":"#00294f","angle":163.2,"snapDist":0,"label":1}},{"type":"Feature","geometry":{"type":"Point","coordinates":[12.567867,55.759497]},"properties":{"name":"Lindegårdsvej (Ordrupvej)","lines":"185","arr":["185"],"terminus":0,"mode":"bus","color":"#0059a9","colorDark":"#00294f","angle":176.2,"snapDist":1,"label":1}},{"type":"Feature","geometry":{"type":"Point","coordinates":[12.571637,55.760189]},"properties":{"name":"Skovkrogen (Ordrupvej)","lines":"185","arr":["185"],"terminus":0,"mode":"bus","color":"#0059a9","colorDark":"#00294f","angle":139.6,"snapDist":1,"label":1}},{"type":"Feature","geometry":{"type":"Point","coordinates":[12.57587,55.76214]},"properties":{"name":"Herthavej (Ordrupvej)","lines":"185","arr":["185"],"terminus":0,"mode":"bus","color":"#0059a9","colorDark":"#00294f","angle":142.1,"snapDist":1,"label":1}},{"type":"Feature","geometry":{"type":"Point","coordinates":[12.580105,55.764158]},"properties":{"name":"Ordrup Torv (Ordrupvej)","lines":"185","arr":["185"],"terminus":0,"mode":"bus","color":"#0059a9","colorDark":"#00294f","angle":139.4,"snapDist":1,"label":1}},{"type":"Feature","geometry":{"type":"Point","coordinates":[12.583521,55.765865]},"properties":{"name":"Ordrup Vænge (Ordrupvej)","lines":"185","arr":["185"],"terminus":0,"mode":"bus","color":"#0059a9","colorDark":"#00294f","angle":124.7,"snapDist":1,"label":1}},{"type":"Feature","geometry":{"type":"Point","coordinates":[12.587675,55.776906]},"properties":{"name":"Klampenborg St. (Dyrehavevej)","lines":"185","arr":["185"],"terminus":1,"mode":"bus","color":"#0059a9","colorDark":"#00294f","angle":72.6,"snapDist":0,"label":0}},{"type":"Feature","geometry":{"type":"Point","coordinates":[12.584583,55.775048]},"properties":{"name":"Dyrehaven (Dyrehavevej)","lines":"185","arr":["185"],"terminus":0,"mode":"bus","color":"#0059a9","colorDark":"#00294f","angle":326.9,"snapDist":1,"label":1}},{"type":"Feature","geometry":{"type":"Point","coordinates":[12.58437,55.772248]},"properties":{"name":"Fabritius Allé (Christiansholmsvej)","lines":"185","arr":["185"],"terminus":0,"mode":"bus","color":"#0059a9","colorDark":"#00294f","angle":266,"snapDist":0,"label":0}},{"type":"Feature","geometry":{"type":"Point","coordinates":[12.584927,55.769087]},"properties":{"name":"Hvidørevej (Christiansholmsvej)","lines":"185","arr":["185"],"terminus":0,"mode":"bus","color":"#0059a9","colorDark":"#00294f","angle":261.2,"snapDist":1,"label":0}},{"type":"Feature","geometry":{"type":"Point","coordinates":[12.582609,55.765341]},"properties":{"name":"Ordrup Vænge (Ordrupvej)","lines":"185","arr":["185"],"terminus":0,"mode":"bus","color":"#0059a9","colorDark":"#00294f","angle":319.6,"snapDist":1,"label":0}},{"type":"Feature","geometry":{"type":"Point","coordinates":[12.579219,55.763725]},"properties":{"name":"Ordrup Torv (Ordrupvej)","lines":"185","arr":["185"],"terminus":0,"mode":"bus","color":"#0059a9","colorDark":"#00294f","angle":318.8,"snapDist":1,"label":0}},{"type":"Feature","geometry":{"type":"Point","coordinates":[12.57728,55.762804]},"properties":{"name":"Herthavej (Ordrupvej)","lines":"185","arr":["185"],"terminus":0,"mode":"bus","color":"#0059a9","colorDark":"#00294f","angle":320,"snapDist":0,"label":0}},{"type":"Feature","geometry":{"type":"Point","coordinates":[12.573453,55.761043]},"properties":{"name":"Skovkrogen (Ordrupvej)","lines":"185","arr":["185"],"terminus":0,"mode":"bus","color":"#0059a9","colorDark":"#00294f","angle":321.3,"snapDist":2,"label":0}},{"type":"Feature","geometry":{"type":"Point","coordinates":[12.569731,55.759658]},"properties":{"name":"Lindegårdsvej (Ordrupvej)","lines":"185","arr":["185"],"terminus":0,"mode":"bus","color":"#0059a9","colorDark":"#00294f","angle":345.7,"snapDist":0,"label":0}},{"type":"Feature","geometry":{"type":"Point","coordinates":[12.564797,55.759233]},"properties":{"name":"Rosenstandsvej (Ordrupvej)","lines":"185","arr":["185"],"terminus":0,"mode":"bus","color":"#0059a9","colorDark":"#00294f","angle":343.3,"snapDist":0,"label":0}},{"type":"Feature","geometry":{"type":"Point","coordinates":[12.558414,55.757608]},"properties":{"name":"Femvejen (Bernstorffsvej)","lines":"185","arr":["185"],"terminus":0,"mode":"bus","color":"#0059a9","colorDark":"#00294f","angle":277.9,"snapDist":2,"label":0}},{"type":"Feature","geometry":{"type":"Point","coordinates":[12.557966,55.753953]},"properties":{"name":"Enighedsvej (Bernstorffsvej)","lines":"185","arr":["185"],"terminus":0,"mode":"bus","color":"#0059a9","colorDark":"#00294f","angle":273.6,"snapDist":1,"label":0}},{"type":"Feature","geometry":{"type":"Point","coordinates":[12.55655,55.741307]},"properties":{"name":"Bernstorffsvej St. (Bernstorffsvej)","lines":"185","arr":["185"],"terminus":0,"mode":"bus","color":"#0059a9","colorDark":"#00294f","angle":272.9,"snapDist":0,"label":0}},{"type":"Feature","geometry":{"type":"Point","coordinates":[12.556306,55.739093]},"properties":{"name":"Baunegårdsvej (Bernstorffsvej)","lines":"185","arr":["185"],"terminus":0,"mode":"bus","color":"#0059a9","colorDark":"#00294f","angle":273.9,"snapDist":0,"label":0}},{"type":"Feature","geometry":{"type":"Point","coordinates":[12.555744,55.73545]},"properties":{"name":"Kildegårdsvej (Bernstorffsvej)","lines":"185","arr":["185"],"terminus":0,"mode":"bus","color":"#0059a9","colorDark":"#00294f","angle":273.6,"snapDist":5,"label":0}},{"type":"Feature","geometry":{"type":"Point","coordinates":[12.546378,55.721512]},"properties":{"name":"Emdrup Søpark (Emdrupvej)","lines":"185","arr":["185"],"terminus":0,"mode":"bus","color":"#0059a9","colorDark":"#00294f","angle":222.9,"snapDist":1,"label":0}},{"type":"Feature","geometry":{"type":"Point","coordinates":[12.551021,55.719216]},"properties":{"name":"Keldsøvej (Emdrupvej)","lines":"185","arr":["185"],"terminus":0,"mode":"bus","color":"#0059a9","colorDark":"#00294f","angle":221.1,"snapDist":0,"label":0}},{"type":"Feature","geometry":{"type":"Point","coordinates":[12.505419,55.768049]},"properties":{"name":"Lyngby St. (Jernbanepladsen)","lines":"191","arr":["191"],"terminus":1,"mode":"bus","color":"#0059a9","colorDark":"#00294f","angle":326.4,"snapDist":1,"label":0}},{"type":"Feature","geometry":{"type":"Point","coordinates":[12.489702,55.783568]},"properties":{"name":"Kongevejen (Skovbrynet)","lines":"191","arr":["191"],"terminus":0,"mode":"bus","color":"#0059a9","colorDark":"#00294f","angle":339.4,"snapDist":0,"label":1}},{"type":"Feature","geometry":{"type":"Point","coordinates":[12.482786,55.781586]},"properties":{"name":"Sorgenfri St. (Hummeltoftevej)","lines":"191","arr":["191"],"terminus":0,"mode":"bus","color":"#0059a9","colorDark":"#00294f","angle":313.3,"snapDist":2,"label":1}},{"type":"Feature","geometry":{"type":"Point","coordinates":[12.48051,55.781627]},"properties":{"name":"Sorgenfri Torv (Grønnevej)","lines":"191","arr":["191"],"terminus":0,"mode":"bus","color":"#0059a9","colorDark":"#00294f","angle":49.9,"snapDist":1,"label":1}},{"type":"Feature","geometry":{"type":"Point","coordinates":[12.477406,55.784199]},"properties":{"name":"Løvgårdsvej (Grønnevej)","lines":"191","arr":["191"],"terminus":0,"mode":"bus","color":"#0059a9","colorDark":"#00294f","angle":63.6,"snapDist":2,"label":1}},{"type":"Feature","geometry":{"type":"Point","coordinates":[12.475921,55.7865]},"properties":{"name":"Sorgenfrivænget (Grønnevej)","lines":"191","arr":["191"],"terminus":0,"mode":"bus","color":"#0059a9","colorDark":"#00294f","angle":74.1,"snapDist":1,"label":1}},{"type":"Feature","geometry":{"type":"Point","coordinates":[12.470708,55.795179]},"properties":{"name":"Virum Torv (Frederiksdalsvej)","lines":"191","arr":["191"],"terminus":0,"mode":"bus","color":"#0059a9","colorDark":"#00294f","angle":347.5,"snapDist":0,"label":1}},{"type":"Feature","geometry":{"type":"Point","coordinates":[12.463723,55.794286]},"properties":{"name":"Kirkebakken (Frederiksdalsvej)","lines":"191","arr":["191"],"terminus":0,"mode":"bus","color":"#0059a9","colorDark":"#00294f","angle":347.1,"snapDist":1,"label":1}},{"type":"Feature","geometry":{"type":"Point","coordinates":[12.456608,55.791624]},"properties":{"name":"Parcelvej (Furesø Parkvej)","lines":"191","arr":["191"],"terminus":0,"mode":"bus","color":"#0059a9","colorDark":"#00294f","angle":351.2,"snapDist":1,"label":1}},{"type":"Feature","geometry":{"type":"Point","coordinates":[12.451463,55.791399]},"properties":{"name":"Virum Overdrevsvej (Furesø Parkvej)","lines":"191","arr":["191"],"terminus":0,"mode":"bus","color":"#0059a9","colorDark":"#00294f","angle":353.3,"snapDist":0,"label":1}},{"type":"Feature","geometry":{"type":"Point","coordinates":[12.447536,55.791235]},"properties":{"name":"Furesø Parken (Furesøvej)","lines":"191","arr":["191"],"terminus":0,"mode":"bus","color":"#0059a9","colorDark":"#00294f","angle":78.1,"snapDist":0,"label":1}},{"type":"Feature","geometry":{"type":"Point","coordinates":[12.445928,55.792881]},"properties":{"name":"Søndervej (Furesøvej)","lines":"191","arr":["191"],"terminus":0,"mode":"bus","color":"#0059a9","colorDark":"#00294f","angle":55.7,"snapDist":0,"label":1}},{"type":"Feature","geometry":{"type":"Point","coordinates":[12.44394,55.795039]},"properties":{"name":"Furesøvej (Højdevej)","lines":"191","arr":["191"],"terminus":0,"mode":"bus","color":"#0059a9","colorDark":"#00294f","angle":154.3,"snapDist":1,"label":1}},{"type":"Feature","geometry":{"type":"Point","coordinates":[12.449447,55.796131]},"properties":{"name":"Arnevej (Højdevej)","lines":"191","arr":["191"],"terminus":0,"mode":"bus","color":"#0059a9","colorDark":"#00294f","angle":162.3,"snapDist":2,"label":1}},{"type":"Feature","geometry":{"type":"Point","coordinates":[12.453821,55.796936]},"properties":{"name":"Parcelvej (Højdevej)","lines":"191","arr":["191"],"terminus":0,"mode":"bus","color":"#0059a9","colorDark":"#00294f","angle":161.8,"snapDist":0,"label":1}},{"type":"Feature","geometry":{"type":"Point","coordinates":[12.453022,55.799706]},"properties":{"name":"Kildevældsvej (Parcelvej)","lines":"191","arr":["191"],"terminus":0,"mode":"bus","color":"#0059a9","colorDark":"#00294f","angle":72.7,"snapDist":1,"label":1}},{"type":"Feature","geometry":{"type":"Point","coordinates":[12.451731,55.801809]},"properties":{"name":"Vejlemosevej (Parcelvej)","lines":"191","arr":["191"],"terminus":0,"mode":"bus","color":"#0059a9","colorDark":"#00294f","angle":65.7,"snapDist":0,"label":1}},{"type":"Feature","geometry":{"type":"Point","coordinates":[12.449321,55.80794]},"properties":{"name":"Tesch Allé (Dronninggårds Allé)","lines":"191","arr":["191"],"terminus":0,"mode":"bus","color":"#0059a9","colorDark":"#00294f","angle":157,"snapDist":1,"label":1}},{"type":"Feature","geometry":{"type":"Point","coordinates":[12.457821,55.809626]},"properties":{"name":"Mosevej (Dronninggårds Allé)","lines":"191","arr":["191"],"terminus":0,"mode":"bus","color":"#0059a9","colorDark":"#00294f","angle":155.8,"snapDist":1,"label":1}},{"type":"Feature","geometry":{"type":"Point","coordinates":[12.463213,55.810859]},"properties":{"name":"Piils Skov (Dronninggårds Allé)","lines":"191","arr":["191"],"terminus":0,"mode":"bus","color":"#0059a9","colorDark":"#00294f","angle":168.8,"snapDist":0,"label":1}},{"type":"Feature","geometry":{"type":"Point","coordinates":[12.470539,55.811117]},"properties":{"name":"Holte Midtpunkt (Rønnebærvej)","lines":"191","arr":["191"],"terminus":0,"mode":"bus","color":"#0059a9","colorDark":"#00294f","angle":237.1,"snapDist":1,"label":1}},{"type":"Feature","geometry":{"type":"Point","coordinates":[12.469194,55.808131]},"properties":{"name":"Holte St.","lines":"191","arr":["191"],"terminus":0,"mode":"bus","color":"#0059a9","colorDark":"#00294f","angle":101.2,"snapDist":0,"label":0}},{"type":"Feature","geometry":{"type":"Point","coordinates":[12.472066,55.810836]},"properties":{"name":"Holte Midtpunkt (Holte Stationsvej)","lines":"191","arr":["191"],"terminus":0,"mode":"bus","color":"#0059a9","colorDark":"#00294f","angle":146.7,"snapDist":2,"label":0}},{"type":"Feature","geometry":{"type":"Point","coordinates":[12.475699,55.811712]},"properties":{"name":"Rudersdal Rådhus (Vangebovej)","lines":"191","arr":["191"],"terminus":0,"mode":"bus","color":"#0059a9","colorDark":"#00294f","angle":247.3,"snapDist":3,"label":1}},{"type":"Feature","geometry":{"type":"Point","coordinates":[12.481058,55.810446]},"properties":{"name":"Søvej (Vangebovej)","lines":"191","arr":["191"],"terminus":0,"mode":"bus","color":"#0059a9","colorDark":"#00294f","angle":180.2,"snapDist":1,"label":1}},{"type":"Feature","geometry":{"type":"Point","coordinates":[12.492686,55.811858]},"properties":{"name":"Solvej (Søllerødvej)","lines":"191","arr":["191"],"terminus":0,"mode":"bus","color":"#0059a9","colorDark":"#00294f","angle":145.1,"snapDist":1,"label":1}},{"type":"Feature","geometry":{"type":"Point","coordinates":[12.496957,55.813467]},"properties":{"name":"Søllerød Kro (Søllerødvej)","lines":"191","arr":["191"],"terminus":0,"mode":"bus","color":"#0059a9","colorDark":"#00294f","angle":170.9,"snapDist":1,"label":1}},{"type":"Feature","geometry":{"type":"Point","coordinates":[12.503199,55.813408]},"properties":{"name":"Prins Frederiks Allé (Søllerødvej)","lines":"191","arr":["191"],"terminus":0,"mode":"bus","color":"#0059a9","colorDark":"#00294f","angle":184.8,"snapDist":0,"label":1}},{"type":"Feature","geometry":{"type":"Point","coordinates":[12.508236,55.812591]},"properties":{"name":"Attemosevej (Søllerødvej)","lines":"191","arr":["191"],"terminus":0,"mode":"bus","color":"#0059a9","colorDark":"#00294f","angle":192.2,"snapDist":0,"label":1}},{"type":"Feature","geometry":{"type":"Point","coordinates":[12.509501,55.810212]},"properties":{"name":"Vangebovej (Attemosevej)","lines":"191","arr":["191"],"terminus":0,"mode":"bus","color":"#0059a9","colorDark":"#00294f","angle":241.9,"snapDist":0,"label":1}},{"type":"Feature","geometry":{"type":"Point","coordinates":[12.512806,55.811762]},"properties":{"name":"Bergsøe Kollegiet (Skodsborgvej)","lines":"191, 193","arr":["191","193"],"terminus":0,"mode":"bus","color":"#0059a9","colorDark":"#00294f","angle":118.6,"snapDist":1,"label":1}},{"type":"Feature","geometry":{"type":"Point","coordinates":[12.517467,55.813723]},"properties":{"name":"Tovesvej (Skodsborgvej)","lines":"191, 193","arr":["191","193"],"terminus":0,"mode":"bus","color":"#0059a9","colorDark":"#00294f","angle":156.6,"snapDist":1,"label":1}},{"type":"Feature","geometry":{"type":"Point","coordinates":[12.528093,55.814829]},"properties":{"name":"Nærum St. (Skodsborgvej)","lines":"191, 193","arr":["191","193"],"terminus":0,"mode":"bus","color":"#0059a9","colorDark":"#00294f","angle":171.2,"snapDist":0,"label":1}},{"type":"Feature","geometry":{"type":"Point","coordinates":[12.538353,55.816613]},"properties":{"name":"Nærumgårdsvej (Skodsborgvej)","lines":"191","arr":["191"],"terminus":0,"mode":"bus","color":"#0059a9","colorDark":"#00294f","angle":141.5,"snapDist":0,"label":1}},{"type":"Feature","geometry":{"type":"Point","coordinates":[12.554751,55.820476]},"properties":{"name":"Blinde Allé (Skodsborgvej)","lines":"191","arr":["191"],"terminus":0,"mode":"bus","color":"#0059a9","colorDark":"#00294f","angle":163.7,"snapDist":0,"label":1}},{"type":"Feature","geometry":{"type":"Point","coordinates":[12.555695,55.820632]},"properties":{"name":"Blinde Allé (Skodsborgvej)","lines":"191","arr":["191"],"terminus":0,"mode":"bus","color":"#0059a9","colorDark":"#00294f","angle":343.7,"snapDist":1,"label":0}},{"type":"Feature","geometry":{"type":"Point","coordinates":[12.537264,55.816067]},"properties":{"name":"Nærumgårdsvej (Skodsborgvej)","lines":"191, 193","arr":["191","193"],"terminus":0,"mode":"bus","color":"#0059a9","colorDark":"#00294f","angle":324,"snapDist":2,"label":0}},{"type":"Feature","geometry":{"type":"Point","coordinates":[12.527262,55.814805]},"properties":{"name":"Nærum St. (Skodsborgvej)","lines":"191, 193","arr":["191","193"],"terminus":0,"mode":"bus","color":"#0059a9","colorDark":"#00294f","angle":351.9,"snapDist":0,"label":0}},{"type":"Feature","geometry":{"type":"Point","coordinates":[12.51729,55.813679]},"properties":{"name":"Tovesvej (Skodsborgvej)","lines":"191, 193","arr":["191","193"],"terminus":0,"mode":"bus","color":"#0059a9","colorDark":"#00294f","angle":335.6,"snapDist":0,"label":0}},{"type":"Feature","geometry":{"type":"Point","coordinates":[12.51288,55.811839]},"properties":{"name":"Bergsøe Kollegiet (Skodsborgvej)","lines":"191, 193","arr":["191","193"],"terminus":0,"mode":"bus","color":"#0059a9","colorDark":"#00294f","angle":298.6,"snapDist":1,"label":0}},{"type":"Feature","geometry":{"type":"Point","coordinates":[12.509632,55.810074]},"properties":{"name":"Vangebovej (Attemosevej)","lines":"191","arr":["191"],"terminus":0,"mode":"bus","color":"#0059a9","colorDark":"#00294f","angle":61.9,"snapDist":0,"label":0}},{"type":"Feature","geometry":{"type":"Point","coordinates":[12.507692,55.812694]},"properties":{"name":"Attemosevej (Søllerødvej)","lines":"191","arr":["191"],"terminus":0,"mode":"bus","color":"#0059a9","colorDark":"#00294f","angle":23.5,"snapDist":1,"label":0}},{"type":"Feature","geometry":{"type":"Point","coordinates":[12.504169,55.813341]},"properties":{"name":"Prins Frederiks Allé (Søllerødvej)","lines":"191","arr":["191"],"terminus":0,"mode":"bus","color":"#0059a9","colorDark":"#00294f","angle":14.1,"snapDist":1,"label":0}},{"type":"Feature","geometry":{"type":"Point","coordinates":[12.497473,55.813514]},"properties":{"name":"Søllerød Kro (Søllerødvej)","lines":"191","arr":["191"],"terminus":0,"mode":"bus","color":"#0059a9","colorDark":"#00294f","angle":351,"snapDist":1,"label":0}},{"type":"Feature","geometry":{"type":"Point","coordinates":[12.493208,55.812063]},"properties":{"name":"Solvej (Søllerødvej)","lines":"191","arr":["191"],"terminus":0,"mode":"bus","color":"#0059a9","colorDark":"#00294f","angle":324.6,"snapDist":1,"label":0}},{"type":"Feature","geometry":{"type":"Point","coordinates":[12.480419,55.810446]},"properties":{"name":"Søvej (Vangebovej)","lines":"191","arr":["191"],"terminus":0,"mode":"bus","color":"#0059a9","colorDark":"#00294f","angle":359.9,"snapDist":1,"label":0}},{"type":"Feature","geometry":{"type":"Point","coordinates":[12.475677,55.811911]},"properties":{"name":"Rudersdal Rådhus (Vangebovej)","lines":"191","arr":["191"],"terminus":0,"mode":"bus","color":"#0059a9","colorDark":"#00294f","angle":68,"snapDist":4,"label":0}},{"type":"Feature","geometry":{"type":"Point","coordinates":[12.471584,55.810734]},"properties":{"name":"Holte Midtpunkt (Holte Stationsvej)","lines":"191","arr":["191"],"terminus":0,"mode":"bus","color":"#0059a9","colorDark":"#00294f","angle":327.2,"snapDist":0,"label":0}},{"type":"Feature","geometry":{"type":"Point","coordinates":[12.470421,55.81122]},"properties":{"name":"Holte Midtpunkt (Rønnebærvej)","lines":"191","arr":["191"],"terminus":0,"mode":"bus","color":"#0059a9","colorDark":"#00294f","angle":57.1,"snapDist":1,"label":0}},{"type":"Feature","geometry":{"type":"Point","coordinates":[12.463711,55.810914]},"properties":{"name":"Piils Skov (Dronninggårds Allé)","lines":"191","arr":["191"],"terminus":0,"mode":"bus","color":"#0059a9","colorDark":"#00294f","angle":349.1,"snapDist":0,"label":0}},{"type":"Feature","geometry":{"type":"Point","coordinates":[12.457711,55.809598]},"properties":{"name":"Mosevej (Dronninggårds Allé)","lines":"191","arr":["191"],"terminus":0,"mode":"bus","color":"#0059a9","colorDark":"#00294f","angle":335.8,"snapDist":1,"label":0}},{"type":"Feature","geometry":{"type":"Point","coordinates":[12.449045,55.807874]},"properties":{"name":"Tesch Allé (Dronninggårds Allé)","lines":"191","arr":["191"],"terminus":0,"mode":"bus","color":"#0059a9","colorDark":"#00294f","angle":337,"snapDist":1,"label":0}},{"type":"Feature","geometry":{"type":"Point","coordinates":[12.452061,55.801359]},"properties":{"name":"Vejlemosevej (Parcelvej)","lines":"191","arr":["191"],"terminus":0,"mode":"bus","color":"#0059a9","colorDark":"#00294f","angle":249.3,"snapDist":0,"label":0}},{"type":"Feature","geometry":{"type":"Point","coordinates":[12.453341,55.79913]},"properties":{"name":"Kildevældsvej (Parcelvej)","lines":"191","arr":["191"],"terminus":0,"mode":"bus","color":"#0059a9","colorDark":"#00294f","angle":253.2,"snapDist":1,"label":0}},{"type":"Feature","geometry":{"type":"Point","coordinates":[12.45267,55.796723]},"properties":{"name":"Parcelvej (Højdevej)","lines":"191","arr":["191"],"terminus":0,"mode":"bus","color":"#0059a9","colorDark":"#00294f","angle":341.8,"snapDist":1,"label":0}},{"type":"Feature","geometry":{"type":"Point","coordinates":[12.449577,55.796154]},"properties":{"name":"Arnevej (Højdevej)","lines":"191","arr":["191"],"terminus":0,"mode":"bus","color":"#0059a9","colorDark":"#00294f","angle":341.9,"snapDist":2,"label":0}},{"type":"Feature","geometry":{"type":"Point","coordinates":[12.443844,55.795013]},"properties":{"name":"Furesøvej (Højdevej)","lines":"191","arr":["191"],"terminus":0,"mode":"bus","color":"#0059a9","colorDark":"#00294f","angle":334.3,"snapDist":1,"label":0}},{"type":"Feature","geometry":{"type":"Point","coordinates":[12.44596,55.792854]},"properties":{"name":"Søndervej (Furesøvej)","lines":"191","arr":["191"],"terminus":0,"mode":"bus","color":"#0059a9","colorDark":"#00294f","angle":235.7,"snapDist":0,"label":0}},{"type":"Feature","geometry":{"type":"Point","coordinates":[12.447454,55.791446]},"properties":{"name":"Furesø Parken (Furesøvej)","lines":"191","arr":["191"],"terminus":0,"mode":"bus","color":"#0059a9","colorDark":"#00294f","angle":250.8,"snapDist":1,"label":0}},{"type":"Feature","geometry":{"type":"Point","coordinates":[12.452853,55.791428]},"properties":{"name":"Virum Overdrevsvej (Furesø Parkvej)","lines":"191","arr":["191"],"terminus":0,"mode":"bus","color":"#0059a9","colorDark":"#00294f","angle":178.2,"snapDist":1,"label":0}},{"type":"Feature","geometry":{"type":"Point","coordinates":[12.458167,55.79219]},"properties":{"name":"Parcelvej (Frederiksdalsvej)","lines":"191","arr":["191"],"terminus":0,"mode":"bus","color":"#0059a9","colorDark":"#00294f","angle":126.8,"snapDist":1,"label":1}},{"type":"Feature","geometry":{"type":"Point","coordinates":[12.464918,55.79444]},"properties":{"name":"Kirkebakken (Frederiksdalsvej)","lines":"191","arr":["191"],"terminus":0,"mode":"bus","color":"#0059a9","colorDark":"#00294f","angle":167.1,"snapDist":1,"label":0}},{"type":"Feature","geometry":{"type":"Point","coordinates":[12.473494,55.789192]},"properties":{"name":"Virumvej (Grønnevej)","lines":"191","arr":["191"],"terminus":0,"mode":"bus","color":"#0059a9","colorDark":"#00294f","angle":261.7,"snapDist":1,"label":0}},{"type":"Feature","geometry":{"type":"Point","coordinates":[12.47616,55.786025]},"properties":{"name":"Sorgenfrivænget (Grønnevej)","lines":"191","arr":["191"],"terminus":0,"mode":"bus","color":"#0059a9","colorDark":"#00294f","angle":254.2,"snapDist":1,"label":0}},{"type":"Feature","geometry":{"type":"Point","coordinates":[12.477412,55.784192]},"properties":{"name":"Løvgårdsvej (Grønnevej)","lines":"191","arr":["191"],"terminus":0,"mode":"bus","color":"#0059a9","colorDark":"#00294f","angle":243.6,"snapDist":3,"label":0}},{"type":"Feature","geometry":{"type":"Point","coordinates":[12.480816,55.781415]},"properties":{"name":"Sorgenfri Torv (Grønnevej)","lines":"191","arr":["191"],"terminus":0,"mode":"bus","color":"#0059a9","colorDark":"#00294f","angle":229.2,"snapDist":0,"label":0}},{"type":"Feature","geometry":{"type":"Point","coordinates":[12.482942,55.781679]},"properties":{"name":"Sorgenfri St. (Hummeltoftevej)","lines":"191","arr":["191"],"terminus":0,"mode":"bus","color":"#0059a9","colorDark":"#00294f","angle":133.3,"snapDist":3,"label":0}},{"type":"Feature","geometry":{"type":"Point","coordinates":[12.489469,55.783518]},"properties":{"name":"Kongevejen (Skovbrynet)","lines":"191","arr":["191"],"terminus":0,"mode":"bus","color":"#0059a9","colorDark":"#00294f","angle":159.4,"snapDist":1,"label":0}},{"type":"Feature","geometry":{"type":"Point","coordinates":[12.498113,55.767242]},"properties":{"name":"Engelsborgvej (Buddingevej)","lines":"192","arr":["192"],"terminus":0,"mode":"bus","color":"#0059a9","colorDark":"#00294f","angle":294.8,"snapDist":1,"label":1}},{"type":"Feature","geometry":{"type":"Point","coordinates":[12.496382,55.764112]},"properties":{"name":"Christian X's Allé (Buddingevej)","lines":"192","arr":["192"],"terminus":0,"mode":"bus","color":"#0059a9","colorDark":"#00294f","angle":288.7,"snapDist":0,"label":1}},{"type":"Feature","geometry":{"type":"Point","coordinates":[12.499346,55.75699]},"properties":{"name":"Gammelmosevej St. (Gammelmosevej)","lines":"192","arr":["192"],"terminus":0,"mode":"bus","color":"#0059a9","colorDark":"#00294f","angle":329.3,"snapDist":1,"label":1}},{"type":"Feature","geometry":{"type":"Point","coordinates":[12.50656,55.757273]},"properties":{"name":"Mariebjergvej (Nybrovej)","lines":"192","arr":["192"],"terminus":0,"mode":"bus","color":"#0059a9","colorDark":"#00294f","angle":217.8,"snapDist":0,"label":1}},{"type":"Feature","geometry":{"type":"Point","coordinates":[12.510824,55.755601]},"properties":{"name":"Lagergårdsvej (Nybrovej)","lines":"192","arr":["192"],"terminus":0,"mode":"bus","color":"#0059a9","colorDark":"#00294f","angle":203.3,"snapDist":4,"label":1}},{"type":"Feature","geometry":{"type":"Point","coordinates":[12.519593,55.751673]},"properties":{"name":"Dan Turells Plads (Vangedevej)","lines":"192","arr":["192"],"terminus":0,"mode":"bus","color":"#0059a9","colorDark":"#00294f","angle":267.2,"snapDist":4,"label":1}},{"type":"Feature","geometry":{"type":"Point","coordinates":[12.52071,55.749369]},"properties":{"name":"Vangede, Ved Bommen (Vangedevej)","lines":"192","arr":["192"],"terminus":0,"mode":"bus","color":"#0059a9","colorDark":"#00294f","angle":244.4,"snapDist":6,"label":1}},{"type":"Feature","geometry":{"type":"Point","coordinates":[12.568029,55.730678]},"properties":{"name":"Hellerup St.","lines":"192","arr":["192"],"terminus":0,"mode":"bus","color":"#0059a9","colorDark":"#00294f","angle":302.3,"snapDist":2,"label":0}},{"type":"Feature","geometry":{"type":"Point","coordinates":[12.566127,55.741048]},"properties":{"name":"Tranegårdsvej (Hartmannsvej)","lines":"192","arr":["192"],"terminus":0,"mode":"bus","color":"#0059a9","colorDark":"#00294f","angle":71.6,"snapDist":1,"label":1}},{"type":"Feature","geometry":{"type":"Point","coordinates":[12.566124,55.743078]},"properties":{"name":"Vingårds Allé (Hartmannsvej)","lines":"192","arr":["192"],"terminus":0,"mode":"bus","color":"#0059a9","colorDark":"#00294f","angle":96.9,"snapDist":1,"label":1}},{"type":"Feature","geometry":{"type":"Point","coordinates":[12.571507,55.74558]},"properties":{"name":"Bregnegårdsvej (Maglemosevej)","lines":"192","arr":["192"],"terminus":0,"mode":"bus","color":"#0059a9","colorDark":"#00294f","angle":179.3,"snapDist":0,"label":1}},{"type":"Feature","geometry":{"type":"Point","coordinates":[12.576417,55.745168]},"properties":{"name":"Stigaardsvej (Maglemosevej)","lines":"192","arr":["192"],"terminus":0,"mode":"bus","color":"#0059a9","colorDark":"#00294f","angle":220.2,"snapDist":1,"label":1}},{"type":"Feature","geometry":{"type":"Point","coordinates":[12.580522,55.743098]},"properties":{"name":"Blidahpark (Maglemosevej)","lines":"192","arr":["192"],"terminus":0,"mode":"bus","color":"#0059a9","colorDark":"#00294f","angle":41.7,"snapDist":0,"label":1}},{"type":"Feature","geometry":{"type":"Point","coordinates":[12.577123,55.744832]},"properties":{"name":"Stigaardsvej (Maglemosevej)","lines":"192","arr":["192"],"terminus":0,"mode":"bus","color":"#0059a9","colorDark":"#00294f","angle":40.2,"snapDist":1,"label":0}},{"type":"Feature","geometry":{"type":"Point","coordinates":[12.570997,55.745577]},"properties":{"name":"Bregnegårdsvej (Maglemosevej)","lines":"192","arr":["192"],"terminus":0,"mode":"bus","color":"#0059a9","colorDark":"#00294f","angle":359.3,"snapDist":0,"label":0}},{"type":"Feature","geometry":{"type":"Point","coordinates":[12.566052,55.742712]},"properties":{"name":"Vingårds Allé (Hartmannsvej)","lines":"192","arr":["192"],"terminus":0,"mode":"bus","color":"#0059a9","colorDark":"#00294f","angle":276,"snapDist":1,"label":0}},{"type":"Feature","geometry":{"type":"Point","coordinates":[12.566338,55.740357]},"properties":{"name":"Tranegårdsvej (Hartmannsvej)","lines":"192","arr":["192"],"terminus":0,"mode":"bus","color":"#0059a9","colorDark":"#00294f","angle":279,"snapDist":1,"label":0}},{"type":"Feature","geometry":{"type":"Point","coordinates":[12.52008,55.750143]},"properties":{"name":"Vangede, Ved Bommen (Vangedevej)","lines":"192","arr":["192"],"terminus":0,"mode":"bus","color":"#0059a9","colorDark":"#00294f","angle":72.7,"snapDist":5,"label":0}},{"type":"Feature","geometry":{"type":"Point","coordinates":[12.510751,55.755699]},"properties":{"name":"Lagergårdsvej (Nybrovej)","lines":"192","arr":["192"],"terminus":0,"mode":"bus","color":"#0059a9","colorDark":"#00294f","angle":24.7,"snapDist":4,"label":0}},{"type":"Feature","geometry":{"type":"Point","coordinates":[12.506398,55.757344]},"properties":{"name":"Mariebjergvej (Nybrovej)","lines":"192","arr":["192"],"terminus":0,"mode":"bus","color":"#0059a9","colorDark":"#00294f","angle":37.8,"snapDist":1,"label":0}},{"type":"Feature","geometry":{"type":"Point","coordinates":[12.495279,55.75728]},"properties":{"name":"Gammelmosevej St. (Gammelmosevej)","lines":"192","arr":["192"],"terminus":0,"mode":"bus","color":"#0059a9","colorDark":"#00294f","angle":86.3,"snapDist":4,"label":1}},{"type":"Feature","geometry":{"type":"Point","coordinates":[12.496005,55.762772]},"properties":{"name":"Nybrovej (Buddingevej)","lines":"192","arr":["192"],"terminus":0,"mode":"bus","color":"#0059a9","colorDark":"#00294f","angle":103.6,"snapDist":1,"label":1}},{"type":"Feature","geometry":{"type":"Point","coordinates":[12.497137,55.76504]},"properties":{"name":"Christian X's Allé (Buddingevej)","lines":"192","arr":["192"],"terminus":0,"mode":"bus","color":"#0059a9","colorDark":"#00294f","angle":-75.6,"snapDist":11,"label":0}},{"type":"Feature","geometry":{"type":"Point","coordinates":[12.502446,55.768961]},"properties":{"name":"Lyngby St. (Jernbanepladsen)","lines":"192, 400S","arr":["192","400S"],"terminus":0,"mode":"bus","color":"#0059a9","colorDark":"#00294f","angle":215.2,"snapDist":2,"label":0}},{"type":"Feature","geometry":{"type":"Point","coordinates":[12.504347,55.768267]},"properties":{"name":"Lyngby St. (Jernbanepladsen)","lines":"193","arr":["193"],"terminus":1,"mode":"bus","color":"#0059a9","colorDark":"#00294f","angle":214.1,"snapDist":1,"label":0}},{"type":"Feature","geometry":{"type":"Point","coordinates":[12.50692,55.773155]},"properties":{"name":"Lyngby Lokal St. (Kanalvej)","lines":"193","arr":["193"],"terminus":0,"mode":"bus","color":"#0059a9","colorDark":"#00294f","angle":11.1,"snapDist":1,"label":1}},{"type":"Feature","geometry":{"type":"Point","coordinates":[12.505741,55.774841]},"properties":{"name":"Høstvej (Toftebæksvej)","lines":"193, 910","arr":["193","910"],"terminus":0,"mode":"bus","color":"#0059a9","colorDark":"#00294f","angle":99.2,"snapDist":1,"label":1}},{"type":"Feature","geometry":{"type":"Point","coordinates":[12.508482,55.776849]},"properties":{"name":"Sorgenfrigårdsvej (Carlshøjvej)","lines":"193","arr":["193"],"terminus":0,"mode":"bus","color":"#0059a9","colorDark":"#00294f","angle":161.9,"snapDist":0,"label":1}},{"type":"Feature","geometry":{"type":"Point","coordinates":[12.509015,55.778693]},"properties":{"name":"Lyngvej (Sorgenfrigårdsvej)","lines":"193","arr":["193"],"terminus":0,"mode":"bus","color":"#0059a9","colorDark":"#00294f","angle":6.8,"snapDist":0,"label":1}},{"type":"Feature","geometry":{"type":"Point","coordinates":[12.514434,55.786149]},"properties":{"name":"Fysikvej (Lundtoftevej)","lines":"193","arr":["193"],"terminus":0,"mode":"bus","color":"#0059a9","colorDark":"#00294f","angle":102,"snapDist":5,"label":1}},{"type":"Feature","geometry":{"type":"Point","coordinates":[12.504025,55.786557]},"properties":{"name":"Caroline Amalie Vej (Gyrithe Lemches Vej)","lines":"193","arr":["193"],"terminus":0,"mode":"bus","color":"#0059a9","colorDark":"#00294f","angle":1.6,"snapDist":1,"label":1}},{"type":"Feature","geometry":{"type":"Point","coordinates":[12.502351,55.790088]},"properties":{"name":"Borrebakken (Caroline Amalie Vej)","lines":"193","arr":["193"],"terminus":0,"mode":"bus","color":"#0059a9","colorDark":"#00294f","angle":96,"snapDist":1,"label":1}},{"type":"Feature","geometry":{"type":"Point","coordinates":[12.504623,55.791751]},"properties":{"name":"Lystoftebakken (Caroline Amalie Vej)","lines":"193","arr":["193"],"terminus":0,"mode":"bus","color":"#0059a9","colorDark":"#00294f","angle":88.6,"snapDist":1,"label":1}},{"type":"Feature","geometry":{"type":"Point","coordinates":[12.505531,55.793709]},"properties":{"name":"Brede Torv (Lystoftevej)","lines":"193, 910","arr":["193","910"],"terminus":0,"mode":"bus","color":"#0059a9","colorDark":"#00294f","angle":168.4,"snapDist":0,"label":1}},{"type":"Feature","geometry":{"type":"Point","coordinates":[12.512742,55.793909]},"properties":{"name":"Finlandsvej (Kulsviervej)","lines":"193","arr":["193"],"terminus":0,"mode":"bus","color":"#0059a9","colorDark":"#00294f","angle":100.9,"snapDist":1,"label":1}},{"type":"Feature","geometry":{"type":"Point","coordinates":[12.513627,55.796475]},"properties":{"name":"Norgesvej (Kulsviervej)","lines":"193","arr":["193"],"terminus":0,"mode":"bus","color":"#0059a9","colorDark":"#00294f","angle":101,"snapDist":0,"label":1}},{"type":"Feature","geometry":{"type":"Point","coordinates":[12.502243,55.80437]},"properties":{"name":"Mothsvej (Skodsborgvej)","lines":"193","arr":["193"],"terminus":0,"mode":"bus","color":"#0059a9","colorDark":"#00294f","angle":132.1,"snapDist":0,"label":1}},{"type":"Feature","geometry":{"type":"Point","coordinates":[12.501091,55.807623]},"properties":{"name":"Stevnsbovej (Mothsvej)","lines":"193","arr":["193"],"terminus":0,"mode":"bus","color":"#0059a9","colorDark":"#00294f","angle":76.7,"snapDist":1,"label":1}},{"type":"Feature","geometry":{"type":"Point","coordinates":[12.500152,55.809737]},"properties":{"name":"Vangebovej (Mothsvej)","lines":"193","arr":["193"],"terminus":0,"mode":"bus","color":"#0059a9","colorDark":"#00294f","angle":76,"snapDist":1,"label":1}},{"type":"Feature","geometry":{"type":"Point","coordinates":[12.503371,55.8098]},"properties":{"name":"Søllerød Park Vest (Vangebovej)","lines":"193","arr":["193"],"terminus":0,"mode":"bus","color":"#0059a9","colorDark":"#00294f","angle":196.2,"snapDist":0,"label":1}},{"type":"Feature","geometry":{"type":"Point","coordinates":[12.508634,55.809757]},"properties":{"name":"Søllerød Park Øst (Vangebovej)","lines":"193","arr":["193"],"terminus":0,"mode":"bus","color":"#0059a9","colorDark":"#00294f","angle":178.2,"snapDist":0,"label":1}},{"type":"Feature","geometry":{"type":"Point","coordinates":[12.537595,55.816898]},"properties":{"name":"Skodsborgvej (Nærumgårdsvej)","lines":"193","arr":["193"],"terminus":0,"mode":"bus","color":"#0059a9","colorDark":"#00294f","angle":76.7,"snapDist":0,"label":1}},{"type":"Feature","geometry":{"type":"Point","coordinates":[12.536928,55.820316]},"properties":{"name":"Nærum Hovedgade (Kirkeåsen)","lines":"193","arr":["193"],"terminus":0,"mode":"bus","color":"#0059a9","colorDark":"#00294f","angle":69,"snapDist":0,"label":1}},{"type":"Feature","geometry":{"type":"Point","coordinates":[12.539144,55.822807]},"properties":{"name":"Rundforbi Tennishal (Rundforbivej)","lines":"193","arr":["193"],"terminus":0,"mode":"bus","color":"#0059a9","colorDark":"#00294f","angle":149.9,"snapDist":1,"label":1}},{"type":"Feature","geometry":{"type":"Point","coordinates":[12.542058,55.824177]},"properties":{"name":"Skyttedal (Rundforbivej)","lines":"193","arr":["193"],"terminus":0,"mode":"bus","color":"#0059a9","colorDark":"#00294f","angle":133.4,"snapDist":0,"label":1}},{"type":"Feature","geometry":{"type":"Point","coordinates":[12.542914,55.826134]},"properties":{"name":"Rundforbi Stadion (Egebækvej)","lines":"193","arr":["193"],"terminus":0,"mode":"bus","color":"#0059a9","colorDark":"#00294f","angle":31.7,"snapDist":1,"label":1}},{"type":"Feature","geometry":{"type":"Point","coordinates":[12.531365,55.828637]},"properties":{"name":"Malmbergsvej (Egebækvej)","lines":"193","arr":["193"],"terminus":0,"mode":"bus","color":"#0059a9","colorDark":"#00294f","angle":343.7,"snapDist":2,"label":1}},{"type":"Feature","geometry":{"type":"Point","coordinates":[12.528123,55.828109]},"properties":{"name":"Mariehøjvej (Egebækvej)","lines":"193","arr":["193"],"terminus":0,"mode":"bus","color":"#0059a9","colorDark":"#00294f","angle":344,"snapDist":2,"label":1}},{"type":"Feature","geometry":{"type":"Point","coordinates":[12.522034,55.827123]},"properties":{"name":"Kikhanebakken (Egebækvej)","lines":"193","arr":["193"],"terminus":0,"mode":"bus","color":"#0059a9","colorDark":"#00294f","angle":344.2,"snapDist":0,"label":1}},{"type":"Feature","geometry":{"type":"Point","coordinates":[12.518627,55.82704]},"properties":{"name":"Pilekæret (Egebækvej)","lines":"193","arr":["193"],"terminus":0,"mode":"bus","color":"#0059a9","colorDark":"#00294f","angle":6.4,"snapDist":0,"label":1}},{"type":"Feature","geometry":{"type":"Point","coordinates":[12.530616,55.835934]},"properties":{"name":"Trørødskolen (Kohavevej)","lines":"193","arr":["193"],"terminus":0,"mode":"bus","color":"#0059a9","colorDark":"#00294f","angle":167.6,"snapDist":0,"label":1}},{"type":"Feature","geometry":{"type":"Point","coordinates":[12.53561,55.837397]},"properties":{"name":"Ellekrogen (Kohavevej)","lines":"193","arr":["193"],"terminus":0,"mode":"bus","color":"#0059a9","colorDark":"#00294f","angle":146.5,"snapDist":1,"label":1}},{"type":"Feature","geometry":{"type":"Point","coordinates":[12.538914,55.838284]},"properties":{"name":"Viekær (Kohavevej)","lines":"193","arr":["193"],"terminus":0,"mode":"bus","color":"#0059a9","colorDark":"#00294f","angle":169,"snapDist":0,"label":1}},{"type":"Feature","geometry":{"type":"Point","coordinates":[12.545182,55.839611]},"properties":{"name":"Trørød Torv (Trørødvej)","lines":"193","arr":["193"],"terminus":0,"mode":"bus","color":"#0059a9","colorDark":"#00294f","angle":132.1,"snapDist":1,"label":1}},{"type":"Feature","geometry":{"type":"Point","coordinates":[12.556884,55.838058]},"properties":{"name":"Frydenlunds Allé (Frydenlundsvej)","lines":"193","arr":["193"],"terminus":0,"mode":"bus","color":"#0059a9","colorDark":"#00294f","angle":187.3,"snapDist":0,"label":1}},{"type":"Feature","geometry":{"type":"Point","coordinates":[12.560276,55.837163]},"properties":{"name":"Frydenlund Park (Frydenlundsvej)","lines":"193","arr":["193"],"terminus":0,"mode":"bus","color":"#0059a9","colorDark":"#00294f","angle":220.4,"snapDist":1,"label":1}},{"type":"Feature","geometry":{"type":"Point","coordinates":[12.565519,55.836696]},"properties":{"name":"Kettebakken (Frydenlundsvej)","lines":"193","arr":["193"],"terminus":0,"mode":"bus","color":"#0059a9","colorDark":"#00294f","angle":157.1,"snapDist":0,"label":1}},{"type":"Feature","geometry":{"type":"Point","coordinates":[12.57243,55.838827]},"properties":{"name":"Enrumvej (Skodsborg Strandvej)","lines":"193","arr":["193"],"terminus":0,"mode":"bus","color":"#0059a9","colorDark":"#00294f","angle":98.2,"snapDist":1,"label":1}},{"type":"Feature","geometry":{"type":"Point","coordinates":[12.572731,55.841913]},"properties":{"name":"Enrumdammen (Skodsborg Strandvej)","lines":"193","arr":["193"],"terminus":0,"mode":"bus","color":"#0059a9","colorDark":"#00294f","angle":93,"snapDist":1,"label":1}},{"type":"Feature","geometry":{"type":"Point","coordinates":[12.57065,55.848515]},"properties":{"name":"Trørødvej (Vedbæk Strandvej)","lines":"193","arr":["193"],"terminus":0,"mode":"bus","color":"#0059a9","colorDark":"#00294f","angle":68.7,"snapDist":2,"label":1}},{"type":"Feature","geometry":{"type":"Point","coordinates":[12.569154,55.850546]},"properties":{"name":"Vedbæk Havn, Gøngehusvej (Vedbæk Strandvej)","lines":"193","arr":["193"],"terminus":0,"mode":"bus","color":"#0059a9","colorDark":"#00294f","angle":63.6,"snapDist":1,"label":1}},{"type":"Feature","geometry":{"type":"Point","coordinates":[12.566327,55.853732]},"properties":{"name":"Vedbæk Strandvej (Vedbæk Stationsvej)","lines":"193","arr":["193"],"terminus":0,"mode":"bus","color":"#0059a9","colorDark":"#00294f","angle":342.1,"snapDist":0,"label":1}},{"type":"Feature","geometry":{"type":"Point","coordinates":[12.563291,55.852339]},"properties":{"name":"Vedbæk St.","lines":"193","arr":["193"],"terminus":1,"mode":"bus","color":"#0059a9","colorDark":"#00294f","angle":265.7,"snapDist":1,"label":0}},{"type":"Feature","geometry":{"type":"Point","coordinates":[12.568727,55.851042]},"properties":{"name":"Vedbæk Havn, Gøngehusvej (Vedbæk Strandvej)","lines":"193","arr":["193"],"terminus":0,"mode":"bus","color":"#0059a9","colorDark":"#00294f","angle":247.5,"snapDist":2,"label":0}},{"type":"Feature","geometry":{"type":"Point","coordinates":[12.570374,55.848917]},"properties":{"name":"Trørødvej, Bakkehuset (Vedbæk Strandvej)","lines":"193","arr":["193"],"terminus":0,"mode":"bus","color":"#0059a9","colorDark":"#00294f","angle":249.5,"snapDist":1,"label":1}},{"type":"Feature","geometry":{"type":"Point","coordinates":[12.572724,55.84247]},"properties":{"name":"Enrumdammen (Vedbæk Strandvej)","lines":"193","arr":["193"],"terminus":0,"mode":"bus","color":"#0059a9","colorDark":"#00294f","angle":268.4,"snapDist":1,"label":1}},{"type":"Feature","geometry":{"type":"Point","coordinates":[12.571294,55.838361]},"properties":{"name":"Enrumvej","lines":"193","arr":["193"],"terminus":0,"mode":"bus","color":"#0059a9","colorDark":"#00294f","angle":354.4,"snapDist":1,"label":1}},{"type":"Feature","geometry":{"type":"Point","coordinates":[12.566597,55.836962]},"properties":{"name":"Kettebakken (Frydenlundsvej)","lines":"193","arr":["193"],"terminus":0,"mode":"bus","color":"#0059a9","colorDark":"#00294f","angle":336.6,"snapDist":0,"label":0}},{"type":"Feature","geometry":{"type":"Point","coordinates":[12.560563,55.837025]},"properties":{"name":"Frydenlund Park (Frydenlundsvej)","lines":"193","arr":["193"],"terminus":0,"mode":"bus","color":"#0059a9","colorDark":"#00294f","angle":40.4,"snapDist":0,"label":0}},{"type":"Feature","geometry":{"type":"Point","coordinates":[12.555799,55.838218]},"properties":{"name":"Frydenlunds Allé (Frydenlundsvej)","lines":"193","arr":["193"],"terminus":0,"mode":"bus","color":"#0059a9","colorDark":"#00294f","angle":18.4,"snapDist":1,"label":0}},{"type":"Feature","geometry":{"type":"Point","coordinates":[12.545028,55.8395]},"properties":{"name":"Trørød Torv (Trørødvej)","lines":"193","arr":["193"],"terminus":0,"mode":"bus","color":"#0059a9","colorDark":"#00294f","angle":306.4,"snapDist":1,"label":0}},{"type":"Feature","geometry":{"type":"Point","coordinates":[12.540571,55.83853]},"properties":{"name":"Viekær (Kohavevej)","lines":"193","arr":["193"],"terminus":0,"mode":"bus","color":"#0059a9","colorDark":"#00294f","angle":334.9,"snapDist":1,"label":0}},{"type":"Feature","geometry":{"type":"Point","coordinates":[12.535319,55.837285]},"properties":{"name":"Ellekrogen (Kohavevej)","lines":"193","arr":["193"],"terminus":0,"mode":"bus","color":"#0059a9","colorDark":"#00294f","angle":324.6,"snapDist":1,"label":0}},{"type":"Feature","geometry":{"type":"Point","coordinates":[12.529469,55.835993]},"properties":{"name":"Trørødskolen (Kohavevej)","lines":"193","arr":["193"],"terminus":0,"mode":"bus","color":"#0059a9","colorDark":"#00294f","angle":12.1,"snapDist":0,"label":0}},{"type":"Feature","geometry":{"type":"Point","coordinates":[12.515646,55.828525]},"properties":{"name":"Gammel Holtegaard (Attemosevej)","lines":"193","arr":["193"],"terminus":0,"mode":"bus","color":"#0059a9","colorDark":"#00294f","angle":257,"snapDist":0,"label":1}},{"type":"Feature","geometry":{"type":"Point","coordinates":[12.518531,55.827046]},"properties":{"name":"Pilekæret (Egebækvej)","lines":"193","arr":["193"],"terminus":0,"mode":"bus","color":"#0059a9","colorDark":"#00294f","angle":186.4,"snapDist":1,"label":0}},{"type":"Feature","geometry":{"type":"Point","coordinates":[12.521777,55.827082]},"properties":{"name":"Kikhanebakken (Egebækvej)","lines":"193","arr":["193"],"terminus":0,"mode":"bus","color":"#0059a9","colorDark":"#00294f","angle":164.2,"snapDist":0,"label":0}},{"type":"Feature","geometry":{"type":"Point","coordinates":[12.528095,55.828104]},"properties":{"name":"Mariehøjvej (Egebækvej)","lines":"193","arr":["193"],"terminus":0,"mode":"bus","color":"#0059a9","colorDark":"#00294f","angle":164,"snapDist":1,"label":0}},{"type":"Feature","geometry":{"type":"Point","coordinates":[12.531187,55.828608]},"properties":{"name":"Malmbergsvej (Egebækvej)","lines":"193","arr":["193"],"terminus":0,"mode":"bus","color":"#0059a9","colorDark":"#00294f","angle":163.7,"snapDist":2,"label":0}},{"type":"Feature","geometry":{"type":"Point","coordinates":[12.542963,55.826117]},"properties":{"name":"Rundforbi Stadion (Egebækvej)","lines":"193","arr":["193"],"terminus":0,"mode":"bus","color":"#0059a9","colorDark":"#00294f","angle":211.7,"snapDist":2,"label":0}},{"type":"Feature","geometry":{"type":"Point","coordinates":[12.542144,55.824228]},"properties":{"name":"Skyttedal (Rundforbivej)","lines":"193","arr":["193"],"terminus":0,"mode":"bus","color":"#0059a9","colorDark":"#00294f","angle":313.4,"snapDist":0,"label":0}},{"type":"Feature","geometry":{"type":"Point","coordinates":[12.539119,55.822798]},"properties":{"name":"Rundforbi Tennishal (Rundforbivej)","lines":"193","arr":["193"],"terminus":0,"mode":"bus","color":"#0059a9","colorDark":"#00294f","angle":329.9,"snapDist":0,"label":0}},{"type":"Feature","geometry":{"type":"Point","coordinates":[12.537016,55.820189]},"properties":{"name":"Nærum Hovedgade (Kirkeåsen)","lines":"193","arr":["193"],"terminus":0,"mode":"bus","color":"#0059a9","colorDark":"#00294f","angle":248.7,"snapDist":0,"label":0}},{"type":"Feature","geometry":{"type":"Point","coordinates":[12.507594,55.809722]},"properties":{"name":"Søllerød Park Øst (Vangebovej)","lines":"193","arr":["193"],"terminus":0,"mode":"bus","color":"#0059a9","colorDark":"#00294f","angle":356.4,"snapDist":0,"label":0}},{"type":"Feature","geometry":{"type":"Point","coordinates":[12.502554,55.809933]},"properties":{"name":"Søllerød Park Vest (Vangebovej)","lines":"193","arr":["193"],"terminus":0,"mode":"bus","color":"#0059a9","colorDark":"#00294f","angle":16,"snapDist":1,"label":0}},{"type":"Feature","geometry":{"type":"Point","coordinates":[12.500196,55.809638]},"properties":{"name":"Vangebovej (Mothsvej)","lines":"193","arr":["193"],"terminus":0,"mode":"bus","color":"#0059a9","colorDark":"#00294f","angle":256,"snapDist":1,"label":0}},{"type":"Feature","geometry":{"type":"Point","coordinates":[12.501067,55.807679]},"properties":{"name":"Stevnsbovej (Mothsvej)","lines":"193","arr":["193"],"terminus":0,"mode":"bus","color":"#0059a9","colorDark":"#00294f","angle":256.7,"snapDist":1,"label":0}},{"type":"Feature","geometry":{"type":"Point","coordinates":[12.501932,55.804165]},"properties":{"name":"Mothsvej (Skodsborgvej)","lines":"193","arr":["193"],"terminus":0,"mode":"bus","color":"#0059a9","colorDark":"#00294f","angle":310,"snapDist":0,"label":0}},{"type":"Feature","geometry":{"type":"Point","coordinates":[12.513621,55.796457]},"properties":{"name":"Norgesvej (Kulsviervej)","lines":"193","arr":["193"],"terminus":0,"mode":"bus","color":"#0059a9","colorDark":"#00294f","angle":281,"snapDist":1,"label":0}},{"type":"Feature","geometry":{"type":"Point","coordinates":[12.512697,55.793777]},"properties":{"name":"Finlandsvej (Kulsviervej)","lines":"193","arr":["193"],"terminus":0,"mode":"bus","color":"#0059a9","colorDark":"#00294f","angle":280.9,"snapDist":0,"label":0}},{"type":"Feature","geometry":{"type":"Point","coordinates":[12.505353,55.793689]},"properties":{"name":"Brede Torv (Lystoftevej)","lines":"193, 910","arr":["193","910"],"terminus":0,"mode":"bus","color":"#0059a9","colorDark":"#00294f","angle":348.4,"snapDist":0,"label":0}},{"type":"Feature","geometry":{"type":"Point","coordinates":[12.502311,55.789874]},"properties":{"name":"Borrebakken (Caroline Amalie Vej)","lines":"193","arr":["193"],"terminus":0,"mode":"bus","color":"#0059a9","colorDark":"#00294f","angle":276,"snapDist":0,"label":0}},{"type":"Feature","geometry":{"type":"Point","coordinates":[12.503308,55.786568]},"properties":{"name":"Caroline Amalie Vej (Gyrithe Lemches Vej)","lines":"193","arr":["193"],"terminus":0,"mode":"bus","color":"#0059a9","colorDark":"#00294f","angle":181.5,"snapDist":0,"label":0}},{"type":"Feature","geometry":{"type":"Point","coordinates":[12.51394,55.785457]},"properties":{"name":"Fysikvej (Lundtoftevej)","lines":"193, 300S","arr":["193","300S"],"terminus":0,"mode":"bus","color":"#0059a9","colorDark":"#00294f","angle":300.7,"snapDist":3,"label":0}},{"type":"Feature","geometry":{"type":"Point","coordinates":[12.508999,55.778694]},"properties":{"name":"Lyngvej (Sorgenfrigårdsvej)","lines":"193","arr":["193"],"terminus":0,"mode":"bus","color":"#0059a9","colorDark":"#00294f","angle":186.8,"snapDist":0,"label":0}},{"type":"Feature","geometry":{"type":"Point","coordinates":[12.510495,55.777241]},"properties":{"name":"Sorgenfrigårdsvej (Carlshøjvej)","lines":"193","arr":["193"],"terminus":0,"mode":"bus","color":"#0059a9","colorDark":"#00294f","angle":340.6,"snapDist":0,"label":0}},{"type":"Feature","geometry":{"type":"Point","coordinates":[12.505933,55.775279]},"properties":{"name":"Høstvej (Toftebæksvej)","lines":"193, 910","arr":["193","910"],"terminus":0,"mode":"bus","color":"#0059a9","colorDark":"#00294f","angle":291.5,"snapDist":1,"label":0}},{"type":"Feature","geometry":{"type":"Point","coordinates":[12.50581,55.773224]},"properties":{"name":"Lyngby Lokal St. (Kanalvej)","lines":"193","arr":["193"],"terminus":0,"mode":"bus","color":"#0059a9","colorDark":"#00294f","angle":184,"snapDist":3,"label":0}},{"type":"Feature","geometry":{"type":"Point","coordinates":[12.504912,55.768052]},"properties":{"name":"Lyngby St.","lines":"193","arr":["193"],"terminus":1,"mode":"bus","color":"#0059a9","colorDark":"#00294f","angle":214.1,"snapDist":1,"label":0}},{"type":"Feature","geometry":{"type":"Point","coordinates":[12.48667,55.790179]},"properties":{"name":"Kongsvænget (Bredevej)","lines":"194","arr":["194"],"terminus":0,"mode":"bus","color":"#0059a9","colorDark":"#00294f","angle":71.5,"snapDist":1,"label":1}},{"type":"Feature","geometry":{"type":"Point","coordinates":[12.489963,55.793083]},"properties":{"name":"Fyrrevang (Bredevej)","lines":"194","arr":["194"],"terminus":0,"mode":"bus","color":"#0059a9","colorDark":"#00294f","angle":157.8,"snapDist":0,"label":0}},{"type":"Feature","geometry":{"type":"Point","coordinates":[12.49332,55.796226]},"properties":{"name":"Lindevangen (Bredevej)","lines":"194","arr":["194"],"terminus":0,"mode":"bus","color":"#0059a9","colorDark":"#00294f","angle":94.3,"snapDist":2,"label":0}},{"type":"Feature","geometry":{"type":"Point","coordinates":[12.487599,55.788484]},"properties":{"name":"Virumvej (Kongevejen)","lines":"194","arr":["194"],"terminus":0,"mode":"bus","color":"#0059a9","colorDark":"#00294f","angle":251.4,"snapDist":0,"label":0}},{"type":"Feature","geometry":{"type":"Point","coordinates":[12.502359,55.768996]},"properties":{"name":"Lyngby St.","lines":"194","arr":["194"],"terminus":0,"mode":"bus","color":"#0059a9","colorDark":"#00294f","angle":218.3,"snapDist":1,"label":0}},{"type":"Feature","geometry":{"type":"Point","coordinates":[12.504545,55.768422]},"properties":{"name":"Lyngby St. (Gammel Jernbanevej)","lines":"194","arr":["194"],"terminus":1,"mode":"bus","color":"#0059a9","colorDark":"#00294f","angle":34.1,"snapDist":2,"label":1}},{"type":"Feature","geometry":{"type":"Point","coordinates":[12.49373,55.746989]},"properties":{"name":"Buddinge St.","lines":"200S","arr":["200S"],"terminus":1,"mode":"bus","color":"#0059a9","colorDark":"#00294f","angle":192.5,"snapDist":1,"label":0}},{"type":"Feature","geometry":{"type":"Point","coordinates":[12.487649,55.740621]},"properties":{"name":"Gladsaxevej (Gladsaxe Ringvej)","lines":"200S, 300S","arr":["200S","300S"],"terminus":0,"mode":"bus","color":"#0059a9","colorDark":"#00294f","angle":338.5,"snapDist":0,"label":0}},{"type":"Feature","geometry":{"type":"Point","coordinates":[12.471611,55.722321]},"properties":{"name":"Stavnsbjerg Allé (Mørkhøjvej)","lines":"200S","arr":["200S"],"terminus":0,"mode":"bus","color":"#0059a9","colorDark":"#00294f","angle":277.2,"snapDist":1,"label":1}},{"type":"Feature","geometry":{"type":"Point","coordinates":[12.456318,55.66991]},"properties":{"name":"Roskildevej (Avedøre Havnevej)","lines":"200S","arr":["200S"],"terminus":0,"mode":"bus","color":"#0059a9","colorDark":"#00294f","angle":276.4,"snapDist":2,"label":1}},{"type":"Feature","geometry":{"type":"Point","coordinates":[12.459643,55.665017]},"properties":{"name":"Rødovre St.","lines":"200S","arr":["200S"],"terminus":0,"mode":"bus","color":"#0059a9","colorDark":"#00294f","angle":181.2,"snapDist":1,"label":0}},{"type":"Feature","geometry":{"type":"Point","coordinates":[12.454511,55.661393]},"properties":{"name":"Rebæk Søpark (Avedøre Havnevej)","lines":"200S","arr":["200S"],"terminus":0,"mode":"bus","color":"#0059a9","colorDark":"#00294f","angle":276.7,"snapDist":0,"label":1}},{"type":"Feature","geometry":{"type":"Point","coordinates":[12.454349,55.657397]},"properties":{"name":"Park Allé (Avedøre Havnevej)","lines":"200S","arr":["200S"],"terminus":0,"mode":"bus","color":"#0059a9","colorDark":"#00294f","angle":264.6,"snapDist":0,"label":1}},{"type":"Feature","geometry":{"type":"Point","coordinates":[12.474217,55.610473]},"properties":{"name":"Industriholmen (Valseholmen)","lines":"200S","arr":["200S"],"terminus":0,"mode":"bus","color":"#0059a9","colorDark":"#00294f","angle":187,"snapDist":2,"label":1}},{"type":"Feature","geometry":{"type":"Point","coordinates":[12.482854,55.628666]},"properties":{"name":"Friheden St.","lines":"200S","arr":["200S"],"terminus":0,"mode":"bus","color":"#0059a9","colorDark":"#00294f","angle":343.7,"snapDist":1,"label":0}},{"type":"Feature","geometry":{"type":"Point","coordinates":[12.461065,55.645714]},"properties":{"name":"Hvidovre Hospital, Kollegiet (Avedøre Havnevej)","lines":"200S","arr":["200S"],"terminus":0,"mode":"bus","color":"#0059a9","colorDark":"#00294f","angle":70.6,"snapDist":1,"label":1}},{"type":"Feature","geometry":{"type":"Point","coordinates":[12.454439,55.658473]},"properties":{"name":"Park Allé (Avedøre Havnevej)","lines":"200S","arr":["200S"],"terminus":0,"mode":"bus","color":"#0059a9","colorDark":"#00294f","angle":87.6,"snapDist":1,"label":0}},{"type":"Feature","geometry":{"type":"Point","coordinates":[12.454799,55.661917]},"properties":{"name":"Rebæk Søpark (Avedøre Havnevej)","lines":"200S","arr":["200S"],"terminus":0,"mode":"bus","color":"#0059a9","colorDark":"#00294f","angle":96.9,"snapDist":2,"label":0}},{"type":"Feature","geometry":{"type":"Point","coordinates":[12.471574,55.722159]},"properties":{"name":"Stavnsbjerg Allé, Rosenlund (Mørkhøjvej)","lines":"200S","arr":["200S"],"terminus":0,"mode":"bus","color":"#0059a9","colorDark":"#00294f","angle":97.2,"snapDist":1,"label":1}},{"type":"Feature","geometry":{"type":"Point","coordinates":[12.670346,55.593614]},"properties":{"name":"Dragør Skole (Vestgrønningen)","lines":"250S","arr":["250S"],"terminus":0,"mode":"bus","color":"#0059a9","colorDark":"#00294f","angle":271.7,"snapDist":0,"label":1}},{"type":"Feature","geometry":{"type":"Point","coordinates":[12.665474,55.587308]},"properties":{"name":"Idrætsstien (Søndre Strandvej)","lines":"250S","arr":["250S"],"terminus":0,"mode":"bus","color":"#0059a9","colorDark":"#00294f","angle":305.1,"snapDist":1,"label":1}},{"type":"Feature","geometry":{"type":"Point","coordinates":[12.657132,55.584044]},"properties":{"name":"Vierdiget (Krudttårnsvej)","lines":"250S","arr":["250S"],"terminus":0,"mode":"bus","color":"#0059a9","colorDark":"#00294f","angle":36.4,"snapDist":1,"label":1}},{"type":"Feature","geometry":{"type":"Point","coordinates":[12.65185,55.584347]},"properties":{"name":"Hollændervænget (Krudttårnsvej)","lines":"250S","arr":["250S"],"terminus":0,"mode":"bus","color":"#0059a9","colorDark":"#00294f","angle":354.5,"snapDist":0,"label":1}},{"type":"Feature","geometry":{"type":"Point","coordinates":[12.646424,55.584052]},"properties":{"name":"Søndre Røsevej (Krudttårnsvej)","lines":"250S","arr":["250S"],"terminus":0,"mode":"bus","color":"#0059a9","colorDark":"#00294f","angle":354.5,"snapDist":0,"label":1}},{"type":"Feature","geometry":{"type":"Point","coordinates":[12.641284,55.583773]},"properties":{"name":"Mågevænget (Krudttårnsvej)","lines":"250S","arr":["250S"],"terminus":0,"mode":"bus","color":"#0059a9","colorDark":"#00294f","angle":354.5,"snapDist":1,"label":1}},{"type":"Feature","geometry":{"type":"Point","coordinates":[12.608745,55.616063]},"properties":{"name":"Ingstrup Allé (Englandsvej)","lines":"250S","arr":["250S"],"terminus":0,"mode":"bus","color":"#0059a9","colorDark":"#00294f","angle":56.3,"snapDist":2,"label":1}},{"type":"Feature","geometry":{"type":"Point","coordinates":[12.605728,55.618952]},"properties":{"name":"Brønderslev Allé (Englandsvej)","lines":"250S","arr":["250S"],"terminus":0,"mode":"bus","color":"#0059a9","colorDark":"#00294f","angle":66.6,"snapDist":1,"label":1}},{"type":"Feature","geometry":{"type":"Point","coordinates":[12.540866,55.688297]},"properties":{"name":"Jagtvej (Ågade)","lines":"250S","arr":["250S"],"terminus":0,"mode":"bus","color":"#0059a9","colorDark":"#00294f","angle":61.1,"snapDist":2,"label":1}},{"type":"Feature","geometry":{"type":"Point","coordinates":[12.538878,55.691484]},"properties":{"name":"Borups Plads","lines":"250S","arr":["250S"],"terminus":0,"mode":"bus","color":"#0059a9","colorDark":"#00294f","angle":79.2,"snapDist":1,"label":1}},{"type":"Feature","geometry":{"type":"Point","coordinates":[12.538287,55.694962]},"properties":{"name":"Høsterkøbgade (Lundtoftegade)","lines":"250S","arr":["250S"],"terminus":0,"mode":"bus","color":"#0059a9","colorDark":"#00294f","angle":91,"snapDist":1,"label":1}},{"type":"Feature","geometry":{"type":"Point","coordinates":[12.516326,55.706689]},"properties":{"name":"Bellahøj (Frederikssundsvej)","lines":"250S","arr":["250S"],"terminus":0,"mode":"bus","color":"#0059a9","colorDark":"#00294f","angle":359.4,"snapDist":0,"label":0}},{"type":"Feature","geometry":{"type":"Point","coordinates":[12.508646,55.709454]},"properties":{"name":"Mellemvangen (Hareskovvej)","lines":"250S","arr":["250S"],"terminus":0,"mode":"bus","color":"#0059a9","colorDark":"#00294f","angle":41.3,"snapDist":0,"label":1}},{"type":"Feature","geometry":{"type":"Point","coordinates":[12.487932,55.724458]},"properties":{"name":"Hillerødmotorvejen, Tingbjerg (Hillerødmotorvejen)","lines":"250S","arr":["250S"],"terminus":0,"mode":"bus","color":"#0059a9","colorDark":"#00294f","angle":39,"snapDist":6,"label":1}},{"type":"Feature","geometry":{"type":"Point","coordinates":[12.455622,55.749827]},"properties":{"name":"Snogebakken (Krogshøjvej)","lines":"250S","arr":["250S"],"terminus":0,"mode":"bus","color":"#0059a9","colorDark":"#00294f","angle":99.2,"snapDist":1,"label":1}},{"type":"Feature","geometry":{"type":"Point","coordinates":[12.456339,55.753341]},"properties":{"name":"Smørmosevej (Krogshøjvej)","lines":"250S","arr":["250S"],"terminus":0,"mode":"bus","color":"#0059a9","colorDark":"#00294f","angle":86.8,"snapDist":0,"label":1}},{"type":"Feature","geometry":{"type":"Point","coordinates":[12.448202,55.754002]},"properties":{"name":"Brudelysvej (Smørmosevej)","lines":"250S","arr":["250S"],"terminus":0,"mode":"bus","color":"#0059a9","colorDark":"#00294f","angle":3.4,"snapDist":0,"label":1}},{"type":"Feature","geometry":{"type":"Point","coordinates":[12.448823,55.753979]},"properties":{"name":"Brudelysvej (Smørmosevej)","lines":"250S","arr":["250S"],"terminus":0,"mode":"bus","color":"#0059a9","colorDark":"#00294f","angle":184.1,"snapDist":0,"label":0}},{"type":"Feature","geometry":{"type":"Point","coordinates":[12.456344,55.753296]},"properties":{"name":"Smørmosevej (Krogshøjvej)","lines":"250S","arr":["250S"],"terminus":0,"mode":"bus","color":"#0059a9","colorDark":"#00294f","angle":265,"snapDist":1,"label":0}},{"type":"Feature","geometry":{"type":"Point","coordinates":[12.455334,55.748829]},"properties":{"name":"Snogebakken (Krogshøjvej)","lines":"250S","arr":["250S"],"terminus":0,"mode":"bus","color":"#0059a9","colorDark":"#00294f","angle":279.3,"snapDist":0,"label":0}},{"type":"Feature","geometry":{"type":"Point","coordinates":[12.474901,55.737498]},"properties":{"name":"Gladsaxe Trafikplads (Gladsaxe Møllevej)","lines":"250S","arr":["250S"],"terminus":0,"mode":"bus","color":"#0059a9","colorDark":"#00294f","angle":250.1,"snapDist":8,"label":0}},{"type":"Feature","geometry":{"type":"Point","coordinates":[12.487846,55.724347]},"properties":{"name":"Hillerødmotorvejen, Tingbjerg (Hillerødmotorvejen)","lines":"250S","arr":["250S"],"terminus":0,"mode":"bus","color":"#0059a9","colorDark":"#00294f","angle":220.1,"snapDist":4,"label":0}},{"type":"Feature","geometry":{"type":"Point","coordinates":[12.509197,55.709049]},"properties":{"name":"Mellemvangen (Hareskovvej)","lines":"250S","arr":["250S"],"terminus":0,"mode":"bus","color":"#0059a9","colorDark":"#00294f","angle":212.7,"snapDist":2,"label":0}},{"type":"Feature","geometry":{"type":"Point","coordinates":[12.538257,55.694297]},"properties":{"name":"Høsterkøbgade (Lundtoftegade)","lines":"250S","arr":["250S"],"terminus":0,"mode":"bus","color":"#0059a9","colorDark":"#00294f","angle":269.8,"snapDist":1,"label":0}},{"type":"Feature","geometry":{"type":"Point","coordinates":[12.538809,55.691685]},"properties":{"name":"Borups Plads (Lundtoftegade)","lines":"250S","arr":["250S"],"terminus":0,"mode":"bus","color":"#0059a9","colorDark":"#00294f","angle":259.2,"snapDist":1,"label":1}},{"type":"Feature","geometry":{"type":"Point","coordinates":[12.542006,55.687362]},"properties":{"name":"Jagtvej (Ågade)","lines":"250S","arr":["250S"],"terminus":0,"mode":"bus","color":"#0059a9","colorDark":"#00294f","angle":217.3,"snapDist":1,"label":0}},{"type":"Feature","geometry":{"type":"Point","coordinates":[12.604635,55.6228]},"properties":{"name":"Løjtegårdsvej (Englandsvej)","lines":"250S","arr":["250S"],"terminus":0,"mode":"bus","color":"#0059a9","colorDark":"#00294f","angle":265.1,"snapDist":5,"label":0}},{"type":"Feature","geometry":{"type":"Point","coordinates":[12.606365,55.618118]},"properties":{"name":"Brønderslev Allé (Englandsvej)","lines":"250S","arr":["250S"],"terminus":0,"mode":"bus","color":"#0059a9","colorDark":"#00294f","angle":246.8,"snapDist":2,"label":0}},{"type":"Feature","geometry":{"type":"Point","coordinates":[12.608946,55.615893]},"properties":{"name":"Ingstrup Allé (Englandsvej)","lines":"250S","arr":["250S"],"terminus":0,"mode":"bus","color":"#0059a9","colorDark":"#00294f","angle":236.6,"snapDist":1,"label":0}},{"type":"Feature","geometry":{"type":"Point","coordinates":[12.637615,55.583573]},"properties":{"name":"Store Magleby Strandvej (Krudttårnsvej)","lines":"250S","arr":["250S"],"terminus":0,"mode":"bus","color":"#0059a9","colorDark":"#00294f","angle":174.4,"snapDist":1,"label":1}},{"type":"Feature","geometry":{"type":"Point","coordinates":[12.642721,55.583851]},"properties":{"name":"Mågevænget (Krudttårnsvej)","lines":"250S","arr":["250S"],"terminus":0,"mode":"bus","color":"#0059a9","colorDark":"#00294f","angle":174.5,"snapDist":1,"label":0}},{"type":"Feature","geometry":{"type":"Point","coordinates":[12.647462,55.584109]},"properties":{"name":"Søndre Røsevej (Krudttårnsvej)","lines":"250S","arr":["250S"],"terminus":0,"mode":"bus","color":"#0059a9","colorDark":"#00294f","angle":174.5,"snapDist":0,"label":0}},{"type":"Feature","geometry":{"type":"Point","coordinates":[12.651484,55.584327]},"properties":{"name":"Hollændervænget (Krudttårnsvej)","lines":"250S","arr":["250S"],"terminus":0,"mode":"bus","color":"#0059a9","colorDark":"#00294f","angle":174.5,"snapDist":0,"label":0}},{"type":"Feature","geometry":{"type":"Point","coordinates":[12.657773,55.583702]},"properties":{"name":"Vierdiget (Krudttårnsvej)","lines":"250S","arr":["250S"],"terminus":0,"mode":"bus","color":"#0059a9","colorDark":"#00294f","angle":229.2,"snapDist":0,"label":0}},{"type":"Feature","geometry":{"type":"Point","coordinates":[12.66542,55.587265]},"properties":{"name":"Idrætsstien (Søndre Strandvej)","lines":"250S","arr":["250S"],"terminus":0,"mode":"bus","color":"#0059a9","colorDark":"#00294f","angle":125.1,"snapDist":1,"label":0}},{"type":"Feature","geometry":{"type":"Point","coordinates":[12.67031,55.593021]},"properties":{"name":"Dragør Skole (Vestgrønningen)","lines":"250S","arr":["250S"],"terminus":0,"mode":"bus","color":"#0059a9","colorDark":"#00294f","angle":92.2,"snapDist":0,"label":0}},{"type":"Feature","geometry":{"type":"Point","coordinates":[12.529398,55.794034]},"properties":{"name":"Lundtofte, Lundtofteparken (Lundtoftegårdsvej)","lines":"300S","arr":["300S"],"terminus":1,"mode":"bus","color":"#0059a9","colorDark":"#00294f","angle":275.2,"snapDist":3,"label":1}},{"type":"Feature","geometry":{"type":"Point","coordinates":[12.50377,55.768661]},"properties":{"name":"Lyngby St.","lines":"300S","arr":["300S"],"terminus":0,"mode":"bus","color":"#0059a9","colorDark":"#00294f","angle":25.8,"snapDist":1,"label":0}},{"type":"Feature","geometry":{"type":"Point","coordinates":[12.494863,55.755776]},"properties":{"name":"Gammelmosevej (Buddingevej)","lines":"300S","arr":["300S"],"terminus":0,"mode":"bus","color":"#0059a9","colorDark":"#00294f","angle":269.8,"snapDist":3,"label":1}},{"type":"Feature","geometry":{"type":"Point","coordinates":[12.495018,55.750492]},"properties":{"name":"Snogegårdsvej (Buddingevej)","lines":"300S","arr":["300S"],"terminus":0,"mode":"bus","color":"#0059a9","colorDark":"#00294f","angle":272.5,"snapDist":2,"label":1}},{"type":"Feature","geometry":{"type":"Point","coordinates":[12.494651,55.746506]},"properties":{"name":"Buddinge St. (Buddingevej)","lines":"300S","arr":["300S"],"terminus":0,"mode":"bus","color":"#0059a9","colorDark":"#00294f","angle":280.6,"snapDist":4,"label":0}},{"type":"Feature","geometry":{"type":"Point","coordinates":[12.47547,55.738299]},"properties":{"name":"Gladsaxe Trafikplads (Gladsaxe Ringvej)","lines":"300S","arr":["300S"],"terminus":0,"mode":"bus","color":"#0059a9","colorDark":"#00294f","angle":346,"snapDist":0,"label":1}},{"type":"Feature","geometry":{"type":"Point","coordinates":[12.45998,55.735069]},"properties":{"name":"Dynamovej (Gladsaxe Ringvej)","lines":"300S","arr":["300S"],"terminus":0,"mode":"bus","color":"#0059a9","colorDark":"#00294f","angle":333.3,"snapDist":0,"label":1}},{"type":"Feature","geometry":{"type":"Point","coordinates":[12.447643,55.731477]},"properties":{"name":"Herlev Hospital (Herlev Ringvej)","lines":"300S","arr":["300S"],"terminus":0,"mode":"bus","color":"#0059a9","colorDark":"#00294f","angle":325.2,"snapDist":1,"label":1}},{"type":"Feature","geometry":{"type":"Point","coordinates":[12.441189,55.72358]},"properties":{"name":"Herlev Bymidte (Herlev Ringvej)","lines":"300S","arr":["300S"],"terminus":0,"mode":"bus","color":"#0059a9","colorDark":"#00294f","angle":282.4,"snapDist":2,"label":1}},{"type":"Feature","geometry":{"type":"Point","coordinates":[12.438556,55.716954]},"properties":{"name":"Mileparken (Herlev Ringvej)","lines":"300S","arr":["300S"],"terminus":0,"mode":"bus","color":"#0059a9","colorDark":"#00294f","angle":293.6,"snapDist":2,"label":1}},{"type":"Feature","geometry":{"type":"Point","coordinates":[12.435448,55.713734]},"properties":{"name":"Lyskær (Nordre Ringvej)","lines":"300S","arr":["300S"],"terminus":0,"mode":"bus","color":"#0059a9","colorDark":"#00294f","angle":302.8,"snapDist":3,"label":1}},{"type":"Feature","geometry":{"type":"Point","coordinates":[12.435805,55.713687]},"properties":{"name":"Lyskær (Nordre Ringvej)","lines":"300S","arr":["300S"],"terminus":0,"mode":"bus","color":"#0059a9","colorDark":"#00294f","angle":121.3,"snapDist":1,"label":0}},{"type":"Feature","geometry":{"type":"Point","coordinates":[12.4395,55.717717]},"properties":{"name":"Mileparken (Herlev Ringvej)","lines":"300S","arr":["300S"],"terminus":0,"mode":"bus","color":"#0059a9","colorDark":"#00294f","angle":106.8,"snapDist":1,"label":0}},{"type":"Feature","geometry":{"type":"Point","coordinates":[12.441139,55.722137]},"properties":{"name":"Herlev Bymidte (Herlev Ringvej)","lines":"300S","arr":["300S"],"terminus":0,"mode":"bus","color":"#0059a9","colorDark":"#00294f","angle":100.1,"snapDist":0,"label":0}},{"type":"Feature","geometry":{"type":"Point","coordinates":[12.445746,55.730172]},"properties":{"name":"Herlev Hospital (Herlev Ringvej)","lines":"300S","arr":["300S"],"terminus":0,"mode":"bus","color":"#0059a9","colorDark":"#00294f","angle":137.3,"snapDist":0,"label":0}},{"type":"Feature","geometry":{"type":"Point","coordinates":[12.458206,55.734312]},"properties":{"name":"Dynamovej (Gladsaxe Ringvej)","lines":"300S","arr":["300S"],"terminus":0,"mode":"bus","color":"#0059a9","colorDark":"#00294f","angle":160.2,"snapDist":0,"label":0}},{"type":"Feature","geometry":{"type":"Point","coordinates":[12.475639,55.738021]},"properties":{"name":"Gladsaxe Trafikplads (Gladsaxe Ringvej)","lines":"300S","arr":["300S"],"terminus":0,"mode":"bus","color":"#0059a9","colorDark":"#00294f","angle":159.9,"snapDist":0,"label":0}},{"type":"Feature","geometry":{"type":"Point","coordinates":[12.495391,55.747729]},"properties":{"name":"Buddinge St. (Buddingevej)","lines":"300S","arr":["300S"],"terminus":0,"mode":"bus","color":"#0059a9","colorDark":"#00294f","angle":97,"snapDist":3,"label":0}},{"type":"Feature","geometry":{"type":"Point","coordinates":[12.495356,55.750582]},"properties":{"name":"Snogegårdsvej (Buddingevej)","lines":"300S","arr":["300S"],"terminus":0,"mode":"bus","color":"#0059a9","colorDark":"#00294f","angle":95.3,"snapDist":1,"label":0}},{"type":"Feature","geometry":{"type":"Point","coordinates":[12.495281,55.757266]},"properties":{"name":"Gammelmosevej (Buddingevej)","lines":"300S","arr":["300S"],"terminus":0,"mode":"bus","color":"#0059a9","colorDark":"#00294f","angle":86.3,"snapDist":8,"label":0}},{"type":"Feature","geometry":{"type":"Point","coordinates":[12.504355,55.768264]},"properties":{"name":"Lyngby St.","lines":"300S","arr":["300S"],"terminus":0,"mode":"bus","color":"#0059a9","colorDark":"#00294f","angle":214.1,"snapDist":1,"label":0}},{"type":"Feature","geometry":{"type":"Point","coordinates":[12.515578,55.786376]},"properties":{"name":"Fysikvej (Anker Engelunds Vej)","lines":"300S","arr":["300S"],"terminus":0,"mode":"bus","color":"#0059a9","colorDark":"#00294f","angle":171.1,"snapDist":5,"label":1}},{"type":"Feature","geometry":{"type":"Point","coordinates":[12.527321,55.787459]},"properties":{"name":"Rævehøjvej, DTU (Lundtoftegårdsvej)","lines":"300S","arr":["300S"],"terminus":0,"mode":"bus","color":"#0059a9","colorDark":"#00294f","angle":102.4,"snapDist":0,"label":0}},{"type":"Feature","geometry":{"type":"Point","coordinates":[12.358312,55.730175]},"properties":{"name":"Ballerup St. (Banegårdspladsen)","lines":"350S, 400S, 500S","arr":["350S","400S","500S"],"terminus":1,"mode":"bus","color":"#0059a9","colorDark":"#00294f","angle":307.3,"snapDist":0,"label":0}},{"type":"Feature","geometry":{"type":"Point","coordinates":[12.357814,55.723522]},"properties":{"name":"Psykiatrisk Center Ballerup (Ballerup Boulevard)","lines":"350S, 834","arr":["350S","834"],"terminus":0,"mode":"bus","color":"#0059a9","colorDark":"#00294f","angle":185.6,"snapDist":1,"label":1}},{"type":"Feature","geometry":{"type":"Point","coordinates":[12.363262,55.723285]},"properties":{"name":"Ring 4 (Ballerup Boulevard)","lines":"350S, 834","arr":["350S","834"],"terminus":0,"mode":"bus","color":"#0059a9","colorDark":"#00294f","angle":191.2,"snapDist":2,"label":1}},{"type":"Feature","geometry":{"type":"Point","coordinates":[12.377236,55.722075]},"properties":{"name":"Tempovej (Ballerup Boulevard)","lines":"350S, 834","arr":["350S","834"],"terminus":0,"mode":"bus","color":"#0059a9","colorDark":"#00294f","angle":187.5,"snapDist":1,"label":1}},{"type":"Feature","geometry":{"type":"Point","coordinates":[12.397064,55.730046]},"properties":{"name":"DTU Ballerup Campus (Lautrupvang)","lines":"350S","arr":["350S"],"terminus":0,"mode":"bus","color":"#0059a9","colorDark":"#00294f","angle":290.4,"snapDist":3,"label":1}},{"type":"Feature","geometry":{"type":"Point","coordinates":[12.409935,55.726045]},"properties":{"name":"Torvevej (Skovlunde Byvej)","lines":"350S","arr":["350S"],"terminus":0,"mode":"bus","color":"#0059a9","colorDark":"#00294f","angle":185.5,"snapDist":1,"label":1}},{"type":"Feature","geometry":{"type":"Point","coordinates":[12.421585,55.725343]},"properties":{"name":"Virkeholm (Herlev Hovedgade)","lines":"350S","arr":["350S"],"terminus":0,"mode":"bus","color":"#0059a9","colorDark":"#00294f","angle":186.3,"snapDist":0,"label":1}},{"type":"Feature","geometry":{"type":"Point","coordinates":[12.514967,55.706617]},"properties":{"name":"Bellahøj (Frederikssundsvej)","lines":"350S","arr":["350S"],"terminus":0,"mode":"bus","color":"#0059a9","colorDark":"#00294f","angle":351.3,"snapDist":0,"label":0}},{"type":"Feature","geometry":{"type":"Point","coordinates":[12.427474,55.725107]},"properties":{"name":"Marielundvej (Herlev Hovedgade)","lines":"350S","arr":["350S"],"terminus":0,"mode":"bus","color":"#0059a9","colorDark":"#00294f","angle":3.8,"snapDist":1,"label":0}},{"type":"Feature","geometry":{"type":"Point","coordinates":[12.420531,55.725517]},"properties":{"name":"Virkeholm (Herlev Hovedgade)","lines":"350S","arr":["350S"],"terminus":0,"mode":"bus","color":"#0059a9","colorDark":"#00294f","angle":5.4,"snapDist":1,"label":0}},{"type":"Feature","geometry":{"type":"Point","coordinates":[12.408773,55.726234]},"properties":{"name":"Torvevej (Skovlunde Byvej)","lines":"350S","arr":["350S"],"terminus":0,"mode":"bus","color":"#0059a9","colorDark":"#00294f","angle":5.5,"snapDist":0,"label":0}},{"type":"Feature","geometry":{"type":"Point","coordinates":[12.396224,55.730681]},"properties":{"name":"DTU Ballerup Campus (Lautrupvang)","lines":"350S","arr":["350S"],"terminus":0,"mode":"bus","color":"#0059a9","colorDark":"#00294f","angle":20.7,"snapDist":0,"label":0}},{"type":"Feature","geometry":{"type":"Point","coordinates":[12.376061,55.722293]},"properties":{"name":"Tempovej (Ballerup Boulevard)","lines":"350S, 834","arr":["350S","834"],"terminus":0,"mode":"bus","color":"#0059a9","colorDark":"#00294f","angle":7.4,"snapDist":0,"label":0}},{"type":"Feature","geometry":{"type":"Point","coordinates":[12.364927,55.723238]},"properties":{"name":"Ring 4 (Ballerup Boulevard)","lines":"350S, 834","arr":["350S","834"],"terminus":0,"mode":"bus","color":"#0059a9","colorDark":"#00294f","angle":7.6,"snapDist":0,"label":0}},{"type":"Feature","geometry":{"type":"Point","coordinates":[12.481371,55.815808]},"properties":{"name":"Kirsebær Allé (Vestre Paradisvej)","lines":"385","arr":["385"],"terminus":0,"mode":"bus","color":"#0059a9","colorDark":"#00294f","angle":80.5,"snapDist":1,"label":1}},{"type":"Feature","geometry":{"type":"Point","coordinates":[12.481663,55.818585]},"properties":{"name":"Rudersdalsvej (Vestre Paradisvej)","lines":"385","arr":["385"],"terminus":0,"mode":"bus","color":"#0059a9","colorDark":"#00294f","angle":111.5,"snapDist":0,"label":1}},{"type":"Feature","geometry":{"type":"Point","coordinates":[12.481568,55.821809]},"properties":{"name":"Paradishegnet (Vestre Paradisvej)","lines":"385","arr":["385"],"terminus":0,"mode":"bus","color":"#0059a9","colorDark":"#00294f","angle":75.4,"snapDist":0,"label":1}},{"type":"Feature","geometry":{"type":"Point","coordinates":[12.480572,55.824461]},"properties":{"name":"Nordre Paradisvej (Vestre Paradisvej)","lines":"385","arr":["385"],"terminus":0,"mode":"bus","color":"#0059a9","colorDark":"#00294f","angle":87,"snapDist":0,"label":1}},{"type":"Feature","geometry":{"type":"Point","coordinates":[12.480811,55.82695]},"properties":{"name":"Vestre Paradisvej (Borgmester Schneiders Vej)","lines":"385","arr":["385"],"terminus":0,"mode":"bus","color":"#0059a9","colorDark":"#00294f","angle":167.4,"snapDist":0,"label":1}},{"type":"Feature","geometry":{"type":"Point","coordinates":[12.487291,55.826773]},"properties":{"name":"Søterrassen (Borgmester Schneiders Vej)","lines":"385","arr":["385"],"terminus":0,"mode":"bus","color":"#0059a9","colorDark":"#00294f","angle":196.7,"snapDist":1,"label":1}},{"type":"Feature","geometry":{"type":"Point","coordinates":[12.48955,55.823245]},"properties":{"name":"Skovlyskolen (Borgmester Schneiders Vej)","lines":"385","arr":["385"],"terminus":0,"mode":"bus","color":"#0059a9","colorDark":"#00294f","angle":264.8,"snapDist":0,"label":1}},{"type":"Feature","geometry":{"type":"Point","coordinates":[12.490691,55.820476]},"properties":{"name":"Skovlytoften (Borgmester Schneiders Vej)","lines":"385","arr":["385"],"terminus":0,"mode":"bus","color":"#0059a9","colorDark":"#00294f","angle":238.1,"snapDist":1,"label":1}},{"type":"Feature","geometry":{"type":"Point","coordinates":[12.469072,55.807786]},"properties":{"name":"Holte St.","lines":"385","arr":["385"],"terminus":0,"mode":"bus","color":"#0059a9","colorDark":"#00294f","angle":101.2,"snapDist":1,"label":0}},{"type":"Feature","geometry":{"type":"Point","coordinates":[12.470702,55.810336]},"properties":{"name":"Rønnebærvej (Holte Stationsvej)","lines":"385","arr":["385"],"terminus":0,"mode":"bus","color":"#0059a9","colorDark":"#00294f","angle":146.7,"snapDist":0,"label":1}},{"type":"Feature","geometry":{"type":"Point","coordinates":[12.469504,55.816105]},"properties":{"name":"Holte Skole (Kongevejen)","lines":"385","arr":["385"],"terminus":0,"mode":"bus","color":"#0059a9","colorDark":"#00294f","angle":68.1,"snapDist":2,"label":1}},{"type":"Feature","geometry":{"type":"Point","coordinates":[12.467136,55.819459]},"properties":{"name":"Rudersdalsvej (Kongevejen)","lines":"385","arr":["385"],"terminus":0,"mode":"bus","color":"#0059a9","colorDark":"#00294f","angle":69.5,"snapDist":1,"label":1}},{"type":"Feature","geometry":{"type":"Point","coordinates":[12.463906,55.823017]},"properties":{"name":"Rudegårds Allé (Kongevejen)","lines":"385","arr":["385"],"terminus":0,"mode":"bus","color":"#0059a9","colorDark":"#00294f","angle":49.8,"snapDist":6,"label":1}},{"type":"Feature","geometry":{"type":"Point","coordinates":[12.461933,55.825428]},"properties":{"name":"Holte Hallerne (Kongevejen)","lines":"385","arr":["385"],"terminus":0,"mode":"bus","color":"#0059a9","colorDark":"#00294f","angle":75.1,"snapDist":0,"label":1}},{"type":"Feature","geometry":{"type":"Point","coordinates":[12.459942,55.828934]},"properties":{"name":"Kongevejen 489 (Kongevejen)","lines":"385","arr":["385"],"terminus":0,"mode":"bus","color":"#0059a9","colorDark":"#00294f","angle":71.3,"snapDist":2,"label":1}},{"type":"Feature","geometry":{"type":"Point","coordinates":[12.455849,55.833812]},"properties":{"name":"Birkerød Kongevej 4 (Birkerød Kongevej)","lines":"385","arr":["385"],"terminus":0,"mode":"bus","color":"#0059a9","colorDark":"#00294f","angle":48.6,"snapDist":0,"label":1}},{"type":"Feature","geometry":{"type":"Point","coordinates":[12.452084,55.836236]},"properties":{"name":"Skovrødvej (Birkerød Kongevej)","lines":"385","arr":["385"],"terminus":0,"mode":"bus","color":"#0059a9","colorDark":"#00294f","angle":48.1,"snapDist":2,"label":1}},{"type":"Feature","geometry":{"type":"Point","coordinates":[12.441506,55.840304]},"properties":{"name":"Søndervangen (Birkerød Kongevej)","lines":"385","arr":["385"],"terminus":0,"mode":"bus","color":"#0059a9","colorDark":"#00294f","angle":43.4,"snapDist":1,"label":1}},{"type":"Feature","geometry":{"type":"Point","coordinates":[12.43893,55.84169]},"properties":{"name":"Ravnsnæsvej (Birkerød Kongevej)","lines":"385","arr":["385"],"terminus":0,"mode":"bus","color":"#0059a9","colorDark":"#00294f","angle":43.8,"snapDist":1,"label":1}},{"type":"Feature","geometry":{"type":"Point","coordinates":[12.434073,55.844296]},"properties":{"name":"Birkerød Hovedgade (Birkerød Kongevej)","lines":"385","arr":["385"],"terminus":0,"mode":"bus","color":"#0059a9","colorDark":"#00294f","angle":44.1,"snapDist":2,"label":1}},{"type":"Feature","geometry":{"type":"Point","coordinates":[12.428433,55.847333]},"properties":{"name":"Bakkevej (Birkerød Kongevej)","lines":"385","arr":["385"],"terminus":0,"mode":"bus","color":"#0059a9","colorDark":"#00294f","angle":43.7,"snapDist":1,"label":1}},{"type":"Feature","geometry":{"type":"Point","coordinates":[12.424793,55.849308]},"properties":{"name":"Kajerødvej (Birkerød Kongevej)","lines":"385","arr":["385"],"terminus":0,"mode":"bus","color":"#0059a9","colorDark":"#00294f","angle":41,"snapDist":0,"label":1}},{"type":"Feature","geometry":{"type":"Point","coordinates":[12.418612,55.852249]},"properties":{"name":"Byagervej (Birkerød Kongevej)","lines":"385","arr":["385"],"terminus":0,"mode":"bus","color":"#0059a9","colorDark":"#00294f","angle":33.9,"snapDist":0,"label":1}},{"type":"Feature","geometry":{"type":"Point","coordinates":[12.402163,55.85831]},"properties":{"name":"Høveltevej (Kongevejen)","lines":"385","arr":["385"],"terminus":0,"mode":"bus","color":"#0059a9","colorDark":"#00294f","angle":32.9,"snapDist":2,"label":1}},{"type":"Feature","geometry":{"type":"Point","coordinates":[12.386814,55.863959]},"properties":{"name":"Blovstrød Byvej (Kongevejen)","lines":"385","arr":["385"],"terminus":0,"mode":"bus","color":"#0059a9","colorDark":"#00294f","angle":40.2,"snapDist":2,"label":1}},{"type":"Feature","geometry":{"type":"Point","coordinates":[12.381401,55.865646]},"properties":{"name":"Sortemosevej, Niras (Sortemosevej)","lines":"385","arr":["385"],"terminus":0,"mode":"bus","color":"#0059a9","colorDark":"#00294f","angle":330.5,"snapDist":0,"label":1}},{"type":"Feature","geometry":{"type":"Point","coordinates":[12.373516,55.865297]},"properties":{"name":"Allerød Privatskole (Sortemosevej)","lines":"385","arr":["385"],"terminus":0,"mode":"bus","color":"#0059a9","colorDark":"#00294f","angle":6.3,"snapDist":1,"label":1}},{"type":"Feature","geometry":{"type":"Point","coordinates":[12.361787,55.868987]},"properties":{"name":"Sortemosevej (Banevang)","lines":"385","arr":["385"],"terminus":0,"mode":"bus","color":"#0059a9","colorDark":"#00294f","angle":40.2,"snapDist":1,"label":1}},{"type":"Feature","geometry":{"type":"Point","coordinates":[12.356028,55.871154]},"properties":{"name":"Allerød St.","lines":"385","arr":["385"],"terminus":1,"mode":"bus","color":"#0059a9","colorDark":"#00294f","angle":63.1,"snapDist":3,"label":1}},{"type":"Feature","geometry":{"type":"Point","coordinates":[12.356299,55.870962]},"properties":{"name":"Allerød St.","lines":"385","arr":["385"],"terminus":1,"mode":"bus","color":"#0059a9","colorDark":"#00294f","angle":242.4,"snapDist":3,"label":0}},{"type":"Feature","geometry":{"type":"Point","coordinates":[12.361564,55.86907]},"properties":{"name":"Nymøllevej (Banevang)","lines":"385","arr":["385"],"terminus":0,"mode":"bus","color":"#0059a9","colorDark":"#00294f","angle":212.6,"snapDist":0,"label":1}},{"type":"Feature","geometry":{"type":"Point","coordinates":[12.373993,55.865265]},"properties":{"name":"Allerød Privatskole (Sortemosevej)","lines":"385","arr":["385"],"terminus":0,"mode":"bus","color":"#0059a9","colorDark":"#00294f","angle":186.8,"snapDist":0,"label":0}},{"type":"Feature","geometry":{"type":"Point","coordinates":[12.382721,55.865963]},"properties":{"name":"Sortemosevej, Niras (Sortemosevej)","lines":"385","arr":["385"],"terminus":0,"mode":"bus","color":"#0059a9","colorDark":"#00294f","angle":149.1,"snapDist":0,"label":0}},{"type":"Feature","geometry":{"type":"Point","coordinates":[12.387927,55.863503]},"properties":{"name":"Blovstrød Byvej (Kongevejen)","lines":"385","arr":["385"],"terminus":0,"mode":"bus","color":"#0059a9","colorDark":"#00294f","angle":213.7,"snapDist":2,"label":0}},{"type":"Feature","geometry":{"type":"Point","coordinates":[12.404838,55.857186]},"properties":{"name":"Høveltevej (Kongevejen)","lines":"385","arr":["385"],"terminus":0,"mode":"bus","color":"#0059a9","colorDark":"#00294f","angle":213.5,"snapDist":1,"label":0}},{"type":"Feature","geometry":{"type":"Point","coordinates":[12.418689,55.85222]},"properties":{"name":"Byagervej (Birkerød Kongevej)","lines":"385","arr":["385"],"terminus":0,"mode":"bus","color":"#0059a9","colorDark":"#00294f","angle":213.9,"snapDist":0,"label":0}},{"type":"Feature","geometry":{"type":"Point","coordinates":[12.425652,55.848828]},"properties":{"name":"Kajerødvej (Birkerød Kongevej)","lines":"385","arr":["385"],"terminus":0,"mode":"bus","color":"#0059a9","colorDark":"#00294f","angle":223.7,"snapDist":1,"label":0}},{"type":"Feature","geometry":{"type":"Point","coordinates":[12.428759,55.847158]},"properties":{"name":"Bakkevej (Birkerød Kongevej)","lines":"385","arr":["385"],"terminus":0,"mode":"bus","color":"#0059a9","colorDark":"#00294f","angle":223.7,"snapDist":2,"label":0}},{"type":"Feature","geometry":{"type":"Point","coordinates":[12.434233,55.844207]},"properties":{"name":"Birkerød Hovedgade (Birkerød Kongevej)","lines":"385","arr":["385"],"terminus":0,"mode":"bus","color":"#0059a9","colorDark":"#00294f","angle":225.3,"snapDist":3,"label":0}},{"type":"Feature","geometry":{"type":"Point","coordinates":[12.438775,55.841773]},"properties":{"name":"Ravnsnæsvej (Birkerød Kongevej)","lines":"385","arr":["385"],"terminus":0,"mode":"bus","color":"#0059a9","colorDark":"#00294f","angle":223.8,"snapDist":1,"label":0}},{"type":"Feature","geometry":{"type":"Point","coordinates":[12.44175,55.840172]},"properties":{"name":"Søndervangen (Birkerød Kongevej)","lines":"385","arr":["385"],"terminus":0,"mode":"bus","color":"#0059a9","colorDark":"#00294f","angle":224.6,"snapDist":1,"label":0}},{"type":"Feature","geometry":{"type":"Point","coordinates":[12.453182,55.835527]},"properties":{"name":"Skovrødvej (Birkerød Kongevej)","lines":"385","arr":["385"],"terminus":0,"mode":"bus","color":"#0059a9","colorDark":"#00294f","angle":229.4,"snapDist":1,"label":0}},{"type":"Feature","geometry":{"type":"Point","coordinates":[12.45538,55.834112]},"properties":{"name":"Birkerød Kongevej 4 (Birkerød Kongevej)","lines":"385","arr":["385"],"terminus":0,"mode":"bus","color":"#0059a9","colorDark":"#00294f","angle":228.6,"snapDist":0,"label":0}},{"type":"Feature","geometry":{"type":"Point","coordinates":[12.459722,55.829301]},"properties":{"name":"Kongevejen 489 (Kongevejen)","lines":"385","arr":["385"],"terminus":0,"mode":"bus","color":"#0059a9","colorDark":"#00294f","angle":251.3,"snapDist":2,"label":0}},{"type":"Feature","geometry":{"type":"Point","coordinates":[12.461607,55.826087]},"properties":{"name":"Vasevej (Kongevejen)","lines":"385","arr":["385"],"terminus":0,"mode":"bus","color":"#0059a9","colorDark":"#00294f","angle":252.5,"snapDist":1,"label":1}},{"type":"Feature","geometry":{"type":"Point","coordinates":[12.463257,55.823474]},"properties":{"name":"Holte Hallerne (Kongevejen)","lines":"385","arr":["385"],"terminus":0,"mode":"bus","color":"#0059a9","colorDark":"#00294f","angle":233.8,"snapDist":2,"label":1}},{"type":"Feature","geometry":{"type":"Point","coordinates":[12.465005,55.822187]},"properties":{"name":"Landsevej (Kongevejen)","lines":"385","arr":["385"],"terminus":0,"mode":"bus","color":"#0059a9","colorDark":"#00294f","angle":241.1,"snapDist":0,"label":1}},{"type":"Feature","geometry":{"type":"Point","coordinates":[12.466746,55.819682]},"properties":{"name":"Rudersdalsvej (Kongevejen)","lines":"385","arr":["385"],"terminus":0,"mode":"bus","color":"#0059a9","colorDark":"#00294f","angle":248,"snapDist":0,"label":0}},{"type":"Feature","geometry":{"type":"Point","coordinates":[12.470029,55.814947]},"properties":{"name":"Holte Skole (Kongevejen)","lines":"385","arr":["385"],"terminus":0,"mode":"bus","color":"#0059a9","colorDark":"#00294f","angle":249.6,"snapDist":1,"label":0}},{"type":"Feature","geometry":{"type":"Point","coordinates":[12.50436,55.768262]},"properties":{"name":"Lyngby St.","lines":"400S, 910","arr":["400S","910"],"terminus":1,"mode":"bus","color":"#0059a9","colorDark":"#00294f","angle":214.1,"snapDist":1,"label":0}},{"type":"Feature","geometry":{"type":"Point","coordinates":[12.411632,55.754312]},"properties":{"name":"Åvej, Ring 4 (Ring 4)","lines":"400S","arr":["400S"],"terminus":0,"mode":"bus","color":"#0059a9","colorDark":"#00294f","angle":328.4,"snapDist":6,"label":1}},{"type":"Feature","geometry":{"type":"Point","coordinates":[12.387351,55.743302]},"properties":{"name":"Nordbuen (Ring 4)","lines":"400S","arr":["400S"],"terminus":0,"mode":"bus","color":"#0059a9","colorDark":"#00294f","angle":314.6,"snapDist":2,"label":1}},{"type":"Feature","geometry":{"type":"Point","coordinates":[12.380163,55.738235]},"properties":{"name":"Digterparken (Ring 4)","lines":"400S","arr":["400S"],"terminus":0,"mode":"bus","color":"#0059a9","colorDark":"#00294f","angle":303.5,"snapDist":0,"label":1}},{"type":"Feature","geometry":{"type":"Point","coordinates":[12.373509,55.732417]},"properties":{"name":"Ring 4 (Ballerup Byvej)","lines":"400S","arr":["400S"],"terminus":0,"mode":"bus","color":"#0059a9","colorDark":"#00294f","angle":36.7,"snapDist":2,"label":1}},{"type":"Feature","geometry":{"type":"Point","coordinates":[12.356071,55.723099]},"properties":{"name":"Psykiatrisk Center Ballerup (Hold-an Vej)","lines":"400S, 500S","arr":["400S","500S"],"terminus":0,"mode":"bus","color":"#0059a9","colorDark":"#00294f","angle":274.7,"snapDist":0,"label":0}},{"type":"Feature","geometry":{"type":"Point","coordinates":[12.269712,55.648489]},"properties":{"name":"Høje Taastrup St.","lines":"400S","arr":["400S"],"terminus":0,"mode":"bus","color":"#0059a9","colorDark":"#00294f","angle":259,"snapDist":0,"label":0}},{"type":"Feature","geometry":{"type":"Point","coordinates":[12.27952,55.646826]},"properties":{"name":"City 2 (Bornholms Allé)","lines":"400S","arr":["400S"],"terminus":0,"mode":"bus","color":"#0059a9","colorDark":"#00294f","angle":168.8,"snapDist":0,"label":1}},{"type":"Feature","geometry":{"type":"Point","coordinates":[12.288136,55.633658]},"properties":{"name":"Køgevej (Ishøj Stationsvej)","lines":"400S","arr":["400S"],"terminus":0,"mode":"bus","color":"#0059a9","colorDark":"#00294f","angle":211.9,"snapDist":3,"label":1}},{"type":"Feature","geometry":{"type":"Point","coordinates":[12.306445,55.62753]},"properties":{"name":"Tåstrup Valbyvej (Ishøj Stationsvej)","lines":"400S","arr":["400S"],"terminus":0,"mode":"bus","color":"#0059a9","colorDark":"#00294f","angle":208.9,"snapDist":2,"label":1}},{"type":"Feature","geometry":{"type":"Point","coordinates":[12.319967,55.622205]},"properties":{"name":"Ishøj Bygade (Vejleåvej)","lines":"400S","arr":["400S"],"terminus":0,"mode":"bus","color":"#0059a9","colorDark":"#00294f","angle":284.4,"snapDist":0,"label":1}},{"type":"Feature","geometry":{"type":"Point","coordinates":[12.321374,55.617219]},"properties":{"name":"Broenge (Industribuen)","lines":"400S","arr":["400S"],"terminus":0,"mode":"bus","color":"#0059a9","colorDark":"#00294f","angle":197,"snapDist":1,"label":1}},{"type":"Feature","geometry":{"type":"Point","coordinates":[12.337,55.621697]},"properties":{"name":"Industribuen (Ishøj Stationsvej)","lines":"400S","arr":["400S"],"terminus":0,"mode":"bus","color":"#0059a9","colorDark":"#00294f","angle":204.8,"snapDist":2,"label":1}},{"type":"Feature","geometry":{"type":"Point","coordinates":[12.347517,55.617293]},"properties":{"name":"Mosegårdsstien (Ishøj Stationsvej)","lines":"400S","arr":["400S"],"terminus":0,"mode":"bus","color":"#0059a9","colorDark":"#00294f","angle":215.6,"snapDist":2,"label":1}},{"type":"Feature","geometry":{"type":"Point","coordinates":[12.359213,55.613373]},"properties":{"name":"Ishøj St.","lines":"400S","arr":["400S"],"terminus":1,"mode":"bus","color":"#0059a9","colorDark":"#00294f","angle":201.9,"snapDist":5,"label":1}},{"type":"Feature","geometry":{"type":"Point","coordinates":[12.347562,55.617424]},"properties":{"name":"Mosegårdsstien (Ishøj Stationsvej)","lines":"400S","arr":["400S"],"terminus":0,"mode":"bus","color":"#0059a9","colorDark":"#00294f","angle":37.6,"snapDist":1,"label":0}},{"type":"Feature","geometry":{"type":"Point","coordinates":[12.335126,55.61994]},"properties":{"name":"Industridalen (Industribuen)","lines":"400S","arr":["400S"],"terminus":0,"mode":"bus","color":"#0059a9","colorDark":"#00294f","angle":290.7,"snapDist":0,"label":1}},{"type":"Feature","geometry":{"type":"Point","coordinates":[12.32053,55.617371]},"properties":{"name":"Broenge (Industribuen)","lines":"400S","arr":["400S"],"terminus":0,"mode":"bus","color":"#0059a9","colorDark":"#00294f","angle":17.8,"snapDist":1,"label":0}},{"type":"Feature","geometry":{"type":"Point","coordinates":[12.32005,55.623398]},"properties":{"name":"Vejleåvej (Ishøj Stationsvej)","lines":"400S","arr":["400S"],"terminus":0,"mode":"bus","color":"#0059a9","colorDark":"#00294f","angle":24,"snapDist":0,"label":1}},{"type":"Feature","geometry":{"type":"Point","coordinates":[12.305329,55.628021]},"properties":{"name":"Tåstrup Valbyvej (Ishøj Stationsvej)","lines":"400S","arr":["400S"],"terminus":0,"mode":"bus","color":"#0059a9","colorDark":"#00294f","angle":29.6,"snapDist":0,"label":0}},{"type":"Feature","geometry":{"type":"Point","coordinates":[12.286141,55.634496]},"properties":{"name":"Køgevej (Hveen Boulevard)","lines":"400S","arr":["400S"],"terminus":0,"mode":"bus","color":"#0059a9","colorDark":"#00294f","angle":31.4,"snapDist":1,"label":1}},{"type":"Feature","geometry":{"type":"Point","coordinates":[12.277588,55.646687]},"properties":{"name":"City 2 (Bornholms Allé)","lines":"400S","arr":["400S"],"terminus":0,"mode":"bus","color":"#0059a9","colorDark":"#00294f","angle":347.8,"snapDist":3,"label":0}},{"type":"Feature","geometry":{"type":"Point","coordinates":[12.269454,55.649241]},"properties":{"name":"Høje Taastrup St.","lines":"400S","arr":["400S"],"terminus":0,"mode":"bus","color":"#0059a9","colorDark":"#00294f","angle":79,"snapDist":0,"label":0}},{"type":"Feature","geometry":{"type":"Point","coordinates":[12.360533,55.711974]},"properties":{"name":"Sydbuen","lines":"400S, 500S","arr":["400S","500S"],"terminus":0,"mode":"bus","color":"#0059a9","colorDark":"#00294f","angle":356.3,"snapDist":0,"label":0}},{"type":"Feature","geometry":{"type":"Point","coordinates":[12.362892,55.735015]},"properties":{"name":"Ballerup Rådhus (Hold-an Vej)","lines":"400S","arr":["400S"],"terminus":0,"mode":"bus","color":"#0059a9","colorDark":"#00294f","angle":96.3,"snapDist":1,"label":0}},{"type":"Feature","geometry":{"type":"Point","coordinates":[12.37481,55.732217]},"properties":{"name":"Ballerup Byvej (Ring 4)","lines":"400S","arr":["400S"],"terminus":0,"mode":"bus","color":"#0059a9","colorDark":"#00294f","angle":114.3,"snapDist":2,"label":1}},{"type":"Feature","geometry":{"type":"Point","coordinates":[12.380758,55.738741]},"properties":{"name":"Digterparken (Ring 4)","lines":"400S","arr":["400S"],"terminus":0,"mode":"bus","color":"#0059a9","colorDark":"#00294f","angle":123.5,"snapDist":2,"label":0}},{"type":"Feature","geometry":{"type":"Point","coordinates":[12.388195,55.743759]},"properties":{"name":"Nordbuen (Ring 4)","lines":"400S","arr":["400S"],"terminus":0,"mode":"bus","color":"#0059a9","colorDark":"#00294f","angle":137.2,"snapDist":0,"label":0}},{"type":"Feature","geometry":{"type":"Point","coordinates":[12.412425,55.754596]},"properties":{"name":"Åvej, Ring 4 (Ring 4)","lines":"400S","arr":["400S"],"terminus":0,"mode":"bus","color":"#0059a9","colorDark":"#00294f","angle":-33.5,"snapDist":6,"label":0}},{"type":"Feature","geometry":{"type":"Point","coordinates":[12.503901,55.768626]},"properties":{"name":"Lyngby St. (Jernbanepladsen)","lines":"400S","arr":["400S"],"terminus":1,"mode":"bus","color":"#0059a9","colorDark":"#00294f","angle":25.8,"snapDist":5,"label":0}},{"type":"Feature","geometry":{"type":"Point","coordinates":[12.502212,55.902891]},"properties":{"name":"Kokkedal St.","lines":"500S","arr":["500S"],"terminus":1,"mode":"bus","color":"#0059a9","colorDark":"#00294f","angle":122.7,"snapDist":3,"label":0}},{"type":"Feature","geometry":{"type":"Point","coordinates":[12.498991,55.896926]},"properties":{"name":"Ådalsparkvej (Højmosen)","lines":"500S","arr":["500S"],"terminus":0,"mode":"bus","color":"#0059a9","colorDark":"#00294f","angle":254,"snapDist":2,"label":1}},{"type":"Feature","geometry":{"type":"Point","coordinates":[12.489035,55.877119]},"properties":{"name":"Mariehøj Allé (Frederiksborgvej)","lines":"500S","arr":["500S"],"terminus":0,"mode":"bus","color":"#0059a9","colorDark":"#00294f","angle":342.3,"snapDist":4,"label":0}},{"type":"Feature","geometry":{"type":"Point","coordinates":[12.477582,55.87316]},"properties":{"name":"Isterød (Ravnsnæsvej)","lines":"500S","arr":["500S"],"terminus":0,"mode":"bus","color":"#0059a9","colorDark":"#00294f","angle":296.5,"snapDist":1,"label":1}},{"type":"Feature","geometry":{"type":"Point","coordinates":[12.461216,55.858399]},"properties":{"name":"Høsterkøbvej (Ravnsnæsvej)","lines":"500S","arr":["500S"],"terminus":0,"mode":"bus","color":"#0059a9","colorDark":"#00294f","angle":312,"snapDist":1,"label":1}},{"type":"Feature","geometry":{"type":"Point","coordinates":[12.449802,55.853051]},"properties":{"name":"Rude Skov Skole Sjælsø (Ravnsnæsvej)","lines":"500S","arr":["500S"],"terminus":0,"mode":"bus","color":"#0059a9","colorDark":"#00294f","angle":326.8,"snapDist":2,"label":1}},{"type":"Feature","geometry":{"type":"Point","coordinates":[12.440334,55.848114]},"properties":{"name":"Byagervej (Ravnsnæsvej)","lines":"500S","arr":["500S"],"terminus":0,"mode":"bus","color":"#0059a9","colorDark":"#00294f","angle":294.3,"snapDist":1,"label":1}},{"type":"Feature","geometry":{"type":"Point","coordinates":[12.43781,55.841671]},"properties":{"name":"Birkerød Kongevej (Ravnsnæsvej)","lines":"500S","arr":["500S"],"terminus":0,"mode":"bus","color":"#0059a9","colorDark":"#00294f","angle":313.1,"snapDist":0,"label":1}},{"type":"Feature","geometry":{"type":"Point","coordinates":[12.430981,55.838653]},"properties":{"name":"Hovedgaden (Stationsvej)","lines":"500S","arr":["500S"],"terminus":0,"mode":"bus","color":"#0059a9","colorDark":"#00294f","angle":26.4,"snapDist":2,"label":1}},{"type":"Feature","geometry":{"type":"Point","coordinates":[12.425021,55.840227]},"properties":{"name":"Birkerød St.","lines":"500S","arr":["500S"],"terminus":0,"mode":"bus","color":"#0059a9","colorDark":"#00294f","angle":204.6,"snapDist":1,"label":1}},{"type":"Feature","geometry":{"type":"Point","coordinates":[12.42983,55.826914]},"properties":{"name":"Bistrup Trafikplads","lines":"500S","arr":["500S"],"terminus":0,"mode":"bus","color":"#0059a9","colorDark":"#00294f","angle":280,"snapDist":1,"label":1}},{"type":"Feature","geometry":{"type":"Point","coordinates":[12.393502,55.824945]},"properties":{"name":"Nordøststien (Bistrupvej)","lines":"500S","arr":["500S"],"terminus":0,"mode":"bus","color":"#0059a9","colorDark":"#00294f","angle":7.6,"snapDist":2,"label":1}},{"type":"Feature","geometry":{"type":"Point","coordinates":[12.380444,55.806381]},"properties":{"name":"Fiskebækbroen (Frederiksborgvej)","lines":"500S","arr":["500S"],"terminus":0,"mode":"bus","color":"#0059a9","colorDark":"#00294f","angle":252.2,"snapDist":1,"label":1}},{"type":"Feature","geometry":{"type":"Point","coordinates":[12.346121,55.682001]},"properties":{"name":"Herstedvestervej (Vestskovvej)","lines":"500S","arr":["500S"],"terminus":0,"mode":"bus","color":"#0059a9","colorDark":"#00294f","angle":169.4,"snapDist":0,"label":1}},{"type":"Feature","geometry":{"type":"Point","coordinates":[12.376851,55.684159]},"properties":{"name":"Teknisk Skole (Fabriksparken)","lines":"500S","arr":["500S"],"terminus":0,"mode":"bus","color":"#0059a9","colorDark":"#00294f","angle":160.1,"snapDist":2,"label":1}},{"type":"Feature","geometry":{"type":"Point","coordinates":[12.384343,55.684395]},"properties":{"name":"Farverland (Fabriksparken)","lines":"500S","arr":["500S"],"terminus":0,"mode":"bus","color":"#0059a9","colorDark":"#00294f","angle":177.3,"snapDist":1,"label":1}},{"type":"Feature","geometry":{"type":"Point","coordinates":[12.390012,55.680033]},"properties":{"name":"Glostrup Nord, Hersted St. (Smedeland)","lines":"500S","arr":["500S"],"terminus":0,"mode":"bus","color":"#0059a9","colorDark":"#00294f","angle":274.4,"snapDist":1,"label":1}},{"type":"Feature","geometry":{"type":"Point","coordinates":[12.393707,55.674885]},"properties":{"name":"Mellemtoftevej (Gamle Landevej)","lines":"500S","arr":["500S"],"terminus":0,"mode":"bus","color":"#0059a9","colorDark":"#00294f","angle":193.2,"snapDist":1,"label":1}},{"type":"Feature","geometry":{"type":"Point","coordinates":[12.391431,55.66954]},"properties":{"name":"Rigshospitalet, Glostrup (Nordre Ringvej)","lines":"500S","arr":["500S"],"terminus":0,"mode":"bus","color":"#0059a9","colorDark":"#00294f","angle":307.3,"snapDist":1,"label":1}},{"type":"Feature","geometry":{"type":"Point","coordinates":[12.397947,55.663385]},"properties":{"name":"Glostrup St. (Banegårdspladsen)","lines":"500S, 847","arr":["500S","847"],"terminus":1,"mode":"bus","color":"#0059a9","colorDark":"#00294f","angle":169.6,"snapDist":1,"label":0}},{"type":"Feature","geometry":{"type":"Point","coordinates":[12.460992,55.613297]},"properties":{"name":"Helseholmen (Stamholmen)","lines":"500S","arr":["500S"],"terminus":0,"mode":"bus","color":"#0059a9","colorDark":"#00294f","angle":166.8,"snapDist":0,"label":0}},{"type":"Feature","geometry":{"type":"Point","coordinates":[12.47019,55.61436]},"properties":{"name":"Avedøreholmen (Stamholmen)","lines":"500S","arr":["500S"],"terminus":0,"mode":"bus","color":"#0059a9","colorDark":"#00294f","angle":179.5,"snapDist":0,"label":0}},{"type":"Feature","geometry":{"type":"Point","coordinates":[12.579154,55.629287]},"properties":{"name":"Ørestad St. (Ørestads Boulevard)","lines":"500S","arr":["500S"],"terminus":1,"mode":"bus","color":"#0059a9","colorDark":"#00294f","angle":102.4,"snapDist":2,"label":1}},{"type":"Feature","geometry":{"type":"Point","coordinates":[12.397762,55.663574]},"properties":{"name":"Glostrup St. (Sydvestvej)","lines":"500S","arr":["500S"],"terminus":0,"mode":"bus","color":"#0059a9","colorDark":"#00294f","angle":349.1,"snapDist":3,"label":1}},{"type":"Feature","geometry":{"type":"Point","coordinates":[12.392403,55.670059]},"properties":{"name":"Rigshospitalet, Glostrup (Nordre Ringvej)","lines":"500S","arr":["500S"],"terminus":0,"mode":"bus","color":"#0059a9","colorDark":"#00294f","angle":124.6,"snapDist":4,"label":0}},{"type":"Feature","geometry":{"type":"Point","coordinates":[12.393157,55.674968]},"properties":{"name":"Mellemtoftevej (Gl. Landevej)","lines":"500S","arr":["500S"],"terminus":0,"mode":"bus","color":"#0059a9","colorDark":"#00294f","angle":18.1,"snapDist":0,"label":1}},{"type":"Feature","geometry":{"type":"Point","coordinates":[12.390258,55.680071]},"properties":{"name":"Glostrup Nord, Hersted St. (Smedeland)","lines":"500S","arr":["500S"],"terminus":0,"mode":"bus","color":"#0059a9","colorDark":"#00294f","angle":94.4,"snapDist":1,"label":0}},{"type":"Feature","geometry":{"type":"Point","coordinates":[12.38967,55.684538]},"properties":{"name":"Smedeland (Fabriksparken)","lines":"500S","arr":["500S"],"terminus":0,"mode":"bus","color":"#0059a9","colorDark":"#00294f","angle":358.6,"snapDist":2,"label":1}},{"type":"Feature","geometry":{"type":"Point","coordinates":[12.381282,55.684311]},"properties":{"name":"Farverland (Fabriksparken)","lines":"500S","arr":["500S"],"terminus":0,"mode":"bus","color":"#0059a9","colorDark":"#00294f","angle":356.6,"snapDist":0,"label":0}},{"type":"Feature","geometry":{"type":"Point","coordinates":[12.376468,55.684081]},"properties":{"name":"Teknisk Skole (Fabriksparken)","lines":"500S","arr":["500S"],"terminus":0,"mode":"bus","color":"#0059a9","colorDark":"#00294f","angle":340.1,"snapDist":1,"label":0}},{"type":"Feature","geometry":{"type":"Point","coordinates":[12.34678,55.682071]},"properties":{"name":"Herstedvestervej (Vestskovej)","lines":"500S","arr":["500S"],"terminus":0,"mode":"bus","color":"#0059a9","colorDark":"#00294f","angle":349.4,"snapDist":0,"label":1}},{"type":"Feature","geometry":{"type":"Point","coordinates":[12.361811,55.733848]},"properties":{"name":"Bydammen","lines":"500S","arr":["500S"],"terminus":0,"mode":"bus","color":"#0059a9","colorDark":"#00294f","angle":115.8,"snapDist":0,"label":1}},{"type":"Feature","geometry":{"type":"Point","coordinates":[12.373865,55.752074]},"properties":{"name":"Egebjerghuse (Skovvej)","lines":"500S","arr":["500S"],"terminus":0,"mode":"bus","color":"#0059a9","colorDark":"#00294f","angle":95.1,"snapDist":1,"label":0}},{"type":"Feature","geometry":{"type":"Point","coordinates":[12.38023,55.80671]},"properties":{"name":"Fiskebækbroen (Frederiksborgvej)","lines":"500S","arr":["500S"],"terminus":0,"mode":"bus","color":"#0059a9","colorDark":"#00294f","angle":66.6,"snapDist":0,"label":0}},{"type":"Feature","geometry":{"type":"Point","coordinates":[12.393724,55.824928]},"properties":{"name":"Nordøststien (Bistrupvej)","lines":"500S","arr":["500S"],"terminus":0,"mode":"bus","color":"#0059a9","colorDark":"#00294f","angle":187.6,"snapDist":2,"label":0}},{"type":"Feature","geometry":{"type":"Point","coordinates":[12.430044,55.826844]},"properties":{"name":"Bistrup Trafikplads","lines":"500S","arr":["500S"],"terminus":0,"mode":"bus","color":"#0059a9","colorDark":"#00294f","angle":105.9,"snapDist":5,"label":0}},{"type":"Feature","geometry":{"type":"Point","coordinates":[12.424767,55.840292]},"properties":{"name":"Birkerød St.","lines":"500S","arr":["500S"],"terminus":0,"mode":"bus","color":"#0059a9","colorDark":"#00294f","angle":204.6,"snapDist":0,"label":0}},{"type":"Feature","geometry":{"type":"Point","coordinates":[12.437961,55.841618]},"properties":{"name":"Birkerød Kongevej (Ravnsnæsvej)","lines":"500S","arr":["500S"],"terminus":0,"mode":"bus","color":"#0059a9","colorDark":"#00294f","angle":132.9,"snapDist":2,"label":0}},{"type":"Feature","geometry":{"type":"Point","coordinates":[12.44027,55.848033]},"properties":{"name":"Byagervej (Ravnsnæsvej)","lines":"500S","arr":["500S"],"terminus":0,"mode":"bus","color":"#0059a9","colorDark":"#00294f","angle":114.3,"snapDist":2,"label":0}},{"type":"Feature","geometry":{"type":"Point","coordinates":[12.45168,55.853621]},"properties":{"name":"Rude Skov Skole Sjælsø (Ravnsnæsvej)","lines":"500S","arr":["500S"],"terminus":0,"mode":"bus","color":"#0059a9","colorDark":"#00294f","angle":147.2,"snapDist":1,"label":0}},{"type":"Feature","geometry":{"type":"Point","coordinates":[12.461444,55.858407]},"properties":{"name":"Høsterkøbvej (Ravnsnæsvej)","lines":"500S","arr":["500S"],"terminus":0,"mode":"bus","color":"#0059a9","colorDark":"#00294f","angle":131.9,"snapDist":1,"label":0}},{"type":"Feature","geometry":{"type":"Point","coordinates":[12.481073,55.875144]},"properties":{"name":"Isterød (Frederiksborgvej)","lines":"500S","arr":["500S"],"terminus":0,"mode":"bus","color":"#0059a9","colorDark":"#00294f","angle":189.3,"snapDist":3,"label":1}},{"type":"Feature","geometry":{"type":"Point","coordinates":[12.498564,55.898202]},"properties":{"name":"Ådalsparkvej (Højmosen)","lines":"500S","arr":["500S"],"terminus":0,"mode":"bus","color":"#0059a9","colorDark":"#00294f","angle":76.7,"snapDist":1,"label":0}},{"type":"Feature","geometry":{"type":"Point","coordinates":[12.350141,55.735018]},"properties":{"name":"Bispevangen, Højhuset (Bispevangen)","lines":"834","arr":["834"],"terminus":0,"mode":"bus","color":"#0059a9","colorDark":"#00294f","angle":38.3,"snapDist":1,"label":1}},{"type":"Feature","geometry":{"type":"Point","coordinates":[12.347269,55.738048]},"properties":{"name":"Lindbjergvej (Ballerup Byvej)","lines":"834","arr":["834"],"terminus":0,"mode":"bus","color":"#0059a9","colorDark":"#00294f","angle":210.5,"snapDist":2,"label":1}},{"type":"Feature","geometry":{"type":"Point","coordinates":[12.356134,55.736428]},"properties":{"name":"Vestbuen (Ballerup Byvej)","lines":"834","arr":["834"],"terminus":0,"mode":"bus","color":"#0059a9","colorDark":"#00294f","angle":188.5,"snapDist":0,"label":1}},{"type":"Feature","geometry":{"type":"Point","coordinates":[12.364356,55.734195]},"properties":{"name":"Ballerup Rådhus","lines":"834","arr":["834"],"terminus":0,"mode":"bus","color":"#0059a9","colorDark":"#00294f","angle":186.8,"snapDist":1,"label":1}},{"type":"Feature","geometry":{"type":"Point","coordinates":[12.364667,55.724673]},"properties":{"name":"Vink - Kornvænget (Bygvænget)","lines":"834","arr":["834"],"terminus":0,"mode":"bus","color":"#0059a9","colorDark":"#00294f","angle":258.9,"snapDist":1,"label":1}},{"type":"Feature","geometry":{"type":"Point","coordinates":[12.347678,55.724026]},"properties":{"name":"Abildvænget (Ågerupvej)","lines":"834","arr":["834"],"terminus":0,"mode":"bus","color":"#0059a9","colorDark":"#00294f","angle":184.8,"snapDist":1,"label":1}},{"type":"Feature","geometry":{"type":"Point","coordinates":[12.3689,55.720556]},"properties":{"name":"Ballerup Super Arena (Ballerup Idrætsby)","lines":"834","arr":["834"],"terminus":0,"mode":"bus","color":"#0059a9","colorDark":"#00294f","angle":358.6,"snapDist":1,"label":1}},{"type":"Feature","geometry":{"type":"Point","coordinates":[12.369398,55.719143]},"properties":{"name":"Topdanmark Hallen (Ballerup Idrætsby)","lines":"834","arr":["834"],"terminus":0,"mode":"bus","color":"#0059a9","colorDark":"#00294f","angle":357.8,"snapDist":2,"label":1}},{"type":"Feature","geometry":{"type":"Point","coordinates":[12.374435,55.719347]},"properties":{"name":"Marbækvej (Ballerup Idrætsby)","lines":"834","arr":["834"],"terminus":0,"mode":"bus","color":"#0059a9","colorDark":"#00294f","angle":179,"snapDist":1,"label":1}},{"type":"Feature","geometry":{"type":"Point","coordinates":[12.391517,55.725289]},"properties":{"name":"Metalbuen 12 (Metalbuen)","lines":"834","arr":["834"],"terminus":0,"mode":"bus","color":"#0059a9","colorDark":"#00294f","angle":192.5,"snapDist":0,"label":1}},{"type":"Feature","geometry":{"type":"Point","coordinates":[12.397307,55.727392]},"properties":{"name":"Metalbuen (Skovlunde Byvej)","lines":"834","arr":["834"],"terminus":0,"mode":"bus","color":"#0059a9","colorDark":"#00294f","angle":191.5,"snapDist":0,"label":1}},{"type":"Feature","geometry":{"type":"Point","coordinates":[12.404227,55.726556]},"properties":{"name":"Vieholmen (Skovlunde Byvej)","lines":"834","arr":["834"],"terminus":0,"mode":"bus","color":"#0059a9","colorDark":"#00294f","angle":192.2,"snapDist":1,"label":1}},{"type":"Feature","geometry":{"type":"Point","coordinates":[12.409186,55.725723]},"properties":{"name":"Skovlunde Byvej (Torvevej)","lines":"834","arr":["834"],"terminus":0,"mode":"bus","color":"#0059a9","colorDark":"#00294f","angle":297.7,"snapDist":1,"label":1}},{"type":"Feature","geometry":{"type":"Point","coordinates":[12.402716,55.722161]},"properties":{"name":"Skovlunde St. (Skovlunde Torv)","lines":"834","arr":["834"],"terminus":0,"mode":"bus","color":"#0059a9","colorDark":"#00294f","angle":348.2,"snapDist":55,"label":1}},{"type":"Feature","geometry":{"type":"Point","coordinates":[12.396165,55.721902]},"properties":{"name":"Vink - Lilletoften (Lilletoften)","lines":"834","arr":["834"],"terminus":0,"mode":"bus","color":"#0059a9","colorDark":"#00294f","angle":7.4,"snapDist":3,"label":1}},{"type":"Feature","geometry":{"type":"Point","coordinates":[12.354295,55.723718]},"properties":{"name":"Hyldetoften (Ågerupvej)","lines":"834","arr":["834"],"terminus":0,"mode":"bus","color":"#0059a9","colorDark":"#00294f","angle":4.6,"snapDist":0,"label":1}},{"type":"Feature","geometry":{"type":"Point","coordinates":[12.34603,55.725009]},"properties":{"name":"Ågerupvej (Vestbuen)","lines":"834","arr":["834"],"terminus":0,"mode":"bus","color":"#0059a9","colorDark":"#00294f","angle":91.3,"snapDist":4,"label":0}},{"type":"Feature","geometry":{"type":"Point","coordinates":[12.413295,55.66362]},"properties":{"name":"Rosenvej","lines":"847","arr":["847"],"terminus":0,"mode":"bus","color":"#0059a9","colorDark":"#00294f","angle":349.4,"snapDist":0,"label":1}},{"type":"Feature","geometry":{"type":"Point","coordinates":[12.409492,55.670533]},"properties":{"name":"Dommervangen (Digevangsvej)","lines":"847","arr":["847"],"terminus":0,"mode":"bus","color":"#0059a9","colorDark":"#00294f","angle":2.9,"snapDist":1,"label":1}},{"type":"Feature","geometry":{"type":"Point","coordinates":[12.405948,55.681184]},"properties":{"name":"Ældrecenter Hvissinge (Stenager)","lines":"847","arr":["847"],"terminus":0,"mode":"bus","color":"#0059a9","colorDark":"#00294f","angle":78.6,"snapDist":0,"label":1}},{"type":"Feature","geometry":{"type":"Point","coordinates":[12.399276,55.676819]},"properties":{"name":"Sofielundsvej (Glentevej)","lines":"847","arr":["847"],"terminus":0,"mode":"bus","color":"#0059a9","colorDark":"#00294f","angle":274.3,"snapDist":2,"label":1}},{"type":"Feature","geometry":{"type":"Point","coordinates":[12.375469,55.667471]},"properties":{"name":"Glostrup Hallen (Stadionvej)","lines":"847","arr":["847"],"terminus":0,"mode":"bus","color":"#0059a9","colorDark":"#00294f","angle":6.1,"snapDist":0,"label":1}},{"type":"Feature","geometry":{"type":"Point","coordinates":[12.374447,55.665217]},"properties":{"name":"Herstedøstervej (Vestergårdsvej)","lines":"847","arr":["847"],"terminus":0,"mode":"bus","color":"#0059a9","colorDark":"#00294f","angle":172.1,"snapDist":0,"label":1}},{"type":"Feature","geometry":{"type":"Point","coordinates":[12.378662,55.665561]},"properties":{"name":"Sportsvej (Vestergårdsvej)","lines":"847","arr":["847"],"terminus":0,"mode":"bus","color":"#0059a9","colorDark":"#00294f","angle":171.8,"snapDist":1,"label":1}},{"type":"Feature","geometry":{"type":"Point","coordinates":[12.380453,55.664653]},"properties":{"name":"Sportsvej (Hovedvejen)","lines":"847","arr":["847"],"terminus":0,"mode":"bus","color":"#0059a9","colorDark":"#00294f","angle":171.7,"snapDist":2,"label":1}},{"type":"Feature","geometry":{"type":"Point","coordinates":[12.46702,55.681674]},"properties":{"name":"Engskrænten Plejehjem (Engskrænten)","lines":"848","arr":["848"],"terminus":0,"mode":"bus","color":"#0059a9","colorDark":"#00294f","angle":29.3,"snapDist":0,"label":1}},{"type":"Feature","geometry":{"type":"Point","coordinates":[12.466441,55.682394]},"properties":{"name":"Kirkesvinget","lines":"848","arr":["848"],"terminus":0,"mode":"bus","color":"#0059a9","colorDark":"#00294f","angle":259,"snapDist":1,"label":1}},{"type":"Feature","geometry":{"type":"Point","coordinates":[12.458139,55.696084]},"properties":{"name":"Rødovrevej (Fortvej)","lines":"848","arr":["848"],"terminus":0,"mode":"bus","color":"#0059a9","colorDark":"#00294f","angle":176,"snapDist":1,"label":1}},{"type":"Feature","geometry":{"type":"Point","coordinates":[12.458172,55.700044]},"properties":{"name":"Broparken (Slotherrens Vænge)","lines":"848","arr":["848"],"terminus":0,"mode":"bus","color":"#0059a9","colorDark":"#00294f","angle":184.6,"snapDist":0,"label":1}},{"type":"Feature","geometry":{"type":"Point","coordinates":[12.441431,55.704497]},"properties":{"name":"Islevbadet (Islevbrovej)","lines":"848","arr":["848"],"terminus":0,"mode":"bus","color":"#0059a9","colorDark":"#00294f","angle":120.9,"snapDist":0,"label":1}},{"type":"Feature","geometry":{"type":"Point","coordinates":[12.428301,55.705594]},"properties":{"name":"Rødovre Nord St. (Slotsherrensvej)","lines":"848","arr":["848"],"terminus":1,"mode":"bus","color":"#0059a9","colorDark":"#00294f","angle":33.8,"snapDist":3,"label":0}},{"type":"Feature","geometry":{"type":"Point","coordinates":[12.452559,55.707718]},"properties":{"name":"Brunevang syd (Brunevang)","lines":"848","arr":["848"],"terminus":0,"mode":"bus","color":"#0059a9","colorDark":"#00294f","angle":181.7,"snapDist":3,"label":1}},{"type":"Feature","geometry":{"type":"Point","coordinates":[12.451402,55.709291]},"properties":{"name":"Brunevang","lines":"848","arr":["848"],"terminus":0,"mode":"bus","color":"#0059a9","colorDark":"#00294f","angle":316.1,"snapDist":1,"label":1}},{"type":"Feature","geometry":{"type":"Point","coordinates":[12.458236,55.696088]},"properties":{"name":"Rødovrevej (Fortvej)","lines":"848","arr":["848"],"terminus":0,"mode":"bus","color":"#0059a9","colorDark":"#00294f","angle":356,"snapDist":0,"label":0}},{"type":"Feature","geometry":{"type":"Point","coordinates":[12.502674,55.78571]},"properties":{"name":"Agnesvej (Caroline Amalie Vej)","lines":"910","arr":["910"],"terminus":0,"mode":"bus","color":"#0059a9","colorDark":"#00294f","angle":91.2,"snapDist":0,"label":1}},{"type":"Feature","geometry":{"type":"Point","coordinates":[12.507605,55.799357]},"properties":{"name":"Ørholm St. (togbus) (Ørholmvej)","lines":"910","arr":["910"],"terminus":0,"mode":"bus","color":"#0059a9","colorDark":"#00294f","angle":21.5,"snapDist":0,"label":1}},{"type":"Feature","geometry":{"type":"Point","coordinates":[12.527709,55.814144]},"properties":{"name":"Nærum St.","lines":"910","arr":["910"],"terminus":1,"mode":"bus","color":"#0059a9","colorDark":"#00294f","angle":70.1,"snapDist":3,"label":1}},{"type":"Feature","geometry":{"type":"Point","coordinates":[12.502646,55.785135]},"properties":{"name":"Agnesvej (Caroline Amalie Vej)","lines":"910","arr":["910"],"terminus":0,"mode":"bus","color":"#0059a9","colorDark":"#00294f","angle":272.2,"snapDist":1,"label":0}},{"type":"Feature","geometry":{"type":"Point","coordinates":[12.530391,55.794647]},"properties":{"name":"Lundtofte St.","lines":"L","arr":["L"],"terminus":1,"mode":"tram","color":"#d6212b","colorDark":"#7c1116","angle":270.6,"snapDist":6,"label":1}},{"type":"Feature","geometry":{"type":"Point","coordinates":[12.528258,55.787186]},"properties":{"name":"Rævehøjvej","lines":"L","arr":["L"],"terminus":0,"mode":"tram","color":"#d6212b","colorDark":"#7c1116","angle":282.7,"snapDist":2,"label":1}},{"type":"Feature","geometry":{"type":"Point","coordinates":[12.522641,55.785558]},"properties":{"name":"Akademivej - DTU","lines":"L","arr":["L"],"terminus":0,"mode":"tram","color":"#d6212b","colorDark":"#7c1116","angle":16.8,"snapDist":2,"label":1}},{"type":"Feature","geometry":{"type":"Point","coordinates":[12.519476,55.780201]},"properties":{"name":"Akademivej - DTU","lines":"L","arr":["L"],"terminus":0,"mode":"tram","color":"#d6212b","colorDark":"#7c1116","angle":16.9,"snapDist":3,"label":1}},{"type":"Feature","geometry":{"type":"Point","coordinates":[12.51959,55.774843]},"properties":{"name":"Fortunbyen","lines":"L","arr":["L"],"terminus":0,"mode":"tram","color":"#d6212b","colorDark":"#7c1116","angle":358.2,"snapDist":3,"label":1}},{"type":"Feature","geometry":{"type":"Point","coordinates":[12.505528,55.770897]},"properties":{"name":"Lyngby Centrum","lines":"L","arr":["L"],"terminus":0,"mode":"tram","color":"#d6212b","colorDark":"#7c1116","angle":325.3,"snapDist":2,"label":1}},{"type":"Feature","geometry":{"type":"Point","coordinates":[12.501567,55.769229]},"properties":{"name":"Lyngby St.","lines":"L","arr":["L"],"terminus":0,"mode":"tram","color":"#d6212b","colorDark":"#7c1116","angle":34.5,"snapDist":3,"label":1}},{"type":"Feature","geometry":{"type":"Point","coordinates":[12.495028,55.756329]},"properties":{"name":"Gammelmosevej","lines":"L","arr":["L"],"terminus":0,"mode":"tram","color":"#d6212b","colorDark":"#7c1116","angle":270.4,"snapDist":2,"label":1}},{"type":"Feature","geometry":{"type":"Point","coordinates":[12.49501,55.747387]},"properties":{"name":"Buddinge St.","lines":"L","arr":["L"],"terminus":0,"mode":"tram","color":"#d6212b","colorDark":"#7c1116","angle":279.9,"snapDist":4,"label":1}},{"type":"Feature","geometry":{"type":"Point","coordinates":[12.493459,55.743032]},"properties":{"name":"Gladsaxe Rådhus","lines":"L","arr":["L"],"terminus":0,"mode":"tram","color":"#d6212b","colorDark":"#7c1116","angle":291.6,"snapDist":2,"label":1}},{"type":"Feature","geometry":{"type":"Point","coordinates":[12.485441,55.739966]},"properties":{"name":"Gladsaxevej","lines":"L","arr":["L"],"terminus":0,"mode":"tram","color":"#d6212b","colorDark":"#7c1116","angle":340.3,"snapDist":2,"label":1}},{"type":"Feature","geometry":{"type":"Point","coordinates":[12.473856,55.737861]},"properties":{"name":"Gladsaxe Trafikplads","lines":"L","arr":["L"],"terminus":0,"mode":"tram","color":"#d6212b","colorDark":"#7c1116","angle":343.3,"snapDist":2,"label":1}},{"type":"Feature","geometry":{"type":"Point","coordinates":[12.458994,55.734661]},"properties":{"name":"Dynamovej","lines":"L","arr":["L"],"terminus":0,"mode":"tram","color":"#d6212b","colorDark":"#7c1116","angle":333.9,"snapDist":2,"label":1}},{"type":"Feature","geometry":{"type":"Point","coordinates":[12.445823,55.730455]},"properties":{"name":"Herlev Hospital","lines":"L","arr":["L"],"terminus":0,"mode":"tram","color":"#d6212b","colorDark":"#7c1116","angle":134.4,"snapDist":2,"label":1}},{"type":"Feature","geometry":{"type":"Point","coordinates":[12.441301,55.723204]},"properties":{"name":"Herlev Bymidte","lines":"L","arr":["L"],"terminus":0,"mode":"tram","color":"#d6212b","colorDark":"#7c1116","angle":279.8,"snapDist":3,"label":1}},{"type":"Feature","geometry":{"type":"Point","coordinates":[12.440346,55.720141]},"properties":{"name":"Herlev St.","lines":"L","arr":["L"],"terminus":0,"mode":"tram","color":"#d6212b","colorDark":"#7c1116","angle":283.7,"snapDist":5,"label":1}},{"type":"Feature","geometry":{"type":"Point","coordinates":[12.435406,55.713563]},"properties":{"name":"Herlev Syd","lines":"L","arr":["L"],"terminus":0,"mode":"tram","color":"#d6212b","colorDark":"#7c1116","angle":122.8,"snapDist":3,"label":1}},{"type":"Feature","geometry":{"type":"Point","coordinates":[12.427563,55.706124]},"properties":{"name":"Rødovre Nord","lines":"L","arr":["L"],"terminus":0,"mode":"tram","color":"#d6212b","colorDark":"#7c1116","angle":121.9,"snapDist":3,"label":1}},{"type":"Feature","geometry":{"type":"Point","coordinates":[12.414491,55.697525]},"properties":{"name":"Glostrup Ejby","lines":"L","arr":["L"],"terminus":0,"mode":"tram","color":"#d6212b","colorDark":"#7c1116","angle":129,"snapDist":2,"label":1}},{"type":"Feature","geometry":{"type":"Point","coordinates":[12.396257,55.67998]},"properties":{"name":"Glostrup Nord - Hersted","lines":"L","arr":["L"],"terminus":0,"mode":"tram","color":"#d6212b","colorDark":"#7c1116","angle":275.2,"snapDist":2,"label":1}},{"type":"Feature","geometry":{"type":"Point","coordinates":[12.391675,55.669969]},"properties":{"name":"Glostrup Hospital - Rigshospitalet","lines":"L","arr":["L"],"terminus":0,"mode":"tram","color":"#d6212b","colorDark":"#7c1116","angle":303.6,"snapDist":2,"label":1}},{"type":"Feature","geometry":{"type":"Point","coordinates":[12.395902,55.663009]},"properties":{"name":"Glostrup St.","lines":"L","arr":["L"],"terminus":0,"mode":"tram","color":"#d6212b","colorDark":"#7c1116","angle":169,"snapDist":1,"label":1}},{"type":"Feature","geometry":{"type":"Point","coordinates":[12.394426,55.654353]},"properties":{"name":"Kirkebjerg","lines":"L","arr":["L"],"terminus":0,"mode":"tram","color":"#d6212b","colorDark":"#7c1116","angle":242.9,"snapDist":4,"label":1}},{"type":"Feature","geometry":{"type":"Point","coordinates":[12.401074,55.643846]},"properties":{"name":"Brøndbyvester","lines":"L","arr":["L"],"terminus":0,"mode":"tram","color":"#d6212b","colorDark":"#7c1116","angle":271.7,"snapDist":2,"label":1}},{"type":"Feature","geometry":{"type":"Point","coordinates":[12.389981,55.627667]},"properties":{"name":"Delta Park","lines":"L","arr":["L"],"terminus":0,"mode":"tram","color":"#d6212b","colorDark":"#7c1116","angle":308.1,"snapDist":2,"label":1}},{"type":"Feature","geometry":{"type":"Point","coordinates":[12.384704,55.623541]},"properties":{"name":"Vallensbæk St.","lines":"L","arr":["L"],"terminus":0,"mode":"tram","color":"#d6212b","colorDark":"#7c1116","angle":308.5,"snapDist":2,"label":1}},{"type":"Feature","geometry":{"type":"Point","coordinates":[12.37971,55.618903]},"properties":{"name":"Strandhaven","lines":"L","arr":["L"],"terminus":0,"mode":"tram","color":"#d6212b","colorDark":"#7c1116","angle":288.4,"snapDist":2,"label":1}},{"type":"Feature","geometry":{"type":"Point","coordinates":[12.369678,55.614266]},"properties":{"name":"Ishøj Strand - ARKEN","lines":"L","arr":["L"],"terminus":0,"mode":"tram","color":"#d6212b","colorDark":"#7c1116","angle":324.6,"snapDist":1,"label":1}},{"type":"Feature","geometry":{"type":"Point","coordinates":[12.359088,55.613574]},"properties":{"name":"Ishøj St.","lines":"L","arr":["L"],"terminus":1,"mode":"tram","color":"#d6212b","colorDark":"#7c1116","angle":31.1,"snapDist":4,"label":1}},{"type":"Feature","geometry":{"type":"Point","coordinates":[12.491639,55.687255]},"properties":{"name":"Vanløse St.","lines":"M1, M2","arr":["M1","M2"],"terminus":1,"mode":"tram","color":"#7d2b8b","colorDark":"#45164e","angle":0,"metro":1,"snapDist":5,"label":1}},{"type":"Feature","geometry":{"type":"Point","coordinates":[12.499496,55.685812]},"properties":{"name":"Flintholm St.","lines":"M1, M2","arr":["M1","M2"],"terminus":0,"mode":"tram","color":"#7d2b8b","colorDark":"#45164e","angle":0,"metro":1,"snapDist":6,"label":1}},{"type":"Feature","geometry":{"type":"Point","coordinates":[12.512864,55.683466]},"properties":{"name":"Lindevang St.","lines":"M1, M2","arr":["M1","M2"],"terminus":0,"mode":"tram","color":"#7d2b8b","colorDark":"#45164e","angle":0,"metro":1,"snapDist":2,"label":1}},{"type":"Feature","geometry":{"type":"Point","coordinates":[12.52309,55.681651]},"properties":{"name":"Fasanvej St.","lines":"M1, M2","arr":["M1","M2"],"terminus":0,"mode":"tram","color":"#7d2b8b","colorDark":"#45164e","angle":0,"metro":1,"snapDist":2,"label":1}},{"type":"Feature","geometry":{"type":"Point","coordinates":[12.531719,55.681156]},"properties":{"name":"Frederiksberg St.","lines":"M1, M2, M3","arr":["M1","M2","M3"],"terminus":0,"mode":"tram","color":"#7d2b8b","colorDark":"#45164e","angle":0,"metro":1,"snapDist":7,"label":1}},{"type":"Feature","geometry":{"type":"Point","coordinates":[12.552413,55.681795]},"properties":{"name":"Forum St.","lines":"M1, M2","arr":["M1","M2"],"terminus":0,"mode":"tram","color":"#7d2b8b","colorDark":"#45164e","angle":0,"metro":1,"snapDist":3,"label":1}},{"type":"Feature","geometry":{"type":"Point","coordinates":[12.571034,55.683835]},"properties":{"name":"Nørreport St.","lines":"M1, M2","arr":["M1","M2"],"terminus":0,"mode":"tram","color":"#7d2b8b","colorDark":"#45164e","angle":0,"metro":1,"snapDist":1,"label":1}},{"type":"Feature","geometry":{"type":"Point","coordinates":[12.585345,55.6792]},"properties":{"name":"Kongens Nytorv St.","lines":"M1, M2, M3, M4","arr":["M1","M2","M3","M4"],"terminus":0,"mode":"tram","color":"#7d2b8b","colorDark":"#45164e","angle":0,"metro":1,"snapDist":8,"label":1}},{"type":"Feature","geometry":{"type":"Point","coordinates":[12.591474,55.67209]},"properties":{"name":"Christianshavn St.","lines":"M1, M2","arr":["M1","M2"],"terminus":0,"mode":"tram","color":"#7d2b8b","colorDark":"#45164e","angle":0,"metro":1,"snapDist":7,"label":1}},{"type":"Feature","geometry":{"type":"Point","coordinates":[12.585286,55.663414]},"properties":{"name":"Islands Brygge St.","lines":"M1","arr":["M1"],"terminus":0,"mode":"tram","color":"#007756","colorDark":"#00412f","angle":0,"metro":1,"snapDist":4,"label":1}},{"type":"Feature","geometry":{"type":"Point","coordinates":[12.589094,55.655822]},"properties":{"name":"DR Byen St.","lines":"M1","arr":["M1"],"terminus":0,"mode":"tram","color":"#007756","colorDark":"#00412f","angle":0,"metro":1,"snapDist":7,"label":1}},{"type":"Feature","geometry":{"type":"Point","coordinates":[12.585803,55.64519]},"properties":{"name":"Sundby St.","lines":"M1","arr":["M1"],"terminus":0,"mode":"tram","color":"#007756","colorDark":"#00412f","angle":0,"metro":1,"snapDist":5,"label":1}},{"type":"Feature","geometry":{"type":"Point","coordinates":[12.582993,55.638043]},"properties":{"name":"Bella Center St.","lines":"M1","arr":["M1"],"terminus":0,"mode":"tram","color":"#007756","colorDark":"#00412f","angle":0,"metro":1,"snapDist":4,"label":1}},{"type":"Feature","geometry":{"type":"Point","coordinates":[12.579468,55.629045]},"properties":{"name":"Ørestad St.","lines":"M1","arr":["M1"],"terminus":0,"mode":"tram","color":"#007756","colorDark":"#00412f","angle":0,"metro":1,"snapDist":5,"label":1}},{"type":"Feature","geometry":{"type":"Point","coordinates":[12.575672,55.619347]},"properties":{"name":"Vestamager St.","lines":"M1","arr":["M1"],"terminus":1,"mode":"tram","color":"#007756","colorDark":"#00412f","angle":0,"metro":1,"snapDist":24,"label":1}},{"type":"Feature","geometry":{"type":"Point","coordinates":[12.603016,55.66336]},"properties":{"name":"Amagerbro St.","lines":"M2","arr":["M2"],"terminus":0,"mode":"tram","color":"#FFCC00","colorDark":"#8c7000","angle":0,"metro":1,"snapDist":7,"label":1}},{"type":"Feature","geometry":{"type":"Point","coordinates":[12.616385,55.662161]},"properties":{"name":"Lergravsparken St.","lines":"M2","arr":["M2"],"terminus":0,"mode":"tram","color":"#FFCC00","colorDark":"#8c7000","angle":0,"metro":1,"snapDist":7,"label":1}},{"type":"Feature","geometry":{"type":"Point","coordinates":[12.628527,55.661721]},"properties":{"name":"Øresund St.","lines":"M2","arr":["M2"],"terminus":0,"mode":"tram","color":"#FFCC00","colorDark":"#8c7000","angle":0,"metro":1,"snapDist":5,"label":1}},{"type":"Feature","geometry":{"type":"Point","coordinates":[12.631703,55.656542]},"properties":{"name":"Amager Strand St.","lines":"M2","arr":["M2"],"terminus":0,"mode":"tram","color":"#FFCC00","colorDark":"#8c7000","angle":0,"metro":1,"snapDist":8,"label":1}},{"type":"Feature","geometry":{"type":"Point","coordinates":[12.638175,55.645326]},"properties":{"name":"Femøren St.","lines":"M2","arr":["M2"],"terminus":0,"mode":"tram","color":"#FFCC00","colorDark":"#8c7000","angle":0,"metro":1,"snapDist":10,"label":1}},{"type":"Feature","geometry":{"type":"Point","coordinates":[12.646835,55.635769]},"properties":{"name":"Kastrup St.","lines":"M2","arr":["M2"],"terminus":0,"mode":"tram","color":"#FFCC00","colorDark":"#8c7000","angle":0,"metro":1,"snapDist":7,"label":1}},{"type":"Feature","geometry":{"type":"Point","coordinates":[12.649356,55.630269]},"properties":{"name":"Københavns Lufthavn St.","lines":"M2","arr":["M2"],"terminus":1,"mode":"tram","color":"#FFCC00","colorDark":"#8c7000","angle":0,"metro":1,"snapDist":15,"label":1}},{"type":"Feature","geometry":{"type":"Point","coordinates":[12.564534,55.671557]},"properties":{"name":"København H","lines":"M3, M4","arr":["M3","M4"],"terminus":1,"mode":"tram","color":"#7d2b8b","colorDark":"#45164e","angle":0,"metro":1,"snapDist":50,"label":1}},{"type":"Feature","geometry":{"type":"Point","coordinates":[12.568471,55.676539]},"properties":{"name":"Rådhuspladsen St.","lines":"M3, M4","arr":["M3","M4"],"terminus":0,"mode":"tram","color":"#7d2b8b","colorDark":"#45164e","angle":0,"metro":1,"snapDist":28,"label":1}},{"type":"Feature","geometry":{"type":"Point","coordinates":[12.579622,55.677661]},"properties":{"name":"Gammel Strand St.","lines":"M3, M4","arr":["M3","M4"],"terminus":0,"mode":"tram","color":"#7d2b8b","colorDark":"#45164e","angle":0,"metro":1,"snapDist":10,"label":1}},{"type":"Feature","geometry":{"type":"Point","coordinates":[12.589071,55.685127]},"properties":{"name":"Marmorkirken St.","lines":"M3, M4","arr":["M3","M4"],"terminus":0,"mode":"tram","color":"#7d2b8b","colorDark":"#45164e","angle":0,"metro":1,"snapDist":30,"label":1}},{"type":"Feature","geometry":{"type":"Point","coordinates":[12.585383,55.693237]},"properties":{"name":"Østerport St.","lines":"M3, M4","arr":["M3","M4"],"terminus":0,"mode":"tram","color":"#7d2b8b","colorDark":"#45164e","angle":0,"metro":1,"snapDist":3,"label":1}},{"type":"Feature","geometry":{"type":"Point","coordinates":[12.575643,55.699132]},"properties":{"name":"Trianglen St.","lines":"M3","arr":["M3"],"terminus":0,"mode":"tram","color":"#E40037","colorDark":"#7d001e","angle":0,"metro":1,"snapDist":27,"label":1}},{"type":"Feature","geometry":{"type":"Point","coordinates":[12.576786,55.70933]},"properties":{"name":"Poul Henningsens Plads St.","lines":"M3","arr":["M3"],"terminus":0,"mode":"tram","color":"#E40037","colorDark":"#7d001e","angle":0,"metro":1,"snapDist":10,"label":1}},{"type":"Feature","geometry":{"type":"Point","coordinates":[12.564002,55.706281]},"properties":{"name":"Vibenshus Runddel St.","lines":"M3","arr":["M3"],"terminus":0,"mode":"tram","color":"#E40037","colorDark":"#7d001e","angle":0,"metro":1,"snapDist":0,"label":1}},{"type":"Feature","geometry":{"type":"Point","coordinates":[12.548247,55.703272]},"properties":{"name":"Skjolds Plads St.","lines":"M3","arr":["M3"],"terminus":0,"mode":"tram","color":"#E40037","colorDark":"#7d001e","angle":0,"metro":1,"snapDist":1,"label":1}},{"type":"Feature","geometry":{"type":"Point","coordinates":[12.538001,55.700558]},"properties":{"name":"Nørrebro St.","lines":"M3","arr":["M3"],"terminus":0,"mode":"tram","color":"#E40037","colorDark":"#7d001e","angle":0,"metro":1,"snapDist":5,"label":1}},{"type":"Feature","geometry":{"type":"Point","coordinates":[12.5488,55.693941]},"properties":{"name":"Nørrebros Runddel St.","lines":"M3","arr":["M3"],"terminus":0,"mode":"tram","color":"#E40037","colorDark":"#7d001e","angle":0,"metro":1,"snapDist":6,"label":1}},{"type":"Feature","geometry":{"type":"Point","coordinates":[12.542819,55.688822]},"properties":{"name":"Nuuks Plads St.","lines":"M3","arr":["M3"],"terminus":0,"mode":"tram","color":"#E40037","colorDark":"#7d001e","angle":0,"metro":1,"snapDist":5,"label":1}},{"type":"Feature","geometry":{"type":"Point","coordinates":[12.533124,55.686394]},"properties":{"name":"Aksel Møllers Have St.","lines":"M3","arr":["M3"],"terminus":0,"mode":"tram","color":"#E40037","colorDark":"#7d001e","angle":0,"metro":1,"snapDist":4,"label":1}},{"type":"Feature","geometry":{"type":"Point","coordinates":[12.54033,55.673721]},"properties":{"name":"Frederiksberg Allé St.","lines":"M3","arr":["M3"],"terminus":0,"mode":"tram","color":"#E40037","colorDark":"#7d001e","angle":0,"metro":1,"snapDist":1,"label":1}},{"type":"Feature","geometry":{"type":"Point","coordinates":[12.545837,55.667118]},"properties":{"name":"Enghave Plads St.","lines":"M3","arr":["M3"],"terminus":0,"mode":"tram","color":"#E40037","colorDark":"#7d001e","angle":0,"metro":1,"snapDist":19,"label":1}},{"type":"Feature","geometry":{"type":"Point","coordinates":[12.516551,55.65259]},"properties":{"name":"København Syd St.","lines":"M4","arr":["M4"],"terminus":1,"mode":"tram","color":"#009CD3","colorDark":"#005674","angle":0,"metro":1,"snapDist":10,"label":1}},{"type":"Feature","geometry":{"type":"Point","coordinates":[12.533938,55.649019]},"properties":{"name":"Mozarts Plads St.","lines":"M4","arr":["M4"],"terminus":0,"mode":"tram","color":"#009CD3","colorDark":"#005674","angle":0,"metro":1,"snapDist":3,"label":1}},{"type":"Feature","geometry":{"type":"Point","coordinates":[12.54375,55.645789]},"properties":{"name":"Sluseholmen St.","lines":"M4","arr":["M4"],"terminus":0,"mode":"tram","color":"#009CD3","colorDark":"#005674","angle":0,"metro":1,"snapDist":5,"label":1}},{"type":"Feature","geometry":{"type":"Point","coordinates":[12.556277,55.653731]},"properties":{"name":"Enghave Brygge St.","lines":"M4","arr":["M4"],"terminus":0,"mode":"tram","color":"#009CD3","colorDark":"#005674","angle":0,"metro":1,"snapDist":8,"label":1}},{"type":"Feature","geometry":{"type":"Point","coordinates":[12.559499,55.660943]},"properties":{"name":"Havneholmen St.","lines":"M4","arr":["M4"],"terminus":0,"mode":"tram","color":"#009CD3","colorDark":"#005674","angle":0,"metro":1,"snapDist":6,"label":1}},{"type":"Feature","geometry":{"type":"Point","coordinates":[12.591619,55.70738]},"properties":{"name":"Nordhavn St.","lines":"M4","arr":["M4"],"terminus":0,"mode":"tram","color":"#009CD3","colorDark":"#005674","angle":0,"metro":1,"snapDist":16,"label":1}},{"type":"Feature","geometry":{"type":"Point","coordinates":[12.595153,55.711637]},"properties":{"name":"Orientkaj St.","lines":"M4","arr":["M4"],"terminus":1,"mode":"tram","color":"#009CD3","colorDark":"#005674","angle":0,"metro":1,"snapDist":8,"label":1}},{"type":"Feature","geometry":{"type":"Point","coordinates":[12.311259,55.926875]},"properties":{"name":"Hillerød St.","lines":"A","arr":["A"],"terminus":1,"mode":"tram","color":"#00A7E3","colorDark":"#005c7d","angle":0,"metro":1,"snapDist":21,"label":1}},{"type":"Feature","geometry":{"type":"Point","coordinates":[12.31525,55.910231]},"properties":{"name":"Favrholm St.","lines":"A","arr":["A"],"terminus":0,"mode":"tram","color":"#00A7E3","colorDark":"#005c7d","angle":0,"metro":1,"snapDist":1,"label":1}},{"type":"Feature","geometry":{"type":"Point","coordinates":[12.356978,55.870962]},"properties":{"name":"Allerød St.","lines":"A","arr":["A"],"terminus":0,"mode":"tram","color":"#00A7E3","colorDark":"#005c7d","angle":0,"metro":1,"snapDist":5,"label":1}},{"type":"Feature","geometry":{"type":"Point","coordinates":[12.423909,55.840376]},"properties":{"name":"Birkerød St.","lines":"A","arr":["A"],"terminus":0,"mode":"tram","color":"#00A7E3","colorDark":"#005c7d","angle":0,"metro":1,"snapDist":16,"label":1}},{"type":"Feature","geometry":{"type":"Point","coordinates":[12.46863,55.807696]},"properties":{"name":"Holte St.","lines":"A, E","arr":["A","E"],"terminus":1,"mode":"tram","color":"#7d2b8b","colorDark":"#45164e","angle":0,"metro":1,"snapDist":12,"label":1}},{"type":"Feature","geometry":{"type":"Point","coordinates":[12.473276,55.795595]},"properties":{"name":"Virum St.","lines":"A, E","arr":["A","E"],"terminus":0,"mode":"tram","color":"#7d2b8b","colorDark":"#45164e","angle":0,"metro":1,"snapDist":5,"label":1}},{"type":"Feature","geometry":{"type":"Point","coordinates":[12.483593,55.781291]},"properties":{"name":"Sorgenfri St.","lines":"A, E","arr":["A","E"],"terminus":0,"mode":"tram","color":"#7d2b8b","colorDark":"#45164e","angle":0,"metro":1,"snapDist":5,"label":1}},{"type":"Feature","geometry":{"type":"Point","coordinates":[12.503182,55.768153]},"properties":{"name":"Lyngby St.","lines":"A, E","arr":["A","E"],"terminus":0,"mode":"tram","color":"#7d2b8b","colorDark":"#45164e","angle":0,"metro":1,"snapDist":9,"label":1}},{"type":"Feature","geometry":{"type":"Point","coordinates":[12.521618,55.761668]},"properties":{"name":"Jægersborg St.","lines":"A, E","arr":["A","E"],"terminus":0,"mode":"tram","color":"#7d2b8b","colorDark":"#45164e","angle":0,"metro":1,"snapDist":6,"label":1}},{"type":"Feature","geometry":{"type":"Point","coordinates":[12.541648,55.753531]},"properties":{"name":"Gentofte St.","lines":"A, E","arr":["A","E"],"terminus":0,"mode":"tram","color":"#7d2b8b","colorDark":"#45164e","angle":0,"metro":1,"snapDist":3,"label":1}},{"type":"Feature","geometry":{"type":"Point","coordinates":[12.557595,55.743097]},"properties":{"name":"Bernstorffsvej St.","lines":"A, E","arr":["A","E"],"terminus":0,"mode":"tram","color":"#7d2b8b","colorDark":"#45164e","angle":0,"metro":1,"snapDist":8,"label":1}},{"type":"Feature","geometry":{"type":"Point","coordinates":[12.567294,55.730987]},"properties":{"name":"Hellerup St.","lines":"A, C, E, F","arr":["A","C","E","F"],"terminus":0,"mode":"tram","color":"#7d2b8b","colorDark":"#45164e","angle":0,"metro":1,"snapDist":23,"label":1}},{"type":"Feature","geometry":{"type":"Point","coordinates":[12.578291,55.715756]},"properties":{"name":"Svanemøllen St.","lines":"A, B, Bx, C, E","arr":["A","B","Bx","C","E"],"terminus":0,"mode":"tram","color":"#7d2b8b","colorDark":"#45164e","angle":0,"metro":1,"snapDist":27,"label":1}},{"type":"Feature","geometry":{"type":"Point","coordinates":[12.590837,55.705643]},"properties":{"name":"Nordhavn St.","lines":"A, B, Bx, C, E","arr":["A","B","Bx","C","E"],"terminus":0,"mode":"tram","color":"#7d2b8b","colorDark":"#45164e","angle":0,"metro":1,"snapDist":14,"label":1}},{"type":"Feature","geometry":{"type":"Point","coordinates":[12.587541,55.692625]},"properties":{"name":"Østerport St.","lines":"A, B, Bx, C, E, H","arr":["A","B","Bx","C","E","H"],"terminus":1,"mode":"tram","color":"#7d2b8b","colorDark":"#45164e","angle":0,"metro":1,"snapDist":21,"label":1}},{"type":"Feature","geometry":{"type":"Point","coordinates":[12.571873,55.683418]},"properties":{"name":"Nørreport St.","lines":"A, B, Bx, C, E, H","arr":["A","B","Bx","C","E","H"],"terminus":0,"mode":"tram","color":"#7d2b8b","colorDark":"#45164e","angle":0,"metro":1,"snapDist":6,"label":1}},{"type":"Feature","geometry":{"type":"Point","coordinates":[12.562486,55.676003]},"properties":{"name":"Vesterport St.","lines":"A, B, Bx, C, E, H","arr":["A","B","Bx","C","E","H"],"terminus":0,"mode":"tram","color":"#7d2b8b","colorDark":"#45164e","angle":0,"metro":1,"snapDist":25,"label":1}},{"type":"Feature","geometry":{"type":"Point","coordinates":[12.564636,55.672742]},"properties":{"name":"København H","lines":"A, B, Bx, C, E, H","arr":["A","B","Bx","C","E","H"],"terminus":0,"mode":"tram","color":"#7d2b8b","colorDark":"#45164e","angle":0,"metro":1,"snapDist":68,"label":1}},{"type":"Feature","geometry":{"type":"Point","coordinates":[12.559504,55.664834]},"properties":{"name":"Dybbølsbro St.","lines":"A, B, Bx, C, E, H","arr":["A","B","Bx","C","E","H"],"terminus":0,"mode":"tram","color":"#7d2b8b","colorDark":"#45164e","angle":0,"metro":1,"snapDist":1,"label":1}},{"type":"Feature","geometry":{"type":"Point","coordinates":[12.537252,55.654724]},"properties":{"name":"Sydhavn St.","lines":"A, E","arr":["A","E"],"terminus":0,"mode":"tram","color":"#7d2b8b","colorDark":"#45164e","angle":0,"metro":1,"snapDist":6,"label":1}},{"type":"Feature","geometry":{"type":"Point","coordinates":[12.527303,55.651643]},"properties":{"name":"Sjælør St.","lines":"A, E","arr":["A","E"],"terminus":0,"mode":"tram","color":"#7d2b8b","colorDark":"#45164e","angle":0,"metro":1,"snapDist":11,"label":1}},{"type":"Feature","geometry":{"type":"Point","coordinates":[12.516778,55.652343]},"properties":{"name":"København Syd St.","lines":"A, E, F","arr":["A","E","F"],"terminus":1,"mode":"tram","color":"#7d2b8b","colorDark":"#45164e","angle":0,"metro":1,"snapDist":32,"label":1}},{"type":"Feature","geometry":{"type":"Point","coordinates":[12.499979,55.639971]},"properties":{"name":"Åmarken St.","lines":"A, E","arr":["A","E"],"terminus":0,"mode":"tram","color":"#7d2b8b","colorDark":"#45164e","angle":0,"metro":1,"snapDist":21,"label":1}},{"type":"Feature","geometry":{"type":"Point","coordinates":[12.482341,55.629156]},"properties":{"name":"Friheden St.","lines":"A, E","arr":["A","E"],"terminus":0,"mode":"tram","color":"#7d2b8b","colorDark":"#45164e","angle":0,"metro":1,"snapDist":33,"label":1}},{"type":"Feature","geometry":{"type":"Point","coordinates":[12.454063,55.62544]},"properties":{"name":"Avedøre St.","lines":"A, E","arr":["A","E"],"terminus":0,"mode":"tram","color":"#7d2b8b","colorDark":"#45164e","angle":0,"metro":1,"snapDist":31,"label":1}},{"type":"Feature","geometry":{"type":"Point","coordinates":[12.422676,55.621008]},"properties":{"name":"Brøndby Strand St.","lines":"A, E","arr":["A","E"],"terminus":0,"mode":"tram","color":"#7d2b8b","colorDark":"#45164e","angle":0,"metro":1,"snapDist":8,"label":1}},{"type":"Feature","geometry":{"type":"Point","coordinates":[12.388413,55.623485]},"properties":{"name":"Vallensbæk St.","lines":"A, E","arr":["A","E"],"terminus":0,"mode":"tram","color":"#7d2b8b","colorDark":"#45164e","angle":0,"metro":1,"snapDist":26,"label":1}},{"type":"Feature","geometry":{"type":"Point","coordinates":[12.357881,55.613403]},"properties":{"name":"Ishøj St.","lines":"A, E","arr":["A","E"],"terminus":0,"mode":"tram","color":"#7d2b8b","colorDark":"#45164e","angle":0,"metro":1,"snapDist":4,"label":1}},{"type":"Feature","geometry":{"type":"Point","coordinates":[12.33317,55.597542]},"properties":{"name":"Hundige St.","lines":"A, E","arr":["A","E"],"terminus":0,"mode":"tram","color":"#7d2b8b","colorDark":"#45164e","angle":0,"metro":1,"snapDist":17,"label":1}},{"type":"Feature","geometry":{"type":"Point","coordinates":[12.295534,55.581263]},"properties":{"name":"Greve St.","lines":"A, E","arr":["A","E"],"terminus":0,"mode":"tram","color":"#7d2b8b","colorDark":"#45164e","angle":0,"metro":1,"snapDist":7,"label":1}},{"type":"Feature","geometry":{"type":"Point","coordinates":[12.268994,55.56612]},"properties":{"name":"Karlslunde St.","lines":"A, E","arr":["A","E"],"terminus":0,"mode":"tram","color":"#7d2b8b","colorDark":"#45164e","angle":0,"metro":1,"snapDist":21,"label":1}},{"type":"Feature","geometry":{"type":"Point","coordinates":[12.217964,55.533342]},"properties":{"name":"Solrød Strand St.","lines":"A, E","arr":["A","E"],"terminus":0,"mode":"tram","color":"#7d2b8b","colorDark":"#45164e","angle":0,"metro":1,"snapDist":7,"label":1}},{"type":"Feature","geometry":{"type":"Point","coordinates":[12.208437,55.520694]},"properties":{"name":"Jersie St.","lines":"A, E","arr":["A","E"],"terminus":0,"mode":"tram","color":"#7d2b8b","colorDark":"#45164e","angle":0,"metro":1,"snapDist":3,"label":1}},{"type":"Feature","geometry":{"type":"Point","coordinates":[12.174005,55.499216]},"properties":{"name":"Køge Nord St.","lines":"A, E","arr":["A","E"],"terminus":0,"mode":"tram","color":"#7d2b8b","colorDark":"#45164e","angle":0,"metro":1,"snapDist":3,"label":1}},{"type":"Feature","geometry":{"type":"Point","coordinates":[12.175879,55.479812]},"properties":{"name":"Ølby St.","lines":"A, E","arr":["A","E"],"terminus":0,"mode":"tram","color":"#7d2b8b","colorDark":"#45164e","angle":0,"metro":1,"snapDist":10,"label":1}},{"type":"Feature","geometry":{"type":"Point","coordinates":[12.186455,55.457761]},"properties":{"name":"Køge St.","lines":"A, E","arr":["A","E"],"terminus":1,"mode":"tram","color":"#7d2b8b","colorDark":"#45164e","angle":0,"metro":1,"snapDist":25,"label":1}},{"type":"Feature","geometry":{"type":"Point","coordinates":[12.388145,55.851056]},"properties":{"name":"Høvelte St.","lines":"A","arr":["A"],"terminus":0,"mode":"tram","color":"#00A7E3","colorDark":"#005c7d","angle":0,"metro":1,"snapDist":1,"label":1}},{"type":"Feature","geometry":{"type":"Point","coordinates":[12.373693,55.812079]},"properties":{"name":"Farum St.","lines":"B","arr":["B"],"terminus":1,"mode":"tram","color":"#55AB26","colorDark":"#2f5e15","angle":0,"metro":1,"snapDist":11,"label":1}},{"type":"Feature","geometry":{"type":"Point","coordinates":[12.373247,55.782091]},"properties":{"name":"Værløse St.","lines":"B","arr":["B"],"terminus":0,"mode":"tram","color":"#55AB26","colorDark":"#2f5e15","angle":0,"metro":1,"snapDist":7,"label":1}},{"type":"Feature","geometry":{"type":"Point","coordinates":[12.406169,55.766115]},"properties":{"name":"Hareskov St.","lines":"B","arr":["B"],"terminus":0,"mode":"tram","color":"#55AB26","colorDark":"#2f5e15","angle":0,"metro":1,"snapDist":13,"label":1}},{"type":"Feature","geometry":{"type":"Point","coordinates":[12.432238,55.76493]},"properties":{"name":"Skovbrynet St.","lines":"B","arr":["B"],"terminus":0,"mode":"tram","color":"#55AB26","colorDark":"#2f5e15","angle":0,"metro":1,"snapDist":30,"label":1}},{"type":"Feature","geometry":{"type":"Point","coordinates":[12.453519,55.761774]},"properties":{"name":"Bagsværd St.","lines":"B","arr":["B"],"terminus":0,"mode":"tram","color":"#55AB26","colorDark":"#2f5e15","angle":0,"metro":1,"snapDist":11,"label":1}},{"type":"Feature","geometry":{"type":"Point","coordinates":[12.473379,55.75663]},"properties":{"name":"Stengården St.","lines":"B","arr":["B"],"terminus":0,"mode":"tram","color":"#55AB26","colorDark":"#2f5e15","angle":0,"metro":1,"snapDist":16,"label":1}},{"type":"Feature","geometry":{"type":"Point","coordinates":[12.493992,55.747248]},"properties":{"name":"Buddinge St.","lines":"B, Bx","arr":["B","Bx"],"terminus":1,"mode":"tram","color":"#7d2b8b","colorDark":"#45164e","angle":0,"metro":1,"snapDist":15,"label":1}},{"type":"Feature","geometry":{"type":"Point","coordinates":[12.508482,55.744564]},"properties":{"name":"Kildebakke St.","lines":"B, Bx","arr":["B","Bx"],"terminus":0,"mode":"tram","color":"#7d2b8b","colorDark":"#45164e","angle":0,"metro":1,"snapDist":6,"label":1}},{"type":"Feature","geometry":{"type":"Point","coordinates":[12.52332,55.739635]},"properties":{"name":"Vangede St.","lines":"B, Bx","arr":["B","Bx"],"terminus":0,"mode":"tram","color":"#7d2b8b","colorDark":"#45164e","angle":0,"metro":1,"snapDist":3,"label":1}},{"type":"Feature","geometry":{"type":"Point","coordinates":[12.535742,55.732629]},"properties":{"name":"Dyssegård St.","lines":"B, Bx","arr":["B","Bx"],"terminus":0,"mode":"tram","color":"#7d2b8b","colorDark":"#45164e","angle":0,"metro":1,"snapDist":0,"label":1}},{"type":"Feature","geometry":{"type":"Point","coordinates":[12.540876,55.720929]},"properties":{"name":"Emdrup St.","lines":"B, Bx","arr":["B","Bx"],"terminus":0,"mode":"tram","color":"#7d2b8b","colorDark":"#45164e","angle":0,"metro":1,"snapDist":13,"label":1}},{"type":"Feature","geometry":{"type":"Point","coordinates":[12.559606,55.715314]},"properties":{"name":"Ryparken St.","lines":"B, Bx, F","arr":["B","Bx","F"],"terminus":0,"mode":"tram","color":"#7d2b8b","colorDark":"#45164e","angle":0,"metro":1,"snapDist":9,"label":1}},{"type":"Feature","geometry":{"type":"Point","coordinates":[12.53736,55.663291]},"properties":{"name":"Carlsberg St.","lines":"B, Bx, C, H","arr":["B","Bx","C","H"],"terminus":0,"mode":"tram","color":"#7d2b8b","colorDark":"#45164e","angle":0,"metro":1,"snapDist":4,"label":1}},{"type":"Feature","geometry":{"type":"Point","coordinates":[12.514444,55.663822]},"properties":{"name":"Valby St.","lines":"B, Bx, C, H","arr":["B","Bx","C","H"],"terminus":0,"mode":"tram","color":"#7d2b8b","colorDark":"#45164e","angle":0,"metro":1,"snapDist":19,"label":1}},{"type":"Feature","geometry":{"type":"Point","coordinates":[12.493704,55.664275]},"properties":{"name":"Danshøj St.","lines":"B, Bx, F","arr":["B","Bx","F"],"terminus":0,"mode":"tram","color":"#7d2b8b","colorDark":"#45164e","angle":0,"metro":1,"snapDist":2,"label":1}},{"type":"Feature","geometry":{"type":"Point","coordinates":[12.47434,55.664392]},"properties":{"name":"Hvidovre St.","lines":"B, Bx","arr":["B","Bx"],"terminus":0,"mode":"tram","color":"#7d2b8b","colorDark":"#45164e","angle":0,"metro":1,"snapDist":13,"label":1}},{"type":"Feature","geometry":{"type":"Point","coordinates":[12.458634,55.664666]},"properties":{"name":"Rødovre St.","lines":"B, Bx","arr":["B","Bx"],"terminus":0,"mode":"tram","color":"#7d2b8b","colorDark":"#45164e","angle":0,"metro":1,"snapDist":17,"label":1}},{"type":"Feature","geometry":{"type":"Point","coordinates":[12.440205,55.664932]},"properties":{"name":"Brøndbyøster St.","lines":"B, Bx","arr":["B","Bx"],"terminus":0,"mode":"tram","color":"#7d2b8b","colorDark":"#45164e","angle":0,"metro":1,"snapDist":15,"label":1}},{"type":"Feature","geometry":{"type":"Point","coordinates":[12.397919,55.662901]},"properties":{"name":"Glostrup St.","lines":"B, Bx","arr":["B","Bx"],"terminus":0,"mode":"tram","color":"#7d2b8b","colorDark":"#45164e","angle":0,"metro":1,"snapDist":28,"label":1}},{"type":"Feature","geometry":{"type":"Point","coordinates":[12.353167,55.657917]},"properties":{"name":"Albertslund St.","lines":"B, Bx","arr":["B","Bx"],"terminus":0,"mode":"tram","color":"#7d2b8b","colorDark":"#45164e","angle":0,"metro":1,"snapDist":14,"label":1}},{"type":"Feature","geometry":{"type":"Point","coordinates":[12.302185,55.652383]},"properties":{"name":"Taastrup St.","lines":"B, Bx","arr":["B","Bx"],"terminus":0,"mode":"tram","color":"#7d2b8b","colorDark":"#45164e","angle":0,"metro":1,"snapDist":18,"label":1}},{"type":"Feature","geometry":{"type":"Point","coordinates":[12.269617,55.648767]},"properties":{"name":"Høje Taastrup St.","lines":"B, Bx","arr":["B","Bx"],"terminus":1,"mode":"tram","color":"#7d2b8b","colorDark":"#45164e","angle":0,"metro":1,"snapDist":12,"label":1}},{"type":"Feature","geometry":{"type":"Point","coordinates":[12.587785,55.77739]},"properties":{"name":"Klampenborg St.","lines":"C, F","arr":["C","F"],"terminus":1,"mode":"tram","color":"#7d2b8b","colorDark":"#45164e","angle":0,"metro":1,"snapDist":7,"label":1}},{"type":"Feature","geometry":{"type":"Point","coordinates":[12.583783,55.763046]},"properties":{"name":"Ordrup St.","lines":"C, F","arr":["C","F"],"terminus":0,"mode":"tram","color":"#7d2b8b","colorDark":"#45164e","angle":0,"metro":1,"snapDist":9,"label":1}},{"type":"Feature","geometry":{"type":"Point","coordinates":[12.572393,55.751764]},"properties":{"name":"Charlottenlund St.","lines":"C, F","arr":["C","F"],"terminus":0,"mode":"tram","color":"#7d2b8b","colorDark":"#45164e","angle":0,"metro":1,"snapDist":18,"label":1}},{"type":"Feature","geometry":{"type":"Point","coordinates":[12.504153,55.667038]},"properties":{"name":"Langgade St.","lines":"C, H","arr":["C","H"],"terminus":0,"mode":"tram","color":"#7d2b8b","colorDark":"#45164e","angle":0,"metro":1,"snapDist":5,"label":1}},{"type":"Feature","geometry":{"type":"Point","coordinates":[12.503519,55.6786]},"properties":{"name":"Peter Bangs Vej St.","lines":"C, H","arr":["C","H"],"terminus":0,"mode":"tram","color":"#7d2b8b","colorDark":"#45164e","angle":0,"metro":1,"snapDist":5,"label":1}},{"type":"Feature","geometry":{"type":"Point","coordinates":[12.498638,55.685448]},"properties":{"name":"Flintholm St.","lines":"C, F, H","arr":["C","F","H"],"terminus":0,"mode":"tram","color":"#7d2b8b","colorDark":"#45164e","angle":0,"metro":1,"snapDist":2,"label":1}},{"type":"Feature","geometry":{"type":"Point","coordinates":[12.49057,55.687307]},"properties":{"name":"Vanløse St.","lines":"C, H","arr":["C","H"],"terminus":0,"mode":"tram","color":"#7d2b8b","colorDark":"#45164e","angle":0,"metro":1,"snapDist":6,"label":1}},{"type":"Feature","geometry":{"type":"Point","coordinates":[12.477146,55.690767]},"properties":{"name":"Jyllingevej St.","lines":"C, H","arr":["C","H"],"terminus":0,"mode":"tram","color":"#7d2b8b","colorDark":"#45164e","angle":0,"metro":1,"snapDist":6,"label":1}},{"type":"Feature","geometry":{"type":"Point","coordinates":[12.469222,55.699507]},"properties":{"name":"Islev St.","lines":"C, H","arr":["C","H"],"terminus":0,"mode":"tram","color":"#7d2b8b","colorDark":"#45164e","angle":0,"metro":1,"snapDist":10,"label":1}},{"type":"Feature","geometry":{"type":"Point","coordinates":[12.46398,55.709392]},"properties":{"name":"Husum St.","lines":"C, H","arr":["C","H"],"terminus":0,"mode":"tram","color":"#7d2b8b","colorDark":"#45164e","angle":0,"metro":1,"snapDist":4,"label":1}},{"type":"Feature","geometry":{"type":"Point","coordinates":[12.443628,55.718873]},"properties":{"name":"Herlev St.","lines":"C, H","arr":["C","H"],"terminus":0,"mode":"tram","color":"#7d2b8b","colorDark":"#45164e","angle":0,"metro":1,"snapDist":6,"label":1}},{"type":"Feature","geometry":{"type":"Point","coordinates":[12.403582,55.722926]},"properties":{"name":"Skovlunde St.","lines":"C, H","arr":["C","H"],"terminus":0,"mode":"tram","color":"#7d2b8b","colorDark":"#45164e","angle":0,"metro":1,"snapDist":18,"label":1}},{"type":"Feature","geometry":{"type":"Point","coordinates":[12.386034,55.724651]},"properties":{"name":"Malmparken St.","lines":"C, H","arr":["C","H"],"terminus":0,"mode":"tram","color":"#7d2b8b","colorDark":"#45164e","angle":0,"metro":1,"snapDist":2,"label":1}},{"type":"Feature","geometry":{"type":"Point","coordinates":[12.358257,55.729805]},"properties":{"name":"Ballerup St.","lines":"C, H","arr":["C","H"],"terminus":1,"mode":"tram","color":"#7d2b8b","colorDark":"#45164e","angle":0,"metro":1,"snapDist":9,"label":1}},{"type":"Feature","geometry":{"type":"Point","coordinates":[12.318123,55.747358]},"properties":{"name":"Måløv St.","lines":"C","arr":["C"],"terminus":0,"mode":"tram","color":"#F29400","colorDark":"#855100","angle":0,"metro":1,"snapDist":19,"label":1}},{"type":"Feature","geometry":{"type":"Point","coordinates":[12.286618,55.751927]},"properties":{"name":"Kildedal St.","lines":"C","arr":["C"],"terminus":0,"mode":"tram","color":"#F29400","colorDark":"#855100","angle":0,"metro":1,"snapDist":3,"label":1}},{"type":"Feature","geometry":{"type":"Point","coordinates":[12.238383,55.749967]},"properties":{"name":"Veksø St.","lines":"C","arr":["C"],"terminus":0,"mode":"tram","color":"#F29400","colorDark":"#855100","angle":0,"metro":1,"snapDist":27,"label":1}},{"type":"Feature","geometry":{"type":"Point","coordinates":[12.190203,55.766333]},"properties":{"name":"Stenløse St.","lines":"C","arr":["C"],"terminus":0,"mode":"tram","color":"#F29400","colorDark":"#855100","angle":0,"metro":1,"snapDist":26,"label":1}},{"type":"Feature","geometry":{"type":"Point","coordinates":[12.185388,55.779941]},"properties":{"name":"Egedal St.","lines":"C","arr":["C"],"terminus":0,"mode":"tram","color":"#F29400","colorDark":"#855100","angle":0,"metro":1,"snapDist":6,"label":1}},{"type":"Feature","geometry":{"type":"Point","coordinates":[12.159684,55.795614]},"properties":{"name":"Ølstykke St.","lines":"C","arr":["C"],"terminus":0,"mode":"tram","color":"#F29400","colorDark":"#855100","angle":0,"metro":1,"snapDist":3,"label":1}},{"type":"Feature","geometry":{"type":"Point","coordinates":[12.115238,55.810302]},"properties":{"name":"Vinge St.","lines":"C","arr":["C"],"terminus":0,"mode":"tram","color":"#F29400","colorDark":"#855100","angle":0,"metro":1,"snapDist":4,"label":1}},{"type":"Feature","geometry":{"type":"Point","coordinates":[12.065426,55.835752]},"properties":{"name":"Frederikssund St.","lines":"C","arr":["C"],"terminus":1,"mode":"tram","color":"#F29400","colorDark":"#855100","angle":0,"metro":1,"snapDist":15,"label":1}},{"type":"Feature","geometry":{"type":"Point","coordinates":[12.541515,55.706391]},"properties":{"name":"Bispebjerg St.","lines":"F","arr":["F"],"terminus":0,"mode":"tram","color":"#FCC300","colorDark":"#8b6b00","angle":0,"metro":1,"snapDist":9,"label":1}},{"type":"Feature","geometry":{"type":"Point","coordinates":[12.537808,55.700847]},"properties":{"name":"Nørrebro St.","lines":"F","arr":["F"],"terminus":0,"mode":"tram","color":"#FCC300","colorDark":"#8b6b00","angle":0,"metro":1,"snapDist":0,"label":1}},{"type":"Feature","geometry":{"type":"Point","coordinates":[12.527385,55.69542]},"properties":{"name":"Fuglebakken St.","lines":"F","arr":["F"],"terminus":0,"mode":"tram","color":"#FCC300","colorDark":"#8b6b00","angle":0,"metro":1,"snapDist":1,"label":1}},{"type":"Feature","geometry":{"type":"Point","coordinates":[12.5159,55.690811]},"properties":{"name":"Grøndal St.","lines":"F","arr":["F"],"terminus":0,"mode":"tram","color":"#FCC300","colorDark":"#8b6b00","angle":0,"metro":1,"snapDist":11,"label":1}},{"type":"Feature","geometry":{"type":"Point","coordinates":[12.492291,55.677963]},"properties":{"name":"KB Hallen St.","lines":"F","arr":["F"],"terminus":0,"mode":"tram","color":"#FCC300","colorDark":"#8b6b00","angle":0,"metro":1,"snapDist":2,"label":1}},{"type":"Feature","geometry":{"type":"Point","coordinates":[12.493096,55.672329]},"properties":{"name":"Ålholm St.","lines":"F","arr":["F"],"terminus":0,"mode":"tram","color":"#FCC300","colorDark":"#8b6b00","angle":0,"metro":1,"snapDist":1,"label":1}},{"type":"Feature","geometry":{"type":"Point","coordinates":[12.498676,55.65989]},"properties":{"name":"Vigerslev Alle St.","lines":"F","arr":["F"],"terminus":0,"mode":"tram","color":"#FCC300","colorDark":"#8b6b00","angle":0,"metro":1,"snapDist":1,"label":1}}]}